,timestep,location_0_x,location_0_y,location_1_x,location_1_y,location_2_x,location_2_y,location_3_x,location_3_y,location_4_x,location_4_y,location_5_x,location_5_y,location_6_x,location_6_y,location_7_x,location_7_y,location_8_x,location_8_y
0,2200,34.75463849,0.498053509,48.36917834,3.520715633,62.28914763,3.500089516,35.9303481,3.501186942,60.80935796,3.512314818,33.47765151,3.504551658,39.21199838,0.498053509,39.15351795,3.514320227,35.74652696,0.49009441
1,2200.05,34.47641951,0.498053509,48.36703435,3.520715633,62.53680573,3.500089516,35.67101669,3.501186942,61.02207878,3.512314818,33.19321792,3.504551658,38.99875946,0.498053509,38.95705283,3.514320227,35.50244034,0.49009441
2,2200.1,34.19602761,0.498053509,48.36706329,3.520715633,62.78663676,3.500089516,35.40972078,3.501186942,61.23697252,3.512314818,32.9066114,3.504551658,38.7833476,0.498053509,38.75841479,3.514320227,35.25618078,0.49009441
3,2200.15,33.91346279,0.498053509,48.36894963,3.520715633,63.03864072,3.500089516,35.14625195,3.501186942,61.45403919,3.512314818,32.61783195,3.504551658,38.56576281,0.498053509,38.55760382,3.514320227,35.0077483,0.49009441
4,2200.2,33.62872503,0.498053509,48.37206229,3.520715633,63.29281761,3.500089516,34.88094008,3.501186942,61.67327879,3.512314818,32.32687957,3.504551658,38.3460051,0.498053509,38.35465446,3.514320227,34.75714289,0.49009441
5,2200.25,33.34181434,0.498053509,48.37734789,3.520715633,63.54916742,3.500089516,34.61444494,3.501186942,61.89469132,3.512314818,32.03375426,3.504551658,38.12407446,0.498053509,38.14963579,3.514320227,34.50436455,0.49009441
6,2200.3,33.05273073,0.498053509,48.38416194,3.520715633,63.80769016,3.500089516,34.34626929,3.501186942,62.11827678,3.512314818,31.73845603,3.504551658,37.89997089,0.498053509,37.9424442,3.514320227,34.24941328,0.49009441
7,2200.35,32.76147419,0.498053509,48.39120609,3.520715633,64.06838584,3.500089516,34.07739798,3.501186942,62.34403516,3.512314818,31.44098486,3.504551658,37.67369439,0.498053509,37.73307967,3.514320227,33.99228908,0.49009441
8,2200.4,32.46804471,0.498053509,48.39930844,3.520715633,64.33125444,3.500089516,33.80635374,3.501186942,62.57196648,3.512314818,31.14134077,3.504551658,37.44524496,0.498053509,37.52154222,3.514320227,33.73299196,0.49009441
9,2200.45,32.17244231,0.498053509,48.40615924,3.520715633,64.59629596,3.500089516,33.53313658,3.501186942,62.80207072,3.512314818,30.83952375,3.504551658,37.2146226,0.498053509,37.30783183,3.514320227,33.4715219,0.49009441
10,2200.5,31.87466699,0.498053509,48.41460215,3.520715633,64.86351042,3.500089516,33.25774649,3.501186942,63.03434789,3.512314818,30.5355338,3.504551658,36.98182732,0.498053509,37.09194852,3.514320227,33.20787892,0.49009441
11,2200.55,31.57471873,0.498053509,48.42477686,3.520715633,65.13289781,3.500089516,32.98018346,3.501186942,63.26879799,3.512314818,30.22937092,3.504551658,36.74685911,0.498053509,36.87389228,3.514320227,32.94206301,0.49009441
12,2200.6,31.27259754,0.498053509,48.43642708,3.520715633,65.40445812,3.500089516,32.70044751,3.501186942,63.50542102,3.512314818,29.92103511,3.504551658,36.50971796,0.498053509,36.65366311,3.514320227,32.67407417,0.49009441
13,2200.65,30.96830343,0.498053509,48.44981768,3.520715633,65.67819136,3.500089516,32.41853863,3.501186942,63.74421698,3.512314818,29.61052638,3.504551658,36.27040389,0.498053509,36.43126102,3.514320227,32.4039124,0.49009441
14,2200.7,30.66183639,0.498053509,48.46479898,3.520715633,65.95409754,3.500089516,32.13445683,3.501186942,63.98518586,3.512314818,29.29784472,3.504551658,36.02891689,0.498053509,36.20668599,3.514320227,32.1315777,0.49009441
15,2200.75,30.35319642,0.498053509,48.47940679,3.520715633,66.23217664,3.500089516,31.84820209,3.501186942,64.22832768,3.512314818,28.98299012,3.504551658,35.78525697,0.498053509,35.97993804,3.514320227,31.85707007,0.49009441
16,2200.8,30.04238352,0.498053509,48.49341518,3.520715633,66.51242866,3.500089516,31.55977443,3.501186942,64.47364242,3.512314818,28.6659626,3.504551658,35.53942411,0.498053509,35.75101715,3.514320227,31.58038952,0.49009441
17,2200.85,29.72939769,0.498053509,48.50769811,3.520715633,66.79485362,3.500089516,31.26917383,3.501186942,64.72113009,3.512314818,28.34676215,3.504551658,35.29141833,0.498053509,35.51992334,3.514320227,31.30153604,0.49009441
18,2200.9,29.41423893,0.498053509,48.52136113,3.520715633,67.07945151,3.500089516,30.97640031,3.501186942,64.97079069,3.512314818,28.02538877,3.504551658,35.04123961,0.498053509,35.2866566,3.514320227,31.02050963,0.49009441
19,2200.95,29.09690725,0.498053509,48.53558491,3.520715633,67.36622232,3.500089516,30.68145386,3.501186942,65.22262422,3.512314818,27.70184247,3.504551658,34.78888797,0.498053509,35.05140427,3.514320227,30.73731029,0.49009441
20,2201,28.77740263,0.498053509,48.55125554,3.520715633,67.65516606,3.500089516,30.38433448,3.501186942,65.47663067,3.512314818,27.37612323,3.504551658,34.5343634,0.498053509,34.81454099,3.514320227,30.45193802,0.49009441
21,2201.05,28.45572509,0.498053509,48.56799318,3.520715633,67.94628273,3.500089516,30.08504218,3.501186942,65.73281006,3.512314818,27.04823107,3.504551658,34.2776659,0.498053509,34.57550479,3.514320227,30.16439282,0.49009441
22,2201.1,28.13187462,0.498053509,48.58333557,3.520715633,68.23957233,3.500089516,29.78357694,3.501186942,65.99116237,3.512314818,26.71816598,3.504551658,34.01879547,0.498053509,34.33429566,3.514320227,29.8746747,0.49009441
23,2201.15,27.80585122,0.498053509,48.59899193,3.520715633,68.53503486,3.500089516,29.47993878,3.501186942,66.25168762,3.512314818,26.38592796,3.504551658,33.75775212,0.498053509,34.0909136,3.514320227,29.58278364,0.49009441
24,2201.2,27.47765489,0.498053509,48.61348989,3.520715633,68.83267032,3.500089516,29.17412768,3.501186942,66.51438579,3.512314818,26.05151701,3.504551658,33.49453583,0.498053509,33.84535861,3.514320227,29.28871966,0.49009441
25,2201.25,27.14728564,0.498053509,48.62823768,3.520715633,69.1324787,3.500089516,28.86614366,3.501186942,66.77925688,3.512314818,25.71493313,3.504551658,33.22914662,0.498053509,33.5976307,3.514320227,28.99248275,0.49009441
26,2201.3,26.81474345,0.498053509,48.64395961,3.520715633,69.43446002,3.500089516,28.55598671,3.501186942,67.04630091,3.512314818,25.37617632,3.504551658,32.96158448,0.498053509,33.34772985,3.514320227,28.69407291,0.49009441
27,2201.35,26.48002834,0.498053509,48.66116062,3.520715633,69.73861426,3.500089516,28.24365683,3.501186942,67.31551787,3.512314818,25.03524659,3.504551658,32.69184941,0.498053509,33.09565608,3.514320227,28.39349014,0.49009441
28,2201.4,26.1431403,0.498053509,48.68037778,3.520715633,70.04494143,3.500089516,27.92915403,3.501186942,67.58690775,3.512314818,24.69214393,3.504551658,32.41994141,0.498053509,32.84140938,3.514320227,28.09073444,0.49009441
29,2201.45,48.99945677,0.999456768,49.00003444,2.000543232,49.00054323,3.000543232,49.99945677,1.000543232,50.00054323,2.000543232,49.99945677,3.000543232,50.99945677,0.999456768,50.99945677,2.000543232,50.99945677,2.999456768
30,2201.5,48.99674061,0.996740607,49.000531,2.003259393,49.00325939,3.003259393,49.99674061,1.003259393,50.00325939,2.003259393,49.99674061,3.003259393,50.99674061,0.996740607,50.99674061,2.003259393,50.99674061,2.996740607
31,2201.55,48.99185152,0.991851518,49.00193812,2.008148482,49.00814848,3.008148482,49.99185152,1.008148482,50.00814848,2.008148482,49.99185152,3.008148482,50.99185152,0.991851518,50.99185152,2.008148482,50.99185152,2.991851518
32,2201.6,48.9847895,0.9847895,49.00230457,2.0152105,49.0152105,3.0152105,49.9847895,1.0152105,50.0152105,2.0152105,49.9847895,3.0152105,50.9847895,0.9847895,50.9847895,2.0152105,50.9847895,2.9847895
33,2201.65,48.97555455,0.975554554,49.00141687,2.024445446,49.02444545,3.024445446,49.97555455,1.024445446,50.02444545,2.024445446,49.97555455,3.024445446,50.97555455,0.975554554,50.97604346,2.024445446,50.97555455,2.975554554
34,2201.7,48.96414668,0.964146679,49.00187955,2.035853321,49.03585332,3.035853321,49.96414668,1.035853321,50.03585332,2.035853321,49.96414668,3.035853321,50.96414668,0.964146679,50.96659119,2.035853321,50.96414668,2.964146679
35,2201.75,48.95056588,0.950565876,49.00273023,2.049434124,49.04943412,3.049434124,49.95056588,1.049434124,50.04943412,2.049434124,49.95056588,3.049434124,50.95056588,0.950565876,50.954966,2.049434124,50.95056588,2.950565876
36,2201.8,48.93481214,0.934812144,49.00295466,2.065187856,49.06518786,3.065187856,49.93481214,1.065187856,50.06518786,2.065187856,49.93481214,3.065187856,50.93481214,0.934812144,50.94116787,2.065187856,50.93481214,2.934812144
37,2201.85,48.91688548,0.916930042,49.00439237,2.083114516,49.08311452,3.083114516,49.91688548,1.083114516,50.08311452,2.083114516,49.91688548,3.083114516,50.91688548,0.916885484,50.92519682,2.083114516,50.91688548,2.916885484
38,2201.9,48.89678589,0.897008685,49.00752051,2.103214105,49.10321411,3.103214105,49.89678589,1.103214105,50.10321411,2.103214105,49.89678589,3.103214105,50.89678589,0.896785895,50.9077034,2.103214105,50.89678589,2.896785895
39,2201.95,48.87451338,0.874914399,49.01105508,2.125486623,49.12548662,3.125486623,49.87451338,1.125486623,50.12548662,2.125486623,49.87451338,3.125486623,50.87451338,0.874513377,50.88998874,2.125486623,50.87451338,2.874513377
40,2202,48.85006793,0.850647185,49.01471921,2.149932069,49.14993207,3.149932069,49.85006793,1.149932069,50.14993207,2.149932069,49.85006793,3.149932069,50.85006793,0.850067931,50.87010116,2.149932069,50.85006793,2.850067931
41,2202.05,48.82344956,0.824207042,49.01621041,2.176550443,49.1759984,3.1759984,49.82344956,1.176550443,50.17655044,2.176550443,49.82291714,3.175944371,50.82344956,0.823449557,50.84697247,2.175482271,50.82289822,2.822898223
42,2202.1,48.79465825,0.795593971,49.01633283,2.205341746,49.20202721,3.202027213,49.79465825,1.205341746,50.20478609,2.204786088,49.79146485,3.201780093,50.79465825,0.794658254,50.81740374,2.198938289,50.79134974,2.791349738
43,2202.15,48.76369402,0.764807972,49.01778122,2.236305978,49.22801043,3.228010432,49.76369402,1.236305978,50.23296666,2.232966662,49.75571591,3.22766501,50.76369402,0.763694022,50.78141871,2.220323864,50.75542226,2.755422257
44,2202.2,48.73055686,0.731849043,49.02140254,2.269443138,49.25394278,3.253942776,49.73055686,1.269443138,50.26106742,2.261067419,49.71567645,3.25360527,50.73055686,0.730556862,50.7390478,2.239669413,50.71435526,2.714355262
45,2202.25,48.69524677,0.696717187,49.02681982,2.304753227,49.27981768,3.279817678,49.69524677,1.304753227,50.28828086,2.288280855,49.67135433,3.279608731,50.69524677,0.695246773,50.69033284,2.257016777,50.66585973,2.66585973
46,2202.3,48.65776376,0.659412401,49.03301885,2.342236244,49.30562659,3.30562659,49.65776376,1.342236244,50.31235737,2.312357367,49.62276018,3.305686015,50.65776376,0.657763756,50.63544845,2.272427401,50.60995199,2.609951986
47,2202.35,48.61810781,0.619934688,49.04044378,2.381892189,49.33135765,3.331357647,49.61810781,1.381892189,50.33344659,2.333446585,49.56990957,3.331852699,50.61810781,0.618107811,50.57471756,2.285997904,50.54664579,2.546645788
48,2202.4,48.57627894,0.578284045,49.049543,2.423721064,49.35699272,3.356992719,49.57627894,1.423721064,50.3511083,2.351108299,49.51282858,3.358134852,50.57627894,0.576278936,50.5079707,2.297898289,50.47595686,2.475956856
49,2202.45,48.53227713,0.534460475,49.06030485,2.467722866,49.38249904,3.382499042,49.53227713,1.467722866,50.36519203,2.365192028,49.45157436,3.384589642,50.53227713,0.532277134,50.43556281,2.308483506,50.39789141,2.397891406
50,2202.5,48.4861024,0.500370524,49.07114426,2.513897598,49.40778765,3.407787646,49.4861024,1.513897598,50.37548413,2.375484126,49.38664574,3.411715881,50.4861024,0.498053509,50.35850734,2.318767001,50.31393867,2.313938669
51,2202.55,48.43775474,0.500370524,49.0821491,2.562245257,49.43373864,3.433738641,49.43775474,1.562245257,50.38376996,2.383769962,49.31994997,3.441420832,50.43775474,0.498053509,50.28012317,2.332067654,50.22961509,2.229615093
52,2202.6,48.38723415,0.500370524,49.09400308,2.612765846,49.46355325,3.46355325,49.38723415,1.612765846,50.39651535,2.396515353,49.25341958,3.47563701,50.38723415,0.498053509,50.20533055,2.353305703,50.14805878,2.148058781
53,2202.65,48.33454064,0.500370524,49.10688571,2.665459363,49.49762086,3.497620864,49.33454064,1.665459363,50.41558214,2.415582139,49.18694599,3.503781593,50.33454064,0.498053509,50.13348051,2.381832205,50.06934928,2.069349281
54,2202.7,48.27967419,0.500370524,49.12092011,2.720325808,49.53601544,3.506948415,49.27967419,1.720325808,50.44140903,2.441409026,49.12049569,3.503781593,50.27967419,0.498053509,50.06445462,2.417420627,49.9935173,1.993517299
55,2202.75,48.22263482,0.500370524,49.13406397,2.777365182,49.57874563,3.506948415,49.22263482,1.777365182,50.4740071,2.474007096,49.05406232,3.503781593,50.22263482,0.498053509,49.9983386,2.459940538,49.91982497,1.919824965
56,2202.8,48.16342252,0.500370524,49.14916799,2.836577485,49.62580665,3.506948415,49.16342252,1.836577485,50.51243998,2.512439977,48.98717121,3.503781593,50.16342252,0.498053509,49.9353335,2.509308459,49.84599625,1.845996253
57,2202.85,48.10203728,0.500370524,49.16647161,2.898627709,49.67720148,3.506948415,49.10203728,1.897962716,50.55326285,2.553262848,48.91800064,3.503781593,50.10203728,0.498053509,49.87659753,2.565465071,49.77163503,1.771635028
58,2202.9,48.03847912,0.500370524,49.18847162,2.9655647,49.73239115,3.506948415,49.03847912,1.961520875,50.59835992,2.59835992,48.84536479,3.503781593,50.03847912,0.498053509,49.81912379,2.627229768,49.69510087,1.695100874
59,2202.95,47.97274804,0.500370524,49.21447123,3.0375884,49.78975374,3.506948415,48.97274804,2.027251963,50.64723658,2.647236583,48.76927192,3.503781593,49.97274804,0.498053509,49.75975311,2.691443393,49.61639379,1.616393792
60,2203,47.90484402,0.500370524,49.24334993,3.114065898,49.84855642,3.506948415,48.90484402,2.09515598,50.69828618,2.698286176,48.68991479,3.503781593,49.90484402,0.498053509,49.69897373,2.758594169,49.53551378,1.535513781
61,2203.05,47.83476708,0.500370524,49.27500669,3.193469763,49.9066614,3.506948415,48.83476708,2.165232925,50.7515087,2.751508696,48.60881803,3.503781593,49.83476708,0.498053509,49.63588551,2.82778196,49.45246084,1.452460841
62,2203.1,47.7625172,0.500370524,49.31076005,3.277174822,49.96422563,3.506948415,48.76305913,2.237482799,50.80690415,2.806904145,48.52610065,3.503781593,49.7625172,0.498053509,49.57092028,2.899438596,49.36723497,1.367234973
63,2203.15,47.6880944,0.500370524,49.34844555,3.362839396,50.02124874,3.506948415,48.69080406,2.311905601,50.86447252,2.864472523,48.44121034,3.503781593,49.6880944,0.498053509,49.50445839,2.973944434,49.27983618,1.279836177
64,2203.2,47.61149867,0.500370524,49.38730126,3.450567157,50.07879939,3.506948415,48.61637607,2.388501331,50.92421383,2.924213829,48.3541471,3.503781593,49.61149867,0.498053509,49.43777782,3.052068511,49.19026445,1.190264452
65,2203.25,47.53273001,0.500370524,49.42569079,3.517790441,50.13910258,3.506948415,48.53981734,2.467269991,50.98612806,2.986128064,48.26491093,3.503781593,49.53273001,0.498053509,49.37274936,3.134663726,49.0985198,1.098519798
66,2203.3,47.45178842,0.500370524,49.4649145,3.517790441,50.20133217,3.506948415,48.46121231,2.548211579,51.05021523,3.050215227,48.17350183,3.503781593,49.45178842,0.498053509,49.30788585,3.221769751,49.00472454,1.004724542
67,2203.35,47.36867391,0.500370524,49.50603907,3.517790441,50.26573469,3.506948415,48.38043435,2.631326095,51.11647532,3.116475319,48.07991981,3.503781593,49.36858947,0.498053509,49.24344386,3.313643152,48.90916541,0.909165409
68,2203.4,47.28338646,0.500370524,49.54762261,3.517790441,50.33231014,3.506948415,48.29748346,2.71661354,51.18490834,3.18490834,47.98416485,3.503781593,49.28296965,0.498053509,49.178964,3.409824539,48.81150125,0.811501254
69,2203.45,47.19592609,0.500370524,49.59180492,3.517790441,50.40105851,3.506948415,48.21235964,2.804073913,51.25551429,3.255514289,47.88623697,3.503781593,49.19531014,0.498053509,49.11479395,3.484588148,48.71130741,0.711307414
70,2203.5,47.10629278,0.500370524,49.63967682,3.517790441,50.47197982,3.506948415,48.12506289,2.893707215,51.32829317,3.328293166,47.7854128,3.503781593,49.10608084,0.498053509,49.05072725,3.485580595,48.60807021,0.608070214
71,2203.55,47.01448655,0.500370524,49.69105259,3.517790441,50.54507405,3.506948415,48.03632634,2.98624657,51.40324497,3.403244972,47.6795023,3.503781593,49.01583312,0.498053509,48.98607814,3.490336484,48.50121275,0.501212751
72,2203.6,46.9205074,0.500370524,49.74475164,3.517790441,50.62034121,3.506948415,47.94836952,3.083911519,51.48036971,3.480369706,47.56842699,3.503781593,48.92515105,0.498053509,48.91998472,3.497993921,48.3901954,0.473736742
73,2203.65,46.82435531,0.500370524,49.79908513,3.517790441,50.6977813,3.506948415,47.86126707,3.186776689,51.55966737,3.500058314,47.45212574,3.503781593,48.83448424,0.498053509,48.85171836,3.500315705,48.27472597,0.473736742
74,2203.7,46.72603029,0.500370524,49.85473959,3.517790441,50.77739432,3.506948415,47.77505224,3.294875331,51.64113796,3.500058314,47.33061268,3.503781593,48.74392131,0.498053509,48.78127908,3.500315705,48.15480928,0.473736742
75,2203.75,46.62553235,0.500370524,49.91256697,3.517790441,50.85918026,3.506948415,47.68964032,3.408122748,51.72478148,3.500058314,47.20406568,3.503781593,48.65345723,0.498053509,48.70866687,3.500315705,48.03045051,0.473736742
76,2203.8,46.52286147,0.500370524,49.97212444,3.517790441,50.94313914,3.506948415,47.60474509,3.49585774,51.81059793,3.500058314,47.07284353,3.503781593,48.56308668,0.498053509,48.63388173,3.500315705,47.90165508,0.473736742
77,2203.85,46.41801767,0.500370524,50.03218522,3.517790441,51.02927094,3.506948415,47.5199891,3.496952926,51.89858731,3.500058314,46.93724086,3.503781593,48.47280421,0.498053509,48.55692367,3.500315705,47.76842844,0.473736742
78,2203.9,46.31100094,0.500370524,50.09306883,3.517790441,51.11757567,3.506948415,47.43526392,3.500238481,51.98874961,3.500058314,46.79726747,3.503781593,48.38260437,0.498053509,48.4779363,3.500315705,47.63077598,0.473736742
79,2203.95,46.20181128,0.500370524,50.15447046,3.517790441,51.20805333,3.506948415,47.35055588,3.500238481,52.08108485,3.500058314,46.65293501,3.503781593,48.29192027,0.498053509,48.39720691,3.500315705,47.4892639,0.473736742
80,2204,46.0904487,0.500370524,50.21602139,3.517790441,51.30070392,3.506948415,47.26586044,3.500238481,52.17559301,3.500058314,46.50424469,3.503781593,48.19906323,0.498053509,48.3143046,3.500315705,47.3455789,0.473736742
81,2204.05,45.97691318,0.500370524,50.27959921,3.517790441,51.39552744,3.506948415,47.18063056,3.500238481,52.2722741,3.500058314,46.35174335,3.503781593,48.10403327,0.498053509,48.22922935,3.500315705,47.19972096,0.473736742
82,2204.1,45.86120474,0.500370524,50.34491182,3.517790441,51.49252389,3.506948415,47.09322775,3.500238481,52.37112812,3.500058314,46.19706908,3.503781593,48.00683038,0.498053509,48.14198117,3.500315705,47.05169009,0.473736742
83,2204.15,45.74332336,0.500370524,50.41184434,3.517790441,51.59169326,3.506948415,47.00365201,3.500238481,52.47215507,3.500058314,46.04022188,3.503781593,47.90745457,0.498053509,48.05256007,3.500315705,46.9014863,0.473736742
84,2204.2,45.62326906,0.500370524,50.47890401,3.517790441,51.69303556,3.506948415,46.91190334,3.500238481,52.57535495,3.500058314,45.88120176,3.503781593,47.80590582,0.498053509,47.96096604,3.500315705,46.74910958,0.473736742
85,2204.25,45.50104183,0.500370524,50.54674014,3.517790441,51.79655079,3.506948415,46.81798174,3.500238481,52.68072775,3.500058314,45.72000871,3.503781593,47.70218414,0.498053509,47.86719908,3.500315705,46.59455993,0.473736742
86,2204.3,45.37664167,0.500370524,50.61604057,3.517790441,51.90223895,3.506948415,46.72188722,3.500238481,52.78827349,3.500058314,45.55664273,3.503781593,47.59628954,0.498053509,47.77125919,3.500315705,46.43783735,0.473736742
87,2204.35,45.25006859,0.500370524,50.68751393,3.517790441,52.01010004,3.506948415,46.62361976,3.500238481,52.89799215,3.500058314,45.39110382,3.503781593,47.48822201,0.498053509,47.67314637,3.500315705,46.27894184,0.473736742
88,2204.4,45.12132257,0.500370524,50.76116022,3.517790441,52.12013406,3.506948415,46.52317938,3.500238481,53.00988374,3.500058314,45.22339198,3.503781593,47.37798155,0.498053509,47.57286062,3.500315705,46.1178734,0.473736742
89,2204.45,44.99040363,0.500370524,50.83697944,3.517790441,52.23234101,3.506948415,46.42056607,3.500238481,53.12394826,3.500058314,45.05350721,3.503781593,47.26556816,0.498053509,47.47040195,3.500315705,45.95463204,0.473736742
90,2204.5,44.85731176,0.500370524,50.91497159,3.517790441,52.34672088,3.506948415,46.31577983,3.500238481,53.24018571,3.500058314,44.88144952,3.503781593,47.15098184,0.498053509,47.36577034,3.500315705,45.78921774,0.473736742
91,2204.55,44.72204695,0.500370524,50.99496795,3.517790441,52.46327368,3.506948415,46.20882066,3.500238481,53.35859608,3.500058314,44.70721889,3.503781593,47.03422259,0.498053509,47.25896581,3.500315705,45.62163052,0.473736742
92,2204.6,44.58460922,0.500370524,51.0766311,3.517790441,52.58199941,3.506948415,46.09968856,3.500238481,53.47917939,3.500058314,44.53081534,3.503781593,46.91529042,0.498053509,47.14998835,3.500315705,45.45187037,0.473736742
93,2204.65,44.44499857,0.500370524,51.1601264,3.517790441,52.70289807,3.506948415,45.98838354,3.500238481,53.60193562,3.500058314,44.35223886,3.503781593,46.79418531,0.498053509,47.03883796,3.500315705,45.27993729,0.473736742
94,2204.7,44.30321498,0.500370524,51.24464055,3.517790441,52.82596966,3.506948415,45.87490558,3.500238481,53.72686478,3.500058314,44.17148945,3.503781593,46.67090728,0.498053509,46.92551464,3.500315705,45.10583128,0.473736742
95,2204.75,44.15925846,0.500370524,51.33093233,3.517790441,52.95121418,3.506948415,45.7592547,3.500238481,53.85396687,3.500058314,43.98856711,3.503781593,46.54545632,0.498053509,46.8100184,3.500315705,44.92955235,0.473736742
96,2204.8,44.01312902,0.500370524,51.41939703,3.517790441,53.07863162,3.506948415,45.64143089,3.500238481,53.98324189,3.500058314,43.80347184,3.503781593,46.41783243,0.498053509,46.69234922,3.500315705,44.75110048,0.473736742
97,2204.85,43.86482665,0.500370524,51.51003466,3.517790441,53.208222,3.506948415,45.52143415,3.500238481,54.11468984,3.500058314,43.61620365,3.503781593,46.28803561,0.498053509,46.57250712,3.500315705,44.57047569,0.473736742
98,2204.9,43.71435135,0.500370524,51.60262486,3.517790441,53.3399853,3.506948415,45.39926448,3.500238481,54.24831072,3.500058314,43.42676253,3.503781593,46.15606587,0.498053509,46.45056022,3.500315705,44.38767796,0.473736742
99,2204.95,43.56170312,0.500370524,51.69619264,3.517790441,53.47392153,3.506948415,45.27492189,3.500238481,54.38410452,3.500058314,43.23514847,3.503781593,46.02192319,0.498053509,46.3266448,3.500315705,44.20270731,0.473736742
100,2205,43.40688196,0.500370524,51.78933852,3.517790441,53.61003069,3.506948415,45.14840636,3.500238481,54.52207126,3.500058314,43.04136149,3.503781593,45.88560759,0.498053509,46.20055645,3.500315705,44.01556374,0.473736742
101,2205.05,43.2493661,0.500370524,51.88168093,3.517790441,53.74831278,3.506948415,45.01971791,3.500238481,54.66221092,3.500058314,42.84540158,3.503781593,45.74711906,0.498053509,46.07229517,3.500315705,43.82676851,0.473736742
102,2205.1,43.08759116,0.500370524,51.97605687,3.517790441,53.8887678,3.506948415,44.88885652,3.500238481,54.80452351,3.500058314,42.64726875,3.503781593,45.6064576,0.498053509,45.94186096,3.500315705,43.63788457,0.473736742
103,2205.15,42.92156097,0.500370524,52.07218756,3.517790441,54.03139574,3.506948415,44.75582221,3.500238481,54.94900903,3.500058314,42.44696298,3.503781593,45.46362321,0.498053509,45.80925382,3.500315705,43.44890823,0.473736742
104,2205.2,42.75127903,0.500370524,52.17041597,3.517790441,54.17619661,3.506948415,44.62061497,3.500238481,55.09566747,3.500058314,42.24448429,3.503781593,45.31861589,0.498053509,45.67447376,3.500315705,43.25983617,0.473736742
105,2205.25,42.57674846,0.500370524,52.26969333,3.517790441,54.32317042,3.506948415,44.48323481,3.500238481,55.24449885,3.500058314,42.03983266,3.503781593,45.17143565,0.498053509,45.53783588,3.500315705,43.07066551,0.473736742
106,2205.3,42.39797186,0.500370524,52.36785708,3.517790441,54.47231715,3.506948415,44.34368171,3.500238481,55.39550316,3.500058314,41.83300811,3.503781593,45.02208247,0.498053509,45.39997042,3.500315705,42.88139392,0.473736742
107,2205.35,42.21495126,0.500370524,52.46635643,3.517790441,54.62363681,3.506948415,44.20195568,3.500238481,55.54868039,3.500058314,41.62401063,3.503781593,44.87055637,0.498053509,45.25993204,3.500315705,42.69201974,0.473736742
108,2205.4,42.02768797,0.500370524,52.56684033,3.517790441,54.77712939,3.506948415,44.05805673,3.500238481,55.70403055,3.500058314,41.41284022,3.503781593,44.71685734,0.498053509,45.11772072,3.500315705,42.50254199,0.473736742
109,2205.45,41.83618258,0.500370524,52.66911392,3.517790441,54.93279491,3.506948415,43.91198485,3.500238481,55.86155364,3.500058314,41.19949688,3.503781593,44.56098538,0.498053509,44.97333648,3.500315705,42.31296048,0.473736742
110,2205.5,41.64043493,0.500370524,52.77172689,3.517790441,55.09063336,3.506948415,43.76374004,3.500238481,56.02124966,3.500058314,40.98398062,3.503781593,44.40294049,0.498053509,44.82677931,3.500315705,42.12327574,0.473736742
111,2205.55,41.44044408,0.500370524,52.87446118,3.517790441,55.25064473,3.506948415,43.6133223,3.500238481,56.18311861,3.500058314,40.76629142,3.503781593,44.24272267,0.498053509,44.67804921,3.500315705,41.93348908,0.473736742
112,2205.6,41.23620839,0.500370524,52.97869379,3.517790441,55.41282903,3.506948415,43.46073163,3.500238481,56.34716048,3.500058314,40.5464293,3.503781593,44.08033193,0.498053509,44.52714618,3.500315705,41.74360248,0.473736742
113,2205.65,41.02772557,0.500370524,53.082905,3.517790441,55.57718626,3.506948415,43.30596804,3.500238481,56.51337529,3.500058314,40.32439425,3.503781593,43.91576825,0.498053509,44.37407023,3.500315705,41.55361852,0.473736742
114,2205.7,40.81499276,0.500370524,53.18877762,3.517790441,55.74371642,3.506948415,43.14903151,3.500238481,56.68176302,3.500058314,40.10018627,3.503781593,43.74903165,0.498053509,44.21882134,3.500315705,41.36354029,0.473736742
115,2205.75,40.59800665,0.500370524,53.29663013,3.517790441,55.91241951,3.506948415,42.98992206,3.500238481,56.85232368,3.500058314,39.87380536,3.503781593,43.58012212,0.498053509,44.06139953,3.500315705,41.17337129,0.473736742
116,2205.8,40.37676358,0.500370524,53.40563211,3.517790441,56.08329552,3.506948415,42.82863968,3.500238481,57.02505727,3.500058314,39.64525152,3.503781593,43.40903966,0.498053509,43.90216257,3.500315705,40.98259309,0.473736742
117,2205.85,40.1517824,0.500370524,53.51541954,3.517790441,56.25634447,3.506948415,42.66518437,3.500238481,57.19996379,3.500058314,39.41452476,3.503781593,43.23578427,0.498053509,43.74182604,3.500315705,40.78964196,0.473736742
118,2205.9,39.92462828,0.500370524,53.62716035,3.517790441,56.43156634,3.506948415,42.49955613,3.500238481,57.37704324,3.500058314,39.18162506,3.503781593,43.06035595,0.498053509,43.57949071,3.500315705,40.59451791,0.473736742
119,2205.95,39.69530124,0.500370524,53.74041124,3.517790441,56.60896114,3.506948415,42.33175496,3.500238481,57.55629561,3.500058314,38.94655244,3.503781593,42.88275471,0.498053509,43.41550484,3.500315705,40.39722092,0.473736742
120,2206,39.46380127,0.500370524,53.85435425,3.517790441,56.78852887,3.506948415,42.16178086,3.500238481,57.73772092,3.500058314,38.70930689,3.503781593,42.70298053,0.498053509,43.24934603,3.500315705,40.197751,0.473736742
121,2206.05,39.23012837,0.500370524,53.97018065,3.517790441,56.97026953,3.506948415,41.98963384,3.500238481,57.92131915,3.500058314,38.46988841,3.503781593,42.52103343,0.498053509,43.0810143,3.500315705,39.99610816,0.473736742
122,2206.1,38.99428254,0.500370524,54.08714988,3.517790441,57.15418312,3.506948415,41.81531389,3.500238481,58.10709031,3.500058314,38.228297,3.503781593,42.3369134,0.498053509,42.91050964,3.500315705,39.79229239,0.473736742
123,2206.15,38.75626379,0.500370524,54.20513457,3.517790441,57.34026963,3.506948415,41.638821,3.500238481,58.2950344,3.500058314,37.98453266,3.503781593,42.15062044,0.498053509,42.73783205,3.500315705,39.58630369,0.473736742
124,2206.2,38.5160721,0.500370524,54.32327318,3.517790441,57.52852908,3.506948415,41.46023669,3.500238481,58.48515142,3.500058314,37.7385954,3.503781593,41.96215455,0.498053509,42.56298154,3.500315705,39.37814206,0.473736742
125,2206.25,38.27370749,0.500370524,54.44358472,3.517790441,57.71896145,3.506948415,41.27972392,3.500238481,58.67744136,3.500058314,37.4904852,3.503781593,41.77151574,0.498053509,42.38595809,3.500315705,39.1678075,0.473736742
126,2206.3,38.02916994,0.500370524,54.56538981,3.517790441,57.91156675,3.506948415,41.09703822,3.500238481,58.87190424,3.500058314,37.24020208,3.503781593,41.57870399,0.498053509,42.20681759,3.500315705,38.95530002,0.473736742
127,2206.35,37.78245947,0.500370524,54.68732966,3.517790441,58.10634498,3.506948415,40.9121796,3.500238481,59.06854004,3.500058314,36.98774603,3.503781593,41.38371932,0.498053509,42.02567179,3.500315705,38.7406196,0.473736742
128,2206.4,37.53357607,0.500370524,54.81144244,3.517790441,58.30329614,3.506948415,40.72514804,3.500238481,59.26734877,3.500058314,36.73311705,3.503781593,41.18656172,0.498053509,41.84235306,3.500315705,38.52376626,0.473736742
129,2206.45,37.28251975,0.500370524,54.93746992,3.517790441,58.50242023,3.506948415,40.53594356,3.500238481,59.46833044,3.500058314,36.47631514,3.503781593,40.98723119,0.498053509,41.6568614,3.500315705,38.30473999,0.473736742
130,2206.5,37.02929049,0.500370524,55.06476485,3.517790441,58.70371724,3.506948415,40.34456615,3.500238481,59.67148502,3.500058314,36.2173403,3.503781593,40.78572773,0.498053509,41.46919681,3.500315705,38.08354079,0.473736742
131,2206.55,36.7738883,0.500370524,55.19384032,3.517790441,58.90718719,3.506948415,40.15101581,3.500238481,59.87681254,3.500058314,35.95619254,3.503781593,40.58205134,0.498053509,41.27935929,3.500315705,37.86016866,0.473736742
132,2206.6,36.51631319,0.500370524,55.324981,3.517790441,59.11283006,3.506948415,39.95529255,3.500238481,60.08431299,3.500058314,35.69287185,3.503781593,40.37620202,0.498053509,41.08734885,3.500315705,37.6346236,0.473736742
133,2206.65,36.25656515,0.500370524,55.45797141,3.517790441,59.32064586,3.506948415,39.75739635,3.500238481,60.29398636,3.500058314,35.42737822,3.503781593,40.16817978,0.498053509,40.89316547,3.500315705,37.40690561,0.473736742
134,2206.7,35.99464418,0.500370524,55.5926205,3.517790441,59.53063459,3.506948415,39.55732723,3.500238481,60.50583267,3.500058314,35.15971167,3.503781593,39.9579846,0.498053509,40.69680917,3.500315705,37.1770147,0.473736742
135,2206.75,35.73055028,0.500370524,55.72752384,3.517790441,59.74279625,3.506948415,39.35508517,3.500238481,60.7198519,3.500058314,34.88987219,3.503781593,39.7456165,0.498053509,40.49827994,3.500315705,36.94495086,0.473736742
136,2206.8,35.46428345,0.500370524,55.8627785,3.517790441,59.95713084,3.506948415,39.15067019,3.500238481,60.93604406,3.500058314,34.61785979,3.503781593,39.53107547,0.498053509,40.29757778,3.500315705,36.71071409,0.473736742
137,2206.85,35.1958437,0.500370524,55.99773511,3.517790441,60.17363835,3.506948415,38.94408228,3.500238481,61.15440915,3.500058314,34.34367445,3.503781593,39.31436151,0.498053509,40.09470269,3.500315705,36.47430439,0.473736742
138,2206.9,34.92523101,0.500370524,56.13354075,3.517790441,60.39231879,3.506948415,38.73532144,3.500238481,61.37494717,3.500058314,34.06731618,3.503781593,39.09547463,0.498053509,39.88965467,3.500315705,36.23572176,0.473736742
139,2206.95,34.6524454,0.500370524,56.27105006,3.517790441,60.61317217,3.506948415,38.52438767,3.500238481,61.59765811,3.500058314,33.78878499,3.503781593,38.87441481,0.498053509,39.68243373,3.500315705,35.9949662,0.473736742
140,2207,34.37748686,0.500370524,56.41073229,3.517790441,60.83619847,3.506948415,38.31128098,3.500238481,61.82254199,3.500058314,33.50808087,3.503781593,38.65118207,0.498053509,39.47303986,3.500315705,35.75203771,0.473736742
141,2207.05,34.10035539,0.500370524,56.55230158,3.517790441,61.0613977,3.506948415,38.09600135,3.500238481,62.04959879,3.500058314,33.22520382,3.503781593,38.42577639,0.498053509,39.26147305,3.500315705,35.5069363,0.473736742
142,2207.1,33.82105099,0.500370524,56.69485804,3.517790441,61.28876985,3.506948415,37.8785488,3.500238481,62.27882852,3.500058314,32.94015384,3.503781593,38.19819779,0.498053509,39.04773332,3.500315705,35.25966196,0.473736742
143,2207.15,33.53957366,0.500370524,56.83786383,3.517790441,61.51831494,3.506948415,37.65892332,3.500238481,62.51023118,3.500058314,32.65293093,3.503781593,37.96844626,0.498053509,38.83182066,3.500315705,35.01021469,0.473736742
144,2207.2,33.2559234,0.500370524,56.98082479,3.517790441,61.75003296,3.506948415,37.43712491,3.500238481,62.74380677,3.500058314,32.3635351,3.503781593,37.7365218,0.498053509,38.61373508,3.500315705,34.75859449,0.473736742
145,2207.25,32.97010022,0.500370524,57.12552715,3.517790441,61.9839239,3.506948415,37.21315357,3.500238481,62.97955529,3.500058314,32.07196633,3.503781593,37.50242441,0.498053509,38.39347656,3.500315705,34.50480136,0.473736742
146,2207.3,32.68210411,0.500370524,57.27110787,3.517790441,62.21998777,3.506948415,36.98700931,3.500238481,63.21747673,3.500058314,31.77822464,3.503781593,37.2661541,0.498053509,38.17104511,3.500315705,34.2488353,0.473736742
147,2207.35,32.39193507,0.500370524,57.41867184,3.517790441,62.45822457,3.506948415,36.75869211,3.500238481,63.45757111,3.500058314,31.48231002,3.503781593,37.02771085,0.498053509,37.94644074,3.500315705,33.99069632,0.473736742
148,2207.4,32.0995931,0.500370524,57.56718951,3.517790441,62.6986343,3.506948415,36.52820199,3.500238481,63.69983841,3.500058314,31.18422247,3.503781593,36.78709468,0.498053509,37.71986113,3.500315705,33.7303844,0.473736742
149,2207.45,31.8050782,0.500370524,57.71572351,3.517790441,62.94121696,3.506948415,36.29553893,3.500238481,63.94427864,3.500058314,30.88396199,3.503781593,36.54430558,0.498053509,37.49170169,3.500315705,33.46789956,0.473736742
150,2207.5,31.50839037,0.500370524,57.86574501,3.517790441,63.18597254,3.506948415,36.06070295,3.500238481,64.1908918,3.500058314,30.58152858,3.503781593,36.29934355,0.498053509,37.26136931,3.500315705,33.20324179,0.473736742
151,2207.55,31.20952962,0.500370524,58.01763885,3.517790441,63.43290106,3.506948415,35.82369404,3.500238481,64.43967789,3.500058314,30.27692224,3.503781593,36.05220859,0.498053509,37.028864,3.500315705,32.93641109,0.473736742
152,2207.6,30.90849593,0.500370524,58.17083069,3.517790441,63.6820025,3.506948415,35.5845122,3.500238481,64.69063691,3.500058314,29.97014298,3.503781593,35.80290071,0.498053509,36.79418577,3.500315705,32.66740746,0.473736742
153,2207.65,30.60528932,0.500370524,58.3244556,3.517790441,63.93327687,3.506948415,35.34315744,3.500238481,64.94376885,3.500058314,29.66119079,3.503781593,35.55141989,0.498053509,36.5573346,3.500315705,32.39623091,0.473736742
154,2207.7,30.29990978,0.500370524,58.47993629,3.517790441,64.18672417,3.506948415,35.1000205,3.500238481,65.19907373,3.500058314,29.35006567,3.503781593,35.29776615,0.498053509,36.31831051,3.500315705,32.12288142,0.473736742
155,2207.75,29.99235731,0.500370524,58.63663844,3.517790441,64.4423444,3.506948415,34.85588291,3.500238481,65.45655153,3.500058314,29.03676762,3.503781593,35.04193947,0.498053509,36.07711349,3.500315705,31.84735901,0.473736742
156,2207.8,29.68263191,0.500035282,58.79508664,3.517790441,64.70013756,3.506948415,34.60957239,3.500238481,65.71620226,3.500058314,28.72129664,3.503781593,34.78393987,0.498053509,35.83374354,3.500315705,31.56966367,0.473736742
157,2207.85,29.37073358,0.49970004,58.95442712,3.517790441,64.96010365,3.506948415,34.36108894,3.500238481,65.97802592,3.500058314,28.40365273,3.503781593,34.52376734,0.498053509,35.58835333,3.500315705,31.2897954,0.473736742
158,2207.9,29.05666233,0.49970004,59.11594054,3.517790441,65.22224266,3.506948415,34.11043256,3.500238481,66.24202251,3.500058314,28.0838359,3.503781593,34.26142189,0.498053509,35.34124817,3.500315705,31.0077542,0.473736742
159,2207.95,28.74041814,0.49970004,59.27920975,3.517790441,65.4865546,3.506948415,33.85760325,3.500238481,66.50819203,3.500058314,27.76184613,3.503781593,33.9969035,0.498053509,35.09197009,3.500315705,30.72354007,0.473736742
160,2208,28.42200103,0.49970004,59.44340049,3.517790441,65.75303947,3.506948415,33.60260102,3.500238481,66.77653447,3.500058314,27.43768344,3.503781593,33.73021218,0.498053509,34.84051907,3.500315705,30.43715301,0.473736742
161,2208.05,28.10141099,0.49970004,59.60937122,3.517790441,66.02169727,3.506948415,33.34542586,3.500238481,67.04704984,3.500058314,27.11134782,3.503781593,33.46134794,0.498053509,34.58689513,3.500315705,30.14859303,0.473736742
162,2208.1,27.77864802,0.49970004,59.77633608,3.517790441,66.292528,3.506948415,33.08607776,3.500238481,67.31973815,3.500058314,26.78283927,3.503781593,33.19031077,0.498053509,34.33109826,3.500315705,29.85786012,0.473736742
163,2208.15,27.45371212,0.49970004,59.94518524,3.517790441,66.56553166,3.506948415,32.82455674,3.500238481,67.59459938,3.500058314,26.45215779,3.503781593,32.91710067,0.498053509,34.07312846,3.500315705,29.56495427,0.473736742
164,2208.2,27.1266033,0.49970004,60.11534144,3.517790441,66.84070824,3.506948415,32.5608628,3.500238481,67.87163354,3.500058314,26.11930338,3.503781593,32.64171764,0.498053509,33.81298574,3.500315705,29.2698755,0.473736742
165,2208.25,26.79732154,0.49970004,60.28703872,3.517790441,67.11805776,3.506948415,32.29499592,3.500238481,68.15084063,3.500058314,25.78427605,3.503781593,32.36416168,0.498053509,33.55067008,3.500315705,28.9726238,0.473736742
166,2208.3,26.46586686,0.49970004,60.45863594,3.517790441,67.3975802,3.506948415,32.02740153,3.500238481,68.43222064,3.500058314,25.44707578,3.503781593,32.08443279,0.498053509,33.2861815,3.500315705,28.67319918,0.473736742
167,2208.35,26.13223925,0.49970004,60.63064682,3.517790441,67.67927557,3.506948415,31.75897048,3.500238481,68.71577359,3.500058314,25.10770259,3.503781593,31.80253098,0.498053509,33.01951998,3.500315705,28.37160162,0.473736742
168,2208.4,25.79643871,0.49970004,60.80294995,3.517790441,67.96314387,3.506948415,31.48855504,3.500238481,69.00149946,3.500058314,24.76615647,3.503781593,31.51845624,0.498053509,32.75068554,3.500315705,28.06783114,0.473736742
169,2208.45,25.45846524,0.49970004,60.97742601,3.517790441,68.2491851,3.506948415,31.2165323,3.500238481,69.28939826,3.500058314,24.42243742,3.503781593,31.23220856,0.498053509,32.47967817,3.500315705,27.76188772,0.473736742
170,2208.5,25.11831884,0.49970004,61.15372716,3.517790441,68.53739926,3.506948415,30.94233662,3.500238481,69.57946999,3.500058314,24.07654544,3.503781593,30.94378796,0.498053509,32.20649788,3.500315705,27.45377138,0.473736742
171,2208.55,24.77599951,0.49970004,61.33115778,3.517790441,68.82778634,3.506948415,30.66596802,3.500238481,69.87171465,3.500058314,23.72848054,3.503781593,30.65319443,0.498053509,31.93114465,3.500315705,27.14348211,0.473736742
172,2208.6,24.43150726,0.49970004,61.51020376,3.517790441,69.12034636,3.506948415,30.38742649,3.500238481,70.16613224,3.500058314,23.3782427,3.503781593,30.36042798,0.498053509,31.65361849,3.500315705,26.83101991,0.473736742
173,2208.65,48.99945677,0.999456768,49.00039735,2.000543232,49.00054323,3.000543232,49.99945677,1.000543232,50.00054323,2.000543232,49.99945677,3.000543232,50.99945677,0.999456768,50.99945677,2.000543232,50.99945677,2.999456768
174,2208.7,48.99674061,0.996740607,49.0019531,2.003259393,49.00325939,3.003259393,49.99674061,1.003259393,50.00325939,2.003259393,49.99674061,3.003259393,50.99674061,0.996740607,50.99674061,2.003259393,50.99674061,2.996740607
175,2208.75,48.99185152,0.991851518,49.00372321,2.008148482,49.00814848,3.008148482,49.99185152,1.008148482,50.00814848,2.008148482,49.99185152,3.008148482,50.99185152,0.991851518,50.99185152,2.008148482,50.99185152,2.991851518
176,2208.8,48.9847895,0.9847895,49.00698262,2.0152105,49.0152105,3.0152105,49.9847895,1.0152105,50.0152105,2.0152105,49.9847895,3.0152105,50.9847895,0.9847895,50.9847895,2.0152105,50.9847895,2.9847895
177,2208.85,48.97555455,0.975554554,49.01241495,2.024445446,49.02444545,3.024445446,49.97555455,1.024445446,50.02444545,2.024445446,49.97555455,3.024445446,50.97555455,0.975554554,50.97555455,2.024445446,50.97555455,2.975554554
178,2208.9,48.96414668,0.964146679,49.02002021,2.035853321,49.03585332,3.035853321,49.96414668,1.035853321,50.03585332,2.035853321,49.96414668,3.035769983,50.96414668,0.964146679,50.96414668,2.035853321,50.96414668,2.964146679
179,2208.95,48.95056588,0.950565876,49.02937752,2.049434124,49.04943412,3.049434124,49.95056588,1.049434124,50.04943412,2.049434124,49.95056588,3.049017436,50.95056588,0.950565876,50.95056588,2.049434124,50.95056588,2.950565876
180,2209,48.93481214,0.934812144,49.03855868,2.065187856,49.06518786,3.065187856,49.93481214,1.065187856,50.06518786,2.065187856,49.93481214,3.064437817,50.93481214,0.934812144,50.93481214,2.065187856,50.93481214,2.934812144
181,2209.05,48.91688548,0.916885484,49.04629665,2.083114516,49.08311452,3.083114516,49.91688548,1.083114516,50.08311452,2.083114516,49.91688548,3.082031127,50.91688548,0.916885484,50.91688548,2.083114516,50.91688548,2.916885484
182,2209.1,48.89678589,0.896785895,49.05488061,2.103214105,49.10321411,3.103214105,49.89678589,1.103214105,50.10321411,2.103214105,49.89678589,3.101797366,50.89678589,0.896785895,50.89678589,2.103214105,50.89678589,2.896785895
183,2209.15,48.87451338,0.874513377,49.06486706,2.125486623,49.12548662,3.125486623,49.87451338,1.125486623,50.12548662,2.125486623,49.87451338,3.123736533,50.87451338,0.874513377,50.87451338,2.125486623,50.87451338,2.874513377
184,2209.2,48.85006793,0.850067931,49.07686118,2.149932069,49.14993207,3.149932069,49.85006793,1.149932069,50.14993207,2.149932069,49.85006793,3.147848628,50.85006793,0.850067931,50.85006793,2.149932069,50.85006793,2.850067931
185,2209.25,48.82344956,0.823449557,49.0905324,2.176550443,49.17599539,3.17599539,49.82344956,1.176550443,50.175997,2.175997003,49.82291902,3.173603115,50.82344956,0.823449557,50.82236369,2.17546458,50.8229185,2.822918498
186,2209.3,48.79465825,0.794658254,49.10593681,2.205341746,49.20201021,3.202010213,49.79492298,1.205341746,50.20201982,2.202019818,49.79147642,3.199409772,50.79465825,0.794658254,50.78814155,2.198825045,50.79147748,2.791477479
187,2209.35,48.76369402,0.763694022,49.12165747,2.236305978,49.22797143,3.227971435,49.76501765,1.236305978,50.22799303,2.227993027,49.75574599,3.22527445,50.76369402,0.763694022,50.74739562,2.220007575,50.75577069,2.755770685
188,2209.4,48.73055686,0.730556862,49.13779606,2.269443138,49.25387294,3.253872939,49.73293938,1.269443138,50.25389888,2.253898883,49.71573489,3.251204326,50.73055686,0.730556862,50.70012147,2.239007744,50.71507117,2.715071165
189,2209.45,48.69524677,0.695246773,49.15562106,2.304753227,49.2797147,3.279714695,49.6986882,1.304753227,50.27893685,2.278936849,49.67145232,3.276990603,50.69524677,0.695246773,50.64631953,2.255825981,50.66713498,2.667134977
190,2209.5,48.65776376,0.657763756,49.17544347,2.342236244,49.30550163,3.305501629,49.66226408,1.342236244,50.30075103,2.300751033,49.62291185,3.30221088,50.65776376,0.657763756,50.58600067,2.270473161,50.61204348,2.612043482
191,2209.55,48.61810781,0.618107811,49.1971507,2.381892189,49.33119477,3.331194766,49.62366703,1.381892189,50.31927063,2.319270626,49.57013731,3.327542959,50.61810781,0.618107811,50.5191965,2.282980881,50.5499109,2.549910901
192,2209.6,48.57627894,0.576278936,49.21971135,2.423721064,49.35676589,3.356765888,49.58289706,1.423721064,50.33444807,2.334448069,49.51317024,3.353028359,50.57627894,0.576278936,50.44605741,2.293441999,50.48089953,2.480899528
193,2209.65,48.53227713,0.532277134,49.2421406,2.467722866,49.38220764,3.382207642,49.53995415,1.467722866,50.34622094,2.346220943,49.45210218,3.378381525,50.53227713,0.532277134,50.36706472,2.302222757,50.40530705,2.405307049
194,2209.7,48.4861024,0.498053509,49.26392674,2.513897598,49.40747381,3.407473814,49.49483832,1.513897598,50.35425032,2.354250318,49.38762264,3.403537799,50.4861024,0.498053509,50.28349273,2.310770068,50.32396372,2.323963723
195,2209.75,48.43775474,0.498053509,49.2874888,2.562245257,49.43313373,3.433133727,49.44754956,1.562245257,50.36102153,2.361021529,49.32193935,3.431836179,50.43775474,0.498053509,50.19779744,2.321539938,50.24008795,2.24008795
196,2209.8,48.38723415,0.498053509,49.31156098,2.612765846,49.46217021,3.462170208,49.39808787,1.612765846,50.3739361,2.373936104,49.25659285,3.464702419,50.38723415,0.498053509,50.11089965,2.335453162,50.16003689,2.160036892
197,2209.85,48.33454064,0.498053509,49.33639077,2.665459363,49.49535047,3.495350474,49.34645325,1.665459363,50.39369233,2.393692326,49.19140083,3.491635638,50.33454064,0.498053509,50.02464552,2.35435591,50.0838515,2.083851496
198,2209.9,48.27967419,0.498053509,49.36339349,2.720325808,49.53275226,3.504434803,49.29264571,1.720325808,50.4204848,2.420484801,49.12630144,3.492740369,50.27967419,0.498053509,49.93973244,2.37894556,50.01138081,2.011380805
199,2209.95,48.22263482,0.498053509,49.39151206,2.776612811,49.57441883,3.504434803,49.23666523,1.777365182,50.45439568,2.454395681,49.06126746,3.498256368,50.22263482,0.498053509,49.85654695,2.40960866,49.94253117,1.942531168
200,2210,48.16342252,0.498053509,49.4178658,2.832049114,49.619715,3.504434803,49.17851183,1.836577485,50.49469932,2.494699319,48.99626896,3.500458175,50.16342252,0.498053509,49.77548555,2.446741705,49.87647744,1.876477441
201,2210.05,48.10203728,0.498053509,49.44356498,2.887267692,49.66679106,3.504434803,49.11834224,1.897962716,50.53862767,2.538627667,48.93073816,3.500458175,50.10203728,0.498053509,49.69600521,2.48980167,49.8108769,1.810876901
202,2210.1,48.03847912,0.498053509,49.46915961,2.944340374,49.71554444,3.504434803,49.05646998,1.961520875,50.58472894,2.584728944,48.86303443,3.500458175,50.03847912,0.498053509,49.61725482,2.537937444,49.74505515,1.745055149
203,2210.15,47.97274804,0.498053509,49.49475951,3.003485507,49.76439885,3.504434803,48.99242478,2.027251963,50.63300315,2.633003149,48.79315777,3.500458175,49.97274804,0.498053509,49.53840721,2.590321854,49.67706047,1.677060468
204,2210.2,47.90484402,0.498053509,49.5224495,3.065088825,49.81266163,3.504434803,48.92637192,2.09515598,50.68345028,2.683450283,48.72110818,3.500458175,49.90484402,0.498053509,49.45960604,2.646817413,49.60689286,1.606892859
205,2210.25,47.83476708,0.498053509,49.55278606,3.129707779,49.86032081,3.504434803,48.85864189,2.165232925,50.73607035,2.736070345,48.64688567,3.500458175,49.83476708,0.498053509,49.38175898,2.7077695,49.53455232,1.534552322
206,2210.3,47.7625172,0.498053509,49.58559217,3.197903483,49.90777002,3.504434803,48.78873894,2.237482799,50.79086334,2.790863336,48.57049022,3.500458175,49.7625172,0.498053509,49.30418417,2.773339694,49.46003886,1.460038856
207,2210.35,47.6880944,0.498053509,49.6225877,3.270288601,49.9543265,3.504434803,48.71666306,2.311905601,50.84782926,2.847829256,48.49192185,3.500458175,49.6880944,0.498053509,49.22740152,2.844047901,49.38335246,1.383352461
208,2210.4,47.61149867,0.498053509,49.66428618,3.347376675,50.00004337,3.504434803,48.64241425,2.388501331,50.9069681,2.906968104,48.41118055,3.500458175,49.61149867,0.498053509,49.15150006,2.919983161,49.30449314,1.304493138
209,2210.45,47.53273001,0.498053509,49.71086154,3.429456384,50.04520203,3.504434803,48.56612442,2.467269991,50.96827988,2.968279881,48.32826632,3.500458175,49.53273001,0.498053509,49.07573031,3.000395985,49.22346089,1.223460886
210,2210.5,47.45178842,0.498053509,49.76180334,3.493810552,50.09049564,3.504434803,48.48805739,2.548211579,51.03176459,3.031764586,48.24317916,3.500458175,49.45178842,0.498053509,48.99778763,3.082981738,49.14025571,1.140255706
211,2210.55,47.36867391,0.498053509,49.81680505,3.494915795,50.13618036,3.504434803,48.40781742,2.631326095,51.09742222,3.097422219,48.15591907,3.500458175,49.3683839,0.498053509,48.91767202,3.167740419,49.05514942,1.05514942
212,2210.6,47.28338646,0.498053509,49.87603025,3.498231523,50.18199401,3.504434803,48.32540453,2.71661354,51.16525278,3.165252781,48.06648606,3.500458175,49.28168483,0.498053509,48.83538348,3.254672028,48.96891461,0.968914611
213,2210.65,47.19592609,0.498053509,49.93810501,3.499330101,50.22931065,3.504434803,48.24081871,2.804073913,51.23525627,3.235256272,47.97488011,3.500458175,49.19185481,0.498053509,48.75092201,3.343776566,48.88136709,0.881367091
214,2210.7,47.10629278,0.498053509,50.0008874,3.500428678,50.28027018,3.504434803,48.15474971,2.894396962,51.30743269,3.307432691,47.88040222,3.500458175,49.09910383,0.498053509,48.66428762,3.435054033,48.79226436,0.792264358
215,2210.75,47.01448655,0.498053509,50.06520861,3.500428678,50.33403555,3.504434803,48.06928678,2.989671931,51.38178204,3.381782039,47.78093249,3.500458175,49.00371581,0.498053509,48.57548029,3.504734405,48.70126959,0.701269593
216,2210.8,46.9205074,0.498053509,50.13156521,3.500428678,50.3901102,3.504434803,47.98451507,3.089983994,51.45830432,3.458304315,47.67637617,3.500458175,48.90609501,0.498053509,48.48460386,3.504734405,48.60789397,0.607893967
217,2210.85,46.82435531,0.498053509,50.20015389,3.500428678,50.44829738,3.504434803,47.90038566,3.195284197,51.53699952,3.516918295,47.56663499,3.500458175,48.80683258,0.498053509,48.39206605,3.504734405,48.51143237,0.511432373
218,2210.9,46.72603029,0.498053509,50.2728836,3.500428678,50.50668823,3.504434803,47.81642497,3.30509899,51.61786765,3.516918295,47.45166856,3.500458175,48.70674244,0.498053509,48.29827204,3.504734405,48.41104713,0.486613866
219,2210.95,46.62553235,0.498053509,50.3488251,3.500428678,50.56621124,3.504434803,47.73214003,3.418935382,51.70090872,3.516918295,47.33162412,3.500458175,48.60658584,0.498053509,48.20370158,3.504734405,48.30621726,0.486613866
220,2211,46.52286147,0.498053509,50.4277248,3.500428678,50.62711939,3.504434803,47.64670034,3.506250558,51.78612271,3.516918295,47.20690709,3.500458175,48.50652753,0.498053509,48.10884503,3.504734405,48.19694415,0.486613866
221,2211.05,46.41801767,0.498053509,50.51062284,3.500428678,50.68837189,3.504434803,47.55927024,3.506250558,51.87350962,3.516918295,47.07787704,3.500458175,48.40656531,0.498053509,48.01399497,3.504734405,48.08323076,0.486613866
222,2211.1,46.31100094,0.498053509,50.59750628,3.500428678,50.74997987,3.504434803,47.46962944,3.506250558,51.96306947,3.516918295,46.94453088,3.500458175,48.3066955,0.498053509,47.91915147,3.504734405,47.96508141,0.486613866
223,2211.15,46.20181128,0.498053509,50.68842481,3.500428678,50.8118902,3.504434803,47.37778076,3.506250558,52.05480225,3.516918295,46.80686592,3.500458175,48.20691326,0.498053509,47.8243146,3.504734405,47.84250134,0.486613866
224,2211.2,46.0904487,0.498053509,50.78369732,3.500428678,50.873775,3.504434803,47.28372666,3.506250558,52.14870795,3.516918295,46.66487981,3.500458175,48.10721302,0.498053509,47.7294844,3.504734405,47.71549639,0.486613866
225,2211.25,45.97691318,0.498053509,50.88321185,3.500428678,50.93570012,3.504434803,47.18746931,3.506250558,52.24478659,3.516918295,46.51857049,3.500458175,48.00758879,0.498053509,47.63466086,3.504734405,47.5840726,0.486613866
226,2211.3,45.86120474,0.498053509,50.98734115,3.500428678,50.99832905,3.504434803,47.08901146,3.506250558,52.34303815,3.516918295,46.36793615,3.500458175,47.90803451,0.498053509,47.53984396,3.504734405,47.44823599,0.486613866
227,2211.35,45.74332336,0.498053509,51.09453149,3.500428678,51.06432777,3.504434803,46.98835642,3.506250558,52.44346264,3.516918295,46.21297518,3.500458175,47.80854427,0.498053509,47.44503364,3.504734405,47.30799234,0.486613866
228,2211.4,45.62326906,0.498053509,51.19966452,3.500428678,51.13230573,3.504434803,46.88496454,3.506250558,52.54606006,3.516918295,46.05422518,3.500458175,47.70911245,0.498053509,47.35022982,3.504734405,47.16334707,0.486613866
229,2211.45,45.50104183,0.498053509,51.30311703,3.500428678,51.20276953,3.504434803,46.77722036,3.506250558,52.6508304,3.516918295,45.89330225,3.500458175,47.60973382,0.498053509,47.25543238,3.504734405,47.01430521,0.486613866
230,2211.5,45.37664167,0.498053509,51.40516361,3.500428678,51.27604175,3.504434803,46.66512403,3.506250558,52.75777368,3.516918295,45.73020638,3.500458175,47.5104036,0.498053509,47.16064114,3.504734405,46.86087131,0.486613866
231,2211.55,45.25006859,0.498053509,51.50715999,3.500428678,51.35350264,3.504434803,46.54867573,3.506250558,52.86688988,3.516918295,45.5649376,3.500458175,47.41111743,0.498053509,47.06585591,3.504734405,46.70304952,0.486613866
232,2211.6,45.12132257,0.498053509,51.60888546,3.500428678,51.43494677,3.504434803,46.42787568,3.506250558,52.97817902,3.516918295,45.39749588,3.500458175,47.31187139,0.498053509,46.97107644,3.504734405,46.54084355,0.486613866
233,2211.65,44.99040363,0.498053509,51.71025891,3.500428678,51.52030276,3.504434803,46.30272415,3.506250558,53.09164108,3.516918295,45.22788123,3.500458175,47.21211019,0.498053509,46.87630248,3.504734405,46.37480814,0.486613866
234,2211.7,44.85731176,0.498053509,51.81022624,3.500428678,51.60852309,3.504434803,46.17381045,3.506250558,53.20727607,3.516918295,45.05609366,3.500458175,47.11017605,0.498053509,46.78212281,3.504734405,46.2065998,0.486613866
235,2211.75,44.72204695,0.498053509,51.90944226,3.500428678,51.70026662,3.504434803,46.04231302,3.506250558,53.32508399,3.516918295,44.88213315,3.500458175,47.00606899,0.498053509,46.68971531,3.504734405,46.03621853,0.486613866
236,2211.8,44.58460922,0.498053509,52.00869293,3.500428678,51.79632187,3.504434803,45.90700929,3.506250558,53.44506483,3.516918295,44.70599972,3.500458175,46.89978899,0.498053509,46.59676813,3.504734405,45.86366434,0.486613866
237,2211.85,44.44499857,0.498053509,52.10792274,3.500428678,51.89663474,3.504434803,45.76953263,3.506250558,53.56721861,3.516918295,44.52769336,3.500458175,46.79133607,0.498053509,46.50164802,3.504734405,45.68893721,0.486613866
238,2211.9,44.30321498,0.498053509,52.20652584,3.500428678,52.00059973,3.504434803,45.62988304,3.506250558,53.69154531,3.516918295,44.34721407,3.500458175,46.68071022,0.498053509,46.40435498,3.504734405,45.51203716,0.486613866
239,2211.95,44.15925846,0.498053509,52.30319364,3.500428678,52.10690741,3.504434803,45.48806053,3.506250558,53.81804494,3.516918295,44.16456186,3.500458175,46.56791144,0.498053509,46.30527412,3.504734405,45.33296417,0.486613866
240,2212,44.01312902,0.498053509,52.39826132,3.500428678,52.2158906,3.504434803,45.34406509,3.506250558,53.94671751,3.516918295,43.97973671,3.500458175,46.45293974,0.498053509,46.20517566,3.504734405,45.15171826,0.486613866
241,2212.05,43.86482665,0.498053509,52.49235484,3.500428678,52.32817141,3.504434803,45.19789671,3.506250558,54.07756299,3.516918295,43.79273864,3.500458175,46.3357951,0.498053509,46.10290426,3.504734405,44.96829942,0.486613866
242,2212.1,43.71435135,0.498053509,52.58519923,3.500428678,52.4434692,3.504434803,45.04955541,3.506250558,54.21058141,3.516918295,43.60356763,3.500458175,46.21647754,0.498053509,45.99845994,3.504734405,44.78270766,0.486613866
243,2212.15,43.56170312,0.498053509,52.67767933,3.500428678,52.56266014,3.504434803,44.89904118,3.506250558,54.34577276,3.516918295,43.4122237,3.500458175,46.09498705,0.498053509,45.89184268,3.504734405,44.59494296,0.486613866
244,2212.2,43.40688196,0.498053509,52.7689864,3.500428678,52.68492259,3.504434803,44.74635403,3.506250558,54.48313703,3.516918295,43.21870684,3.500458175,45.97132362,0.498053509,45.7830525,3.504734405,44.40500533,0.486613866
245,2212.25,43.24988787,0.498053509,52.86014981,3.500428678,52.81126413,3.504434803,44.59149394,3.506250558,54.62267424,3.516918295,43.02301705,3.500458175,45.84548727,0.498053509,45.67208939,3.504734405,44.21289478,0.486613866
246,2212.3,43.09072086,0.498053509,52.95059239,3.500428678,52.94106787,3.504434803,44.43446093,3.506250558,54.76438437,3.516918295,42.82515434,3.500458175,45.717478,0.498053509,45.55895336,3.504734405,44.0186113,0.486613866
247,2212.35,42.92938092,0.498053509,53.03999888,3.500428678,53.07391501,3.504434803,44.27525498,3.506250558,54.90826743,3.516918295,42.62511869,3.500458175,45.58729579,0.498053509,45.44401377,3.504734405,43.82215489,0.486613866
248,2212.4,42.76586804,0.498053509,53.12788855,3.500428678,53.20809728,3.504434803,44.11387611,3.506250558,55.05432342,3.516918295,42.42291012,3.500458175,45.45494066,0.498053509,45.32815718,3.504734405,43.62352555,0.486613866
249,2212.45,42.60018224,0.498053509,53.21720068,3.500428678,53.3422638,3.504434803,43.95032431,3.506250558,55.20255234,3.516918295,42.21852861,3.500458175,45.32041259,0.498053509,45.21057098,3.504734405,43.42272328,0.486613866
250,2212.5,42.43232351,0.498053509,53.31059825,3.500428678,53.47675696,3.504434803,43.78459958,3.506250558,55.35295418,3.516918295,42.01197418,3.500458175,45.1837116,0.498053509,45.09111358,3.504734405,43.21974809,0.486613866
251,2212.55,42.26229186,0.498053509,53.40647387,3.500428678,53.61313508,3.504434803,43.61670193,3.506250558,55.50552896,3.516918295,41.80324682,3.500458175,45.04483768,0.498053509,44.97038842,3.504734405,43.01459996,0.486613866
252,2212.6,42.09008727,0.498053509,53.50497654,3.500428678,53.75124031,3.504434803,43.44663134,3.506250558,55.66027666,3.516918295,41.59234654,3.500458175,44.90379083,0.498053509,44.84749032,3.504734405,42.80727891,0.486613866
253,2212.65,41.91570976,0.498053509,53.60787689,3.500428678,53.88929898,3.504434803,43.27438783,3.506250558,55.8171973,3.516918295,41.37927332,3.500458175,44.76057105,0.498053509,44.7224193,3.504734405,42.59778493,0.486613866
254,2212.7,41.73915931,0.498053509,53.71488474,3.500428678,54.02759918,3.504434803,43.09997139,3.506250558,55.97629086,3.516918295,41.16402717,3.500458175,44.61517835,0.498053509,44.59517535,3.504734405,42.38611802,0.486613866
255,2212.75,41.56043594,0.498053509,53.82543251,3.500428678,54.16670735,3.504434803,42.92338202,3.506250558,56.13755734,3.516918295,40.9466081,3.500458175,44.46761271,0.498053509,44.46575847,3.504734405,42.17227818,0.486613866
256,2212.8,41.37953964,0.498053509,53.93970841,3.500428678,54.30643478,3.504434803,42.74461972,3.506250558,56.30099676,3.516918295,40.7270161,3.500458175,44.31787415,0.498053509,44.33416867,3.504734405,41.95679949,0.486613866
257,2212.85,41.19593655,0.498053509,54.05593626,3.500428678,54.44855708,3.504434803,42.56368449,3.506250558,56.46660911,3.516918295,40.50525117,3.500458175,44.16596266,0.498053509,44.20040593,3.504734405,41.74128378,0.486613866
258,2212.9,41.00802555,0.498053509,54.17475859,3.500428678,54.59243166,3.504434803,42.38057633,3.506250558,56.63439438,3.516918295,40.28131331,3.500458175,44.01187824,0.498053509,44.06447026,3.504734405,41.52572924,0.486613866
259,2212.95,40.81580835,0.498053509,54.29680612,3.500428678,54.73742767,3.504434803,42.19529525,3.506250558,56.80435259,3.516918295,40.05520252,3.500458175,43.85562089,0.498053509,43.92636167,3.504734405,41.31013422,0.486613866
260,2213,40.61928657,0.498053509,54.42304115,3.500428678,54.88258269,3.504434803,42.00784123,3.506250558,56.97648372,3.516918295,39.8269188,3.500458175,43.69719061,0.498053509,43.78608015,3.504734405,41.09449718,0.486613866
261,2213.05,40.41846163,0.498053509,54.5536447,3.500428678,55.02771554,3.504434803,41.81821429,3.506250558,57.15078778,3.516918295,39.59646216,3.500458175,43.5365874,0.498053509,43.64399226,3.504734405,40.87881682,0.486613866
262,2213.1,40.21333473,0.498053509,54.68861587,3.500428678,55.17282695,3.504434803,41.62641442,3.506250558,57.32726477,3.516918295,39.36383258,3.500458175,43.37381127,0.498053509,43.50083112,3.504734405,40.66309207,0.486613866
263,2213.15,40.00390678,0.498053509,54.82748525,3.500428678,55.3183862,3.504434803,41.43244162,3.506250558,57.50591468,3.516918295,39.12903008,3.500458175,43.20886221,0.498053509,43.35549704,3.504734405,40.44732216,0.486613866
264,2213.2,39.79017839,0.498053509,54.96929959,3.500428678,55.46534641,3.504434803,41.23629589,3.506250558,57.68673753,3.516918295,38.89205465,3.500458175,43.04174021,0.498053509,43.20799004,3.504734405,40.23150666,0.486613866
265,2213.25,39.57214983,0.498053509,55.11463418,3.500428678,55.61313228,3.504434803,41.03797724,3.506250558,57.8697333,3.516918295,38.65290629,3.500458175,42.87244529,0.498053509,43.05831012,3.504734405,40.01564548,0.486613866
266,2213.3,39.34982098,0.498053509,55.26084711,3.500428678,55.76438555,3.504434803,40.83748565,3.506250558,58.05490201,3.516918295,38.41158501,3.500458175,42.70097745,0.498053509,42.90645726,3.504734405,39.79973891,0.486613866
267,2213.35,39.12319142,0.498053509,55.40775486,3.500428678,55.91928981,3.504434803,40.63482114,3.506250558,58.24224364,3.516918295,38.16809079,3.500458175,42.52733667,0.498053509,42.7524572,3.504734405,39.58378754,0.486613866
268,2213.4,38.89226037,0.498053509,55.5574142,3.500428678,56.07578842,3.504434803,40.43002882,3.506250558,58.4317582,3.516918295,37.92242364,3.500458175,42.35152296,0.498053509,42.59636141,3.504734405,39.36779231,0.486613866
269,2213.45,38.65702675,0.498053509,55.70982356,3.500428678,56.23388292,3.504434803,40.22319895,3.506250558,58.62344569,3.516918295,37.67458357,3.500458175,42.17353633,0.498053509,42.4380927,3.504734405,39.15175442,0.486613866
270,2213.5,38.41748925,0.498053509,55.86477352,3.500428678,56.3937827,3.504434803,40.01419616,3.506250558,58.8173061,3.516918295,37.42457057,3.500458175,41.99337677,0.498053509,42.27765105,3.504734405,38.9356753,0.486613866
271,2213.55,38.17364633,0.498053509,56.02262054,3.500428678,56.55513129,3.504434803,39.80302043,3.506250558,59.01333945,3.516918295,37.17238464,3.500458175,41.81104427,0.498053509,42.11565041,3.504734405,38.71955655,0.486613866
272,2213.6,37.92549632,0.498053509,56.18296914,3.500428678,56.71832414,3.504434803,39.58967178,3.506250558,59.21154572,3.516918295,36.91802578,3.500458175,41.62653885,0.498053509,41.95331863,3.504734405,38.50339992,0.486613866
273,2213.65,37.67357178,0.498053509,56.34475633,3.500428678,56.88442419,3.504434803,39.37415019,3.506250558,59.41192493,3.516918295,36.66149399,3.500458175,41.43986051,0.498053509,41.78881392,3.504734405,38.28667266,0.486613866
274,2213.7,37.4194743,0.498053509,56.51014913,3.500428678,57.0512645,3.504434803,39.15645568,3.506250558,59.61447706,3.516918295,36.40278928,3.500458175,41.25100923,0.498053509,41.62213629,3.504734405,38.06777247,0.486613866
275,2213.75,37.16320389,0.498053509,56.67922572,3.500428678,57.21876685,3.504434803,38.93658824,3.506250558,59.81920212,3.516918295,36.14191163,3.500458175,41.05998502,0.498053509,41.45328573,3.504734405,37.84669935,0.486613866
276,2213.8,36.90476056,0.498053509,56.85250747,3.500428678,57.38640981,3.504434803,38.71454788,3.506250558,60.0261001,3.516918295,35.87886106,3.500458175,40.86678789,0.498053509,41.28226224,3.504734405,37.6234533,0.486613866
277,2213.85,36.6441443,0.498053509,57.02913591,3.500428678,57.55505174,3.504434803,38.49033458,3.506250558,60.23517102,3.516918295,35.61363756,3.500458175,40.67141783,0.498053509,41.10906582,3.504734405,37.39803433,0.486613866
278,2213.9,36.38135511,0.498053509,57.20816927,3.500428678,57.72563432,3.504434803,38.26394836,3.506250558,60.44641487,3.516918295,35.34624113,3.500458175,40.47387484,0.498053509,40.93369648,3.504734405,37.17044242,0.486613866
279,2213.95,36.11639299,0.498053509,57.38945404,3.500428678,57.89831104,3.504434803,38.0353892,3.506250558,60.65983164,3.516918295,35.07667177,3.500458175,40.27415892,0.498053509,40.7561542,3.504734405,36.94067759,0.486613866
280,2214,35.84925794,0.498053509,57.5708081,3.500428678,58.07526391,3.504434803,37.80465712,3.506250558,60.87542134,3.516918295,34.80492948,3.500458175,40.07227007,0.498053509,40.576439,3.504734405,36.70873983,0.486613866
281,2214.05,35.57994996,0.498053509,57.7534161,3.500428678,58.25530844,3.504434803,37.57175211,3.506250558,61.09318397,3.516918295,34.53101427,3.500458175,39.86820829,0.498053509,40.39455086,3.504734405,36.47462914,0.486613866
282,2214.1,35.30846906,0.498053509,57.93933531,3.500428678,58.43638746,3.504434803,37.33667417,3.506250558,61.31311953,3.516918295,34.25492612,3.500458175,39.66197359,0.498053509,40.2104898,3.504734405,36.23834552,0.486613866
283,2214.15,35.03481522,0.498053509,58.1255629,3.500428678,58.62150362,3.504434803,37.0994233,3.506250558,61.53522802,3.516918295,33.97666505,3.500458175,39.45356595,0.498053509,40.02425581,3.504734405,35.99988897,0.486613866
284,2214.2,34.75898846,0.498053509,58.31289788,3.500428678,58.80985804,3.504434803,36.86000163,3.506250558,61.75950944,3.516918295,33.69623105,3.500458175,39.24298539,0.498053509,39.83584889,3.504734405,35.7592595,0.486613866
285,2214.25,34.48098877,0.498053509,58.50284648,3.500428678,58.99994461,3.504434803,36.61841339,3.506250558,61.98596378,3.516918295,33.41362412,3.500458175,39.0302319,0.498053509,39.64526905,3.504734405,35.51645709,0.486613866
286,2214.3,34.20081615,0.498053509,58.69607601,3.500428678,59.19109601,3.504434803,36.37465222,3.506250558,62.21459106,3.516918295,33.12884426,3.500458175,38.81530548,0.498053509,39.45251627,3.504734405,35.27148176,0.486613866
287,2214.35,33.9184706,0.498053509,58.88940371,3.500428678,59.38649483,3.504434803,36.12871812,3.506250558,62.44539126,3.516918295,32.84189147,3.500458175,38.59820613,0.498053509,39.25759057,3.504734405,35.0243335,0.486613866
288,2214.4,33.63395212,0.498053509,59.0840691,3.500428678,59.58490169,3.504434803,35.88061109,3.506250558,62.67836439,3.516918295,32.55276576,3.500458175,38.37893386,0.498053509,39.06049194,3.504734405,34.77501231,0.486613866
289,2214.45,33.34726072,0.498053509,59.28310197,3.500428678,59.78328698,3.504434803,35.63033113,3.506250558,62.91351045,3.516918295,32.26146712,3.500458175,38.15748865,0.498053509,38.86122038,3.504734405,34.52351819,0.486613866
290,2214.5,33.05839639,0.498053509,59.48605848,3.500428678,59.98209438,3.504434803,35.37787825,3.506250558,63.15082943,3.516918295,31.96799554,3.500458175,37.93387052,0.498053509,38.65977589,3.504734405,34.26985114,0.486613866
291,2214.55,32.76735912,0.498053509,59.69205121,3.500428678,60.18221121,3.504434803,35.12325243,3.506250558,63.39032135,3.516918295,31.67235104,3.500458175,37.70807946,0.498053509,38.45615847,3.504734405,34.01401117,0.486613866
292,2214.6,32.47414893,0.498053509,59.90241191,3.500428678,60.38230569,3.504434803,34.86645369,3.506250558,63.6319862,3.516918295,31.37453361,3.500458175,37.48011547,0.498053509,38.25036812,3.504734405,33.75599826,0.486613866
293,2214.65,32.17876581,0.498053509,60.11714111,3.500428678,60.58237715,3.504434803,34.60748202,3.506250558,63.87582397,3.516918295,31.07454325,3.500458175,37.24997855,0.498053509,38.04240485,3.504734405,33.49581243,0.486613866
294,2214.7,31.88120977,0.498053509,60.33596737,3.500428678,60.78269684,3.504434803,34.34633742,3.506250558,64.12183467,3.516918295,30.77237997,3.500458175,37.0176687,0.498053509,37.83226864,3.504734405,33.23345367,0.486613866
295,2214.75,31.58148079,0.498053509,60.55834729,3.500428678,60.98380795,3.504434803,34.08301989,3.506250558,64.3700183,3.516918295,30.46804375,3.500458175,36.78318593,0.498053509,37.61995951,3.504734405,32.96892198,0.486613866
296,2214.8,31.27957889,0.498053509,60.78463909,3.500428678,61.18535203,3.504434803,33.81752944,3.506250558,64.62037486,3.516918295,30.16153461,3.500458175,36.54653022,0.498053509,37.40547745,3.504734405,32.70221736,0.486613866
297,2214.85,30.97550405,0.498053509,61.01370814,3.500428678,61.38846333,3.504434803,33.54986605,3.506250558,64.87290435,3.516918295,29.85285254,3.500458175,36.30770159,0.498053509,37.18882246,3.504734405,32.43333981,0.486613866
298,2214.9,30.66925629,0.498053509,61.24621957,3.500428678,61.59247637,3.504434803,33.28002974,3.506250558,65.12760676,3.516918295,29.54199754,3.500458175,36.06670003,0.498053509,36.96999454,3.504734405,32.16228934,0.486613866
299,2214.95,30.3608356,0.498053509,61.48225492,3.500428678,61.79730902,3.504434803,33.0080205,3.506250558,65.38448211,3.516918295,29.22896961,3.500458175,35.82352554,0.498053509,36.7489937,3.504734405,31.88906593,0.486613866
300,2215,30.05024198,0.498053509,61.72225369,3.500428678,62.00252078,3.504434803,32.73383833,3.506250558,65.64353038,3.516918295,28.91376875,3.500458175,35.57817812,0.498053509,36.52581992,3.504734405,31.6136696,0.486613866
301,2215.05,29.73747544,0.498053509,61.96537964,3.500428678,62.20894581,3.504434803,32.45748323,3.506250558,65.90475158,3.516918295,28.59639496,3.500458175,35.33065777,0.498053509,36.30047322,3.504734405,31.33610034,0.486613866
302,2215.1,29.42253596,0.498053509,62.21270885,3.500428678,62.41550424,3.504434803,32.1789552,3.506250558,66.16814571,3.516918295,28.27684825,3.500458175,35.08096449,0.498053509,36.07295359,3.504734405,31.05635815,0.486613866
303,2215.15,29.10542355,0.498053509,62.46329527,3.500428678,62.62312809,3.504434803,31.89825425,3.506250558,66.43371277,3.516918295,27.95512861,3.500458175,34.82909829,0.498053509,35.84326103,3.504734405,30.77444303,0.486613866
304,2215.2,28.78613822,0.498053509,62.71632921,3.500428678,62.83250669,3.504434803,31.61538036,3.506250558,66.70145276,3.516918295,27.63123603,3.500458175,34.57505916,0.498053509,35.61139554,3.504734405,30.49035499,0.486613866
305,2215.25,28.46467996,0.498053509,62.97183803,3.500428678,63.04326847,3.504434803,31.33033355,3.506250558,66.97136567,3.516918295,27.30517053,3.500458175,34.3188471,0.498053509,35.37735712,3.504734405,30.20409401,0.486613866
306,2215.3,28.14104877,0.498053509,63.22737768,3.500428678,63.25751798,3.504434803,31.04311381,3.506250558,67.24345152,3.516918295,26.9769321,3.500458175,34.06046211,0.498053509,35.14114578,3.504734405,29.91566011,0.486613866
307,2215.35,27.81524465,0.498053509,63.48221123,3.500428678,63.47516039,3.504434803,30.75372114,3.506250558,67.51771029,3.516918295,26.64652075,3.500458175,33.79990419,0.498053509,34.9027615,3.504734405,29.62505328,0.486613866
308,2215.4,27.4872676,0.498053509,63.7356483,3.500428678,63.69559639,3.504434803,30.46215554,3.506250558,67.79414199,3.516918295,26.31393646,3.500458175,33.53717334,0.498053509,34.6622043,3.504734405,29.33227352,0.486613866
309,2215.45,27.15711763,0.498053509,63.98761653,3.500428678,63.91879118,3.504434803,30.16841701,3.506250558,68.07274662,3.516918295,25.97917925,3.500458175,33.27226957,0.498053509,34.41947417,3.504734405,29.03732083,0.486613866
310,2215.5,26.82479473,0.498053509,64.23854937,3.500428678,64.14519847,3.504434803,29.872757,3.506250558,68.35352418,3.516918295,25.6422491,3.500458175,33.00519286,0.498053509,34.17457111,3.504734405,28.74019521,0.486613866
311,2215.55,26.49029889,0.498053509,64.486192,3.500428678,64.37257653,3.504434803,29.57567838,3.506250558,68.63647466,3.516918295,25.30314603,3.500458175,32.73594323,0.498053509,33.92749512,3.504734405,28.44089666,0.486613866
312,2215.6,26.15363013,0.498053509,64.73362538,3.500428678,64.60401383,3.504434803,29.27642683,3.506250558,68.92159808,3.516918295,24.96187003,3.500458175,32.46452067,0.498053509,33.6782462,3.504734405,28.13942519,0.486613866
313,2215.65,25.81478844,0.498053509,64.98007727,3.500428678,64.83874398,3.504434803,28.97500235,3.506250558,69.20889442,3.516918295,24.6184211,3.500458175,32.19092518,0.498053509,33.42682436,3.504734405,27.83578079,0.486613866
314,2215.7,25.47377382,0.498053509,65.22373052,3.500428678,65.07495376,3.504434803,28.67140494,3.506250558,69.4983637,3.516918295,24.27279925,3.500458175,31.91515676,0.498053509,33.17322958,3.504734405,27.52996345,0.486613866
315,2215.75,25.13058628,0.498053509,65.46719785,3.500428678,65.31525776,3.504434803,28.36563461,3.506250558,69.7900059,3.516918295,23.92500446,3.500458175,31.63721541,0.498053509,32.91748824,3.504734405,27.22197319,0.486613866
316,2215.8,24.7852258,0.498053509,65.70971193,3.500428678,65.55889001,3.504434803,28.05769134,3.506250558,70.08382103,3.516918295,23.57503675,3.500458175,31.35710114,0.498053509,32.65965308,3.504734405,26.91181001,0.486613866
317,2215.85,48.99945677,0.999456768,49.00022116,2.000543232,49.00054323,3.000543232,49.99980329,1.000543232,50.00054323,2.000543232,49.99945677,3.000543232,50.99945677,0.999456768,50.99945677,2.000543232,50.99945677,2.999456768
318,2215.9,48.99674061,0.996740607,49.00164903,2.003259393,49.00325939,3.003259393,49.99847323,1.003259393,50.00325939,2.003259393,49.99674061,3.003259393,50.99674061,0.996740607,50.9968884,2.003259393,50.99674061,2.996740607
319,2215.95,48.99185152,0.992164735,49.00524984,2.008148482,49.00814848,3.008148482,49.99497025,1.008148482,50.00814848,2.008148482,49.99185152,3.008148482,50.99185152,0.991851518,50.99294714,2.008148482,50.99185152,2.991851518
320,2216,48.9847895,0.986355583,49.01102357,2.0152105,49.0152105,3.0152105,49.98929433,1.0152105,50.0152105,2.0152105,49.9847895,3.0152105,50.9847895,0.9847895,50.98790285,2.0152105,50.9847895,2.9847895
321,2216.05,48.97555455,0.978373992,49.01874951,2.024445446,49.02444545,3.024445446,49.98144549,1.024445446,50.02444545,2.024445446,49.97555455,3.024445446,50.97555455,0.975554554,50.98068563,2.024445446,50.97555455,2.975554554
322,2216.1,48.96414668,0.96822094,49.02798622,2.035853321,49.03585332,3.035853321,49.97142371,1.035853321,50.03585332,2.035853321,49.96414668,3.035683282,50.96414668,0.964146679,50.97129548,2.035853321,50.96414668,2.964146679
323,2216.15,48.95056588,0.955894959,49.03927979,2.049434124,49.04943412,3.049434124,49.95922901,1.049434124,50.04943412,2.049434124,49.95056588,3.04858393,50.95056588,0.950565876,50.95973241,2.049434124,50.95056588,2.950565876
324,2216.2,48.93481214,0.94139605,49.05195907,2.065187856,49.06518786,3.065187856,49.94486138,1.065187856,50.06518786,2.065187856,49.93481214,3.063657506,50.93481214,0.934812144,50.9459964,2.065187856,50.93481214,2.934812144
325,2216.25,48.91688548,0.924724212,49.06549421,2.083114516,49.08311452,3.083114516,49.92832083,1.083114516,50.08311452,2.083114516,49.91688548,3.080904011,50.91688548,0.916885484,50.93008747,2.083114516,50.91688548,2.916885484
326,2216.3,48.89678589,0.905879446,49.08082266,2.103214105,49.10321411,3.103214105,49.90960734,1.103214105,50.10321411,2.103214105,49.89678589,3.100238368,50.89678589,0.896785895,50.91200561,2.103214105,50.89678589,2.896785895
327,2216.35,48.87451338,0.884861751,49.09700137,2.125486623,49.12548662,3.125486623,49.88872092,1.125486623,50.12548662,2.125486623,49.87451338,3.121490426,50.87451338,0.874513377,50.89175082,2.125486623,50.87451338,2.874513377
328,2216.4,48.85006793,0.861671128,49.11467998,2.149932069,49.14993207,3.149932069,49.86566158,1.149932069,50.14993207,2.149932069,49.85006793,3.144915412,50.85006793,0.850067931,50.86948271,2.149932069,50.85006793,2.850067931
329,2216.45,48.82344956,0.836307576,49.13416678,2.176550443,49.17599313,3.175993129,49.84042931,1.176550443,50.17655044,2.176550443,49.82292178,3.169985547,50.82344956,0.823449557,50.8444511,2.17548104,50.82290027,2.822900266
330,2216.5,48.79465825,0.808771095,49.15582651,2.205341746,49.20201485,3.202014854,49.81302411,1.205341746,50.20478604,2.20478604,49.79149386,3.194487676,50.79465825,0.794658254,50.81297284,2.198929216,50.79136386,2.791363861
331,2216.55,48.76369402,0.779061687,49.1795707,2.236305978,49.2280263,3.228026304,49.78344598,1.236305978,50.23298115,2.232981151,49.7557958,3.217169239,50.76369402,0.763694022,50.77507953,2.220293333,50.75546642,2.755466418
332,2216.6,48.73055686,0.747602162,49.20522241,2.269443138,49.25395621,3.253956208,49.75169492,1.269443138,50.26114026,2.261140258,49.71584878,3.239947694,50.73055686,0.730556862,50.7308235,2.239595944,50.71445724,2.714457236
333,2216.65,48.69524677,0.715238146,49.23304705,2.304753227,49.27978092,3.279780924,49.71794826,1.304753227,50.28841001,2.288410011,49.67168229,3.262852542,50.69524677,0.695246773,50.68019344,2.256870382,50.66605983,2.666059832
334,2216.7,48.65776376,0.680701202,49.26304462,2.342236244,49.30547007,3.305470065,49.68256065,1.342236244,50.31242592,2.312425919,49.62333651,3.285923953,50.65776376,0.657763756,50.62324134,2.27216864,50.61030928,2.610309278
335,2216.75,48.61810781,0.64399133,49.29521506,2.381892189,49.33098229,3.330982292,49.64500011,1.381892189,50.3331087,2.333108696,49.57087078,3.309221266,50.61810781,0.618107811,50.56005202,2.285575529,50.54724916,2.547249165
336,2216.8,48.57627894,0.605108528,49.32868827,2.423721064,49.35625659,3.35625659,49.60526664,1.423721064,50.35034921,2.350349209,49.51438491,3.3328443,50.57627894,0.576278936,50.49078225,2.297247839,50.47694088,2.476940879
337,2216.85,48.53227713,0.564052799,49.36172454,2.467722866,49.38119074,3.381190742,49.56336024,1.467722866,50.36398347,2.363983466,49.45409466,3.357008813,50.53227713,0.532277134,50.41580059,2.307554107,50.39949225,2.399492253
338,2216.9,48.4861024,0.520824141,49.39668616,2.513897598,49.40557954,3.405579536,49.51928092,1.513897598,50.37379975,2.373799752,49.39089397,3.382608748,50.4861024,0.498053509,50.33624692,2.317634216,50.31679403,2.316794035
339,2216.95,48.43775474,0.50906632,49.43307796,2.562245257,49.4298019,3.4298019,49.47302867,1.562245257,50.38183096,2.381830956,49.32702159,3.411882841,50.43775474,0.498053509,50.2544795,2.329846438,50.23503939,2.23503939
340,2217,48.38723415,0.506350159,49.47148239,2.612765846,49.45627476,3.456274756,49.42460348,1.612765846,50.39497082,2.39497082,49.26377098,3.446124559,50.38723415,0.498053509,50.17281709,2.346509529,50.15690977,2.156909771
341,2217.05,48.33454064,0.50146107,49.51157883,2.665459363,49.48655214,3.486552136,49.37400537,1.665459363,50.41435896,2.414358958,49.20081839,3.485010163,50.33454064,0.498053509,50.09340176,2.369517993,50.08210503,2.082105032
342,2217.1,48.27967419,0.499831374,49.55274329,2.719583944,49.52095223,3.495953494,49.32123433,1.720325808,50.4399051,2.439905102,49.13799818,3.496666405,50.27967419,0.498053509,50.0164258,2.398568977,50.01049869,2.010498693
343,2217.15,48.22263482,0.499831374,49.59138417,2.772893219,49.5596422,3.499158829,49.26629037,1.777365182,50.47249894,2.472498939,49.07518009,3.499927531,50.22263482,0.498053509,49.94258475,2.435100731,49.94136504,1.94136504
344,2217.2,48.16342252,0.499831374,49.62720545,2.82532001,49.6021631,3.499736155,49.20917347,1.836577485,50.51146262,2.511462623,49.01236296,3.499927531,50.16342252,0.498053509,49.87239484,2.479629482,49.87237673,1.872376729
345,2217.25,48.10203728,0.499831374,49.66241767,2.877376778,49.64699307,3.500313482,49.14933621,1.897415281,50.55455206,2.554552062,48.94954558,3.499927531,50.10203728,0.498053509,49.80455087,2.530850037,49.80409683,1.804096828
346,2217.3,48.03847912,0.499831374,49.69845156,2.930710031,49.69355935,3.500313482,49.08524549,1.958345473,50.60130884,2.601308844,48.88618592,3.499927531,50.03847912,0.498053509,49.7373683,2.587077843,49.73711413,1.737114132
347,2217.35,47.97274804,0.499831374,49.73460469,2.985638078,49.74015594,3.500313482,49.01766715,2.020133897,50.65023855,2.650238555,48.82065332,3.499927531,49.97274804,0.498053509,49.6701391,2.647604869,49.66795851,1.667958507
348,2217.4,47.90484402,0.499831374,49.77255695,3.04269846,49.78680909,3.500313482,48.94791587,2.08409525,50.70134119,2.701341194,48.7529478,3.499927531,49.90484402,0.498053509,49.60316833,2.712736193,49.59662995,1.596629954
349,2217.45,47.83476708,0.499831374,49.8129476,3.102596874,49.83349591,3.500313482,48.87599167,2.150229531,50.75461676,2.754616761,48.68306935,3.499927531,49.83476708,0.498053509,49.53665181,2.782667621,49.52312847,1.523128472
350,2217.5,47.7625172,0.499831374,49.85571668,3.166072624,49.88018397,3.500313482,48.80189454,2.218536741,50.81006526,2.810065258,48.61101797,3.499927531,49.7625172,0.498053509,49.47031902,2.857128632,49.44745406,1.447454062
351,2217.55,47.6880944,0.499831374,49.90235123,3.233771716,49.92686575,3.500313482,48.72562448,2.28901688,50.86768668,2.867686682,48.53679366,3.499927531,49.6880944,0.498053509,49.40458709,2.936536361,49.36960672,1.369606724
352,2217.6,47.61149867,0.499831374,49.95229251,3.306193417,49.97354729,3.500313482,48.64718149,2.361669947,50.92748104,2.927481035,48.46039642,3.499965533,49.61149867,0.498053509,49.33853197,3.019966763,49.28958646,1.289586456
353,2217.65,47.53273001,0.499831374,50.00603347,3.383441556,50.02027942,3.500313482,48.56656558,2.436495942,50.98944832,2.989448317,48.38182626,3.500003535,49.53273001,0.498053509,49.27163106,3.106897229,49.20739326,1.207393261
354,2217.7,47.45178842,0.499831374,50.06395812,3.464873374,50.06748462,3.500313482,48.48377673,2.513494867,51.05358853,3.053588527,48.30108317,3.500003535,49.45178842,0.498053509,49.20255722,3.196000623,49.12302714,1.123027136
355,2217.75,47.36867391,0.499831374,50.12513691,3.486284528,50.11654763,3.500313482,48.39881496,2.592666719,51.11990167,3.119901666,48.21816714,3.500003535,49.36840739,0.498053509,49.13131046,3.287276945,49.03673364,1.036733642
356,2217.8,47.28338646,0.499831374,50.18645134,3.487765056,50.16804581,3.500313482,48.31168026,2.6740115,51.18838773,3.188387734,48.13307819,3.500003535,49.28183177,0.498053509,49.05789076,3.380726196,48.94919953,0.94919953
357,2217.85,47.19592609,0.499831374,50.24527821,3.489994657,50.22014858,3.500313482,48.22237262,2.75752921,51.25904673,3.259046729,48.04581631,3.500003535,49.19225151,0.498053509,48.98229814,3.476348376,48.86020975,0.860209746
358,2217.9,47.10629278,0.499831374,50.30367055,3.492746229,50.27522572,3.500313482,48.13089207,2.843219848,51.33187865,3.331878654,47.95574344,3.499908696,49.09991286,0.498053509,48.90453258,3.500661345,48.76947915,0.769479151
359,2217.95,47.01448655,0.499831374,50.36094773,3.495844987,50.33292355,3.500313482,48.03788176,2.931726601,51.40688351,3.406883507,47.8609334,3.499422552,49.00514953,0.498053509,48.8245941,3.500661345,48.67661381,0.676613808
360,2218,46.9205074,0.499831374,50.41800282,3.499152302,50.39439391,3.500313482,47.94528698,3.024994733,51.48406129,3.484061288,47.76133019,3.498489096,48.90842904,0.498053509,48.74248269,3.500661345,48.58105976,0.581059765
361,2218.05,46.82435531,0.499831374,50.47411669,3.499999939,50.45914406,3.500313482,47.85318026,3.123096777,51.563412,3.503763158,47.65684192,3.497016447,48.81040014,0.498053509,48.65819835,3.500661345,48.48207757,0.507585519
362,2218.1,46.72603029,0.499831374,50.52970998,3.499999939,50.52769024,3.500313482,47.76167535,3.226146496,51.64493564,3.503763158,47.54733232,3.494868306,48.71181889,0.498053509,48.57174109,3.500661345,48.37897805,0.5065178
363,2218.15,46.62553235,0.499831374,50.58444663,3.499999939,50.59968585,3.500313482,47.67092569,3.334297316,51.7286322,3.503763158,47.43265174,3.491895054,48.61316459,0.498053509,48.48311089,3.500661345,48.27160101,0.501172555
364,2218.2,46.52286147,0.499831374,50.63896383,3.499999939,50.67564627,3.500313482,47.58102478,3.447642743,51.8145017,3.503763158,47.31285695,3.488153447,48.51445511,0.498053509,48.39230777,3.500661345,48.15991618,0.499030466
365,2218.25,46.41801767,0.499831374,50.69354953,3.499999939,50.75411167,3.500313482,47.49171882,3.478047036,51.90254412,3.503763158,47.18840511,3.484046844,48.4157264,0.498053509,48.29933172,3.500661345,48.04389253,0.499030466
366,2218.3,46.31100094,0.499831374,50.75150824,3.499999939,50.8335785,3.500313482,47.40249228,3.483582629,51.99275948,3.503763158,47.05955689,3.479728296,48.31699081,0.498053509,48.2042153,3.500661345,47.92352971,0.499030466
367,2218.35,46.20181128,0.499831374,50.81366172,3.499999939,50.91320068,3.500313482,47.31328749,3.493485837,52.08514776,3.503763158,46.92640046,3.474964285,48.21824874,0.498053509,48.10702367,3.500661345,47.79882732,0.499030466
368,2218.4,46.0904487,0.499831374,50.87976743,3.499999939,50.99321807,3.500313482,47.22404145,3.497825902,52.17970897,3.503763158,46.78902095,3.468873719,48.1195006,0.498053509,48.00765911,3.500661345,47.66978493,0.499030466
369,2218.45,45.97691318,0.499831374,50.94843956,3.499999939,51.07501568,3.500313482,47.13464367,3.500978359,52.27644311,3.503763158,46.64746246,3.462950044,48.02074682,0.498053509,47.90612161,3.500661345,47.5364021,0.499030466
370,2218.5,45.86120474,0.499831374,51.01903449,3.499999939,51.15923691,3.500313482,47.04506301,3.500978359,52.37535017,3.503763158,46.50175008,3.457218329,47.92198783,0.498053509,47.80241119,3.500661345,47.3986784,0.499030466
371,2218.55,45.74332336,0.499831374,51.09182748,3.499999939,51.24560637,3.500313482,46.95528719,3.500978359,52.47643017,3.503763158,46.35188917,3.451683938,47.82322407,0.498053509,47.69661487,3.500661345,47.25661343,0.499030466
372,2218.6,45.62326906,0.499831374,51.16874632,3.499999939,51.33219617,3.500313482,46.86531274,3.500978359,52.57968309,3.503763158,46.19788163,3.446348776,47.72445591,0.498053509,47.58890669,3.500661345,47.1102068,0.499030466
373,2218.65,45.50104183,0.499831374,51.2493377,3.499999939,51.41945947,3.500313482,46.77513909,3.500978359,52.68510894,3.503763158,46.03972686,3.441212247,47.62568373,0.498053509,47.47954335,3.500661345,46.95945817,0.499030466
374,2218.7,45.37664167,0.499831374,51.33414692,3.499999939,51.50685089,3.500313482,46.68476782,3.500978359,52.79270772,3.503763158,45.8779173,3.436766777,47.52690787,0.498053509,47.36974505,3.500661345,46.8043672,0.499030466
375,2218.75,45.25006859,0.499831374,51.42290686,3.499999939,51.59463746,3.500313482,46.59394172,3.500978359,52.90247943,3.503763158,45.7139348,3.434494236,47.42812863,0.498053509,47.25832795,3.500661345,46.64547608,0.499030466
376,2218.8,45.12132257,0.499831374,51.51524687,3.499999939,51.68318975,3.500313482,46.50164791,3.500978359,53.01442407,3.503763158,45.54777938,3.434394624,47.3288038,0.498053509,47.14473791,3.500661345,46.48441203,0.499030466
377,2218.85,44.99040363,0.499831374,51.60949302,3.499999939,51.77418164,3.500313482,46.40663768,3.500978359,53.12854164,3.503763158,45.37945103,3.43646794,47.22730604,0.498053509,47.02951844,3.500661345,46.32117505,0.499030466
378,2218.9,44.85731176,0.499831374,51.70769513,3.499999939,51.8655633,3.500313482,46.30756419,3.500978359,53.24483213,3.503763158,45.20894975,3.440714184,47.12363535,0.498053509,46.91458358,3.500661345,46.15576514,0.499030466
379,2218.95,44.72204695,0.499831374,51.8096498,3.499999939,51.95753801,3.500313482,46.20499459,3.500978359,53.36329556,3.503763158,45.03627555,3.446789564,47.01779173,0.498053509,46.80050053,3.500661345,45.98818231,0.499030466
380,2219,44.58460922,0.499831374,51.91364766,3.499999939,52.05181503,3.500313482,46.09807808,3.500978359,53.48393191,3.503763158,44.86142841,3.453829464,46.90977519,0.498053509,46.68641855,3.500661345,45.81842655,0.499030466
381,2219.05,44.44499857,0.499831374,52.02046459,3.499999939,52.14761834,3.500313482,45.98681465,3.500978359,53.60674119,3.503763158,44.68440835,3.462511205,46.79958571,0.498053509,46.57233763,3.500661345,45.64649785,0.499030466
382,2219.1,44.30321498,0.499831374,52.1306252,3.499999939,52.24442311,3.500313482,45.87120429,3.500978359,53.7317234,3.503763158,44.50521536,3.473365874,46.68722331,0.498053509,46.45825779,3.500661345,45.47239623,0.499030466
383,2219.15,44.15925846,0.499831374,52.24211011,3.499999939,52.34424826,3.500313482,45.75124701,3.500978359,53.85887854,3.503763158,44.32384944,3.486393472,46.57268797,0.498053509,46.34417901,3.500661345,45.29612168,0.499030466
384,2219.2,44.01312902,0.499831374,52.3573247,3.499999939,52.44468769,3.500313482,45.62694281,3.500978359,53.9882066,3.503763158,44.14031059,3.497386442,46.45597971,0.498053509,46.23010129,3.500661345,45.11767421,0.499030466
385,2219.25,43.86482665,0.499831374,52.47501638,3.499999939,52.5469911,3.500313482,45.4982917,3.500978359,54.1197076,3.503763158,43.95459881,3.497929674,46.33709852,0.498053509,46.1160246,3.500661345,44.9370538,0.499030466
386,2219.3,43.71435135,0.499831374,52.59708602,3.499999939,52.64913692,3.500313482,45.36529371,3.500978359,54.25338152,3.503763158,43.7667141,3.499925928,46.21604441,0.498053509,46.00194893,3.500661345,44.75426047,0.499030466
387,2219.35,43.56170312,0.499831374,52.72247514,3.499999939,52.75196186,3.500313482,45.22849234,3.500978359,54.38922837,3.503763158,43.57665647,3.500292485,46.09281736,0.498053509,45.88733078,3.500661345,44.5692942,0.499030466
388,2219.4,43.40688196,0.499831374,52.84759677,3.499999939,52.85878437,3.500313482,45.08951804,3.500978359,54.52724815,3.503763158,43.38442591,3.500292485,45.96741738,0.498053509,45.77053969,3.500661345,44.38215501,0.499030466
389,2219.45,43.24988787,0.499831374,52.97177306,3.499999939,52.96897367,3.500313482,44.94837081,3.500978359,54.66744086,3.503763158,43.19002241,3.500292485,45.83984448,0.498053509,45.65157567,3.500661345,44.19284289,0.499030466
390,2219.5,43.09072086,0.499831374,53.09596206,3.499999939,53.08349763,3.500313482,44.80505066,3.500978359,54.8098065,3.503763158,42.99344599,3.500292485,45.71009865,0.498053509,45.53043873,3.500661345,44.00135784,0.499030466
391,2219.55,42.92938092,0.499831374,53.22015573,3.499999939,53.20235246,3.500313482,44.65955757,3.500978359,54.95434506,3.503763158,42.79469664,3.500292485,45.57817989,0.498053509,45.40712886,3.500661345,43.80769987,0.499030466
392,2219.6,42.76586804,0.499831374,53.34385204,3.499999939,53.32503807,3.500313482,44.51189156,3.500978359,55.10105656,3.503763158,42.59377437,3.500292485,45.4440882,0.498053509,45.28164605,3.500661345,43.61186896,0.499030466
393,2219.65,42.60018224,0.499831374,53.46532155,3.499999939,53.44982567,3.500313482,44.36205262,3.500978359,55.24994098,3.503763158,42.39067916,3.500292485,45.30782358,0.498053509,45.15399032,3.500661345,43.41386513,0.499030466
394,2219.7,42.43232351,0.499831374,53.58450268,3.499999939,53.57665315,3.500313482,44.21004075,3.500978359,55.40099833,3.503763158,42.18541103,3.500292485,45.16938603,0.498053509,45.02416167,3.500661345,43.21368836,0.499030466
395,2219.75,42.26229186,0.499831374,53.70369315,3.499999939,53.7078166,3.500313482,44.05585595,3.500978359,55.55422861,3.503763158,41.97796996,3.500292485,45.02877556,0.498053509,44.89216008,3.500661345,43.01133867,0.499030466
396,2219.8,42.09008727,0.499831374,53.82264765,3.499999939,53.8430674,3.500313482,43.89949822,3.500978359,55.70963182,3.503763158,41.76835597,3.500292485,44.88599216,0.498053509,44.75798556,3.500661345,42.80681605,0.499030466
397,2219.85,41.91570976,0.499831374,53.94082362,3.499999939,53.9818552,3.500313482,43.74096756,3.500978359,55.86720796,3.503763158,41.55656905,3.500292485,44.74103582,0.498053509,44.62163812,3.500661345,42.6001205,0.499030466
398,2219.9,41.73915931,0.499831374,54.0583398,3.499999939,54.12425781,3.500313482,43.58026398,3.500978359,56.02695703,3.503763158,41.3426092,3.500292485,44.59390656,0.498053509,44.48311775,3.500661345,42.39125203,0.499030466
399,2219.95,41.56043594,0.499831374,54.17534421,3.499999939,54.26831189,3.500313482,43.41738747,3.500978359,56.18887902,3.503763158,41.12647643,3.500292485,44.44460438,0.498053509,44.34242445,3.500661345,42.18021062,0.499030466
400,2220,41.37953964,0.499831374,54.29652538,3.499999939,54.41257516,3.500313482,43.25233802,3.500978359,56.35297394,3.503763158,40.90817072,3.500292485,44.29312926,0.498053509,44.19955822,3.500661345,41.96753889,0.499030466
401,2220.05,41.19592782,0.499831374,54.42168466,3.499999939,54.55721048,3.500313482,43.08511565,3.500978359,56.51924179,3.503763158,40.68769209,3.500292485,44.13948121,0.498053509,44.05451906,3.500661345,41.75486463,0.499030466
402,2220.1,41.00797273,0.499831374,54.55028696,3.499999939,54.70275025,3.500313482,42.91572035,3.500978359,56.68768257,3.503763158,40.46504052,3.500292485,43.98366024,0.498053509,43.90730697,3.500661345,41.54218772,0.499030466
403,2220.15,40.81567448,0.499831374,54.68280326,3.499999939,54.84872269,3.500313482,42.74415213,3.500978359,56.85829628,3.503763158,40.24021603,3.500292485,43.82566633,0.498053509,43.75792196,3.500661345,41.32950807,0.499030466
404,2220.2,40.61903316,0.499831374,54.81803838,3.499999939,54.99632267,3.500313482,42.57041097,3.500978359,57.03108292,3.503763158,40.01321861,3.500292485,43.6654995,0.498053509,43.60636401,3.500661345,41.1168256,0.499030466
405,2220.25,40.41804884,0.499831374,54.95669035,3.499999939,55.14485197,3.500313482,42.39449689,3.500978359,57.20604248,3.503763158,39.78404827,3.500292485,43.50315974,0.498053509,43.45263314,3.500661345,40.90414023,0.499030466
406,2220.3,40.2127216,0.499831374,55.09957163,3.499999939,55.29349803,3.500313482,42.21640987,3.500978359,57.38317498,3.503763158,39.55270499,3.500292485,43.33864705,0.498053509,43.29672934,3.500661345,40.69145191,0.499030466
407,2220.35,40.00305146,0.499831374,55.24643657,3.499999939,55.44250638,3.500313482,42.03614993,3.500978359,57.5624804,3.503763158,39.31918878,3.500292485,43.17196144,0.498053509,43.13865261,3.500661345,40.47876061,0.499030466
408,2220.4,39.78903845,0.499831374,55.39765298,3.499999939,55.59150911,3.500313482,41.85371706,3.500978359,57.74395875,3.503763158,39.08349965,3.500292485,43.00310289,0.498053509,42.97840296,3.500661345,40.26606632,0.499030466
409,2220.45,39.57068258,0.499831374,55.55286733,3.499999939,55.74085966,3.500313482,41.66911126,3.500978359,57.92761003,3.503763158,38.84563759,3.500292485,42.83207142,0.498053509,42.81598037,3.500661345,40.05336905,0.499030466
410,2220.5,39.34798381,0.499831374,55.71129869,3.499999939,55.89133885,3.500313482,41.48233254,3.500978359,58.11343424,3.503763158,38.6056026,3.500292485,42.65886701,0.498053509,42.65143172,3.500661345,39.84066883,0.499030466
411,2220.55,39.1209421,0.499831374,55.8737349,3.499999939,56.04215873,3.500313482,41.29338088,3.500978359,58.30143137,3.503763158,38.36339468,3.500292485,42.48348968,0.498053509,42.48485076,3.500661345,39.62796573,0.499030466
412,2220.6,38.88955739,0.499831374,56.03991489,3.499999939,56.19358012,3.500313482,41.1022563,3.500978359,58.49160144,3.503763158,38.11901383,3.500292485,42.30593942,0.498053509,42.31609686,3.500661345,39.41525981,0.499030466
413,2220.65,38.6538296,0.499831374,56.20975065,3.499999939,56.34569061,3.500313482,40.90895878,3.500978359,58.68394443,3.503763158,37.87246005,3.500292485,42.12621624,0.498053509,42.14517004,3.500661345,39.20255116,0.499030466
414,2220.7,38.41375864,0.499831374,56.38384671,3.499999939,56.49788447,3.500313482,40.71348834,3.500978359,58.87846036,3.503763158,37.62373335,3.500292485,41.94432012,0.498053509,41.97207029,3.500661345,38.98983987,0.499030466
415,2220.75,38.1693444,0.499831374,56.56164573,3.499999939,56.65071113,3.500313482,40.51584497,3.500978359,59.07514921,3.503763158,37.37283371,3.500292485,41.76025107,0.498053509,41.79679761,3.500661345,38.77658344,0.499030466
416,2220.8,37.9211294,0.499831374,56.74179098,3.499999939,56.80565803,3.500313482,40.31602868,3.500978359,59.27401099,3.503763158,37.11976115,3.500292485,41.5740091,0.498053509,41.619352,3.500661345,38.56115408,0.499030466
417,2220.85,37.67074148,0.499831374,56.92248043,3.499999939,56.96483296,3.500313482,40.11403945,3.500978359,59.47504569,3.503763158,36.86451566,3.500292485,41.3855942,0.498053509,41.43973346,3.500661345,38.3435518,0.499030466
418,2220.9,37.41818063,0.499831374,57.10319284,3.499999939,57.12833718,3.500313482,39.90987729,3.500978359,59.67825333,3.503763158,36.60709724,3.500292485,41.19500637,0.498053509,41.257942,3.500661345,38.12377658,0.499030466
419,2220.95,37.16344685,0.499831374,57.28391856,3.499999939,57.29617593,3.500313482,39.70354221,3.500978359,59.88363389,3.503763158,36.34750589,3.500292485,41.00224561,0.498053509,41.0739776,3.500661345,37.90182844,0.499030466
420,2221,36.90654014,0.499831374,57.46420242,3.499999939,57.46789947,3.500313482,39.4950342,3.500978359,60.09118739,3.503763158,36.08574162,3.500292485,40.80731192,0.498053509,40.88784028,3.500661345,37.67770737,0.499030466
421,2221.05,36.6474605,0.499831374,57.64313534,3.499999939,57.64260127,3.500313482,39.28435326,3.500978359,60.30091381,3.503763158,35.82180441,3.500292485,40.6102053,0.498053509,40.69953003,3.500661345,37.45141337,0.499030466
422,2221.1,36.38620793,0.499831374,57.82158492,3.499999939,57.82115003,3.500313482,39.07149939,3.500978359,60.51281316,3.503763158,35.55569428,3.500292485,40.41092576,0.498053509,40.50904685,3.500661345,37.22294644,0.499030466
423,2221.15,36.12278244,0.499831374,57.99860255,3.499999939,58.00259747,3.500313482,38.85647259,3.500978359,60.72688544,3.503763158,35.28741122,3.500292485,40.20947328,0.498053509,40.31747721,3.500661345,36.99230658,0.499030466
424,2221.2,35.85718402,0.499831374,58.17548036,3.499999939,58.18823519,3.500313482,38.63927286,3.500978359,60.94313065,3.503763158,35.01695523,3.500292485,40.00584788,0.498053509,40.12699403,3.500661345,36.75949379,0.499030466
425,2221.25,35.58941266,0.499831374,58.35180439,3.499999939,58.37764784,3.500313482,38.41990021,3.500978359,61.16154878,3.503763158,34.74432631,3.500292485,39.80004955,0.498053509,39.93433792,3.500661345,36.52450808,0.499030466
426,2221.3,35.31946838,0.499831374,58.52756697,3.499999939,58.57082482,3.500313482,38.19835462,3.500978359,61.38213985,3.503763158,34.46952446,3.500292485,39.59207829,0.498053509,39.73950888,3.500661345,36.28734943,0.499030466
427,2221.35,35.04735117,0.499831374,58.70234464,3.499999939,58.76733605,3.500313482,37.97463611,3.500978359,61.60490384,3.503763158,34.19254968,3.500292485,39.3819341,0.498053509,39.54250692,3.500661345,36.04801786,0.499030466
428,2221.4,34.77306104,0.499831374,58.87571897,3.499999939,58.96673622,3.500313482,37.74874467,3.500978359,61.82984076,3.503763158,33.91340198,3.500292485,39.16961699,0.498053509,39.34333202,3.500661345,35.80651336,0.499030466
429,2221.45,34.49659797,0.499831374,59.04900541,3.499999939,59.16846631,3.500313482,37.5206803,3.500978359,62.05695061,3.503763158,33.63208135,3.500292485,38.95512694,0.498053509,39.14210165,3.500661345,35.56283593,0.499030466
430,2221.5,34.21796198,0.499831374,59.22580438,3.499999939,59.37110569,3.500313482,37.290443,3.500978359,62.28623339,3.503763158,33.34858779,3.500292485,38.73846397,0.498053509,38.93905071,3.500661345,35.31698557,0.499030466
431,2221.55,33.93715305,0.499831374,59.40567303,3.499999939,59.57502629,3.500313482,37.05803278,3.500978359,62.5176891,3.503763158,33.0629213,3.500292485,38.51962807,0.498053509,38.73382683,3.500661345,35.06896229,0.499030466
432,2221.6,33.6541712,0.499831374,59.58935585,3.499999939,59.77948036,3.500313482,36.82344962,3.500978359,62.75131773,3.503763158,32.77508188,3.500292485,38.29861924,0.498053509,38.52659379,3.500661345,34.81876607,0.499030466
433,2221.65,33.36901642,0.499831374,59.77685575,3.499999939,59.98446408,3.500313482,36.58669354,3.500978359,62.9871193,3.503763158,32.48506953,3.500292485,38.07543748,0.498053509,38.31767912,3.500661345,34.56639693,0.499030466
434,2221.7,33.08168871,0.499831374,59.96809197,3.499999939,60.19005783,3.500313482,36.34776453,3.500978359,63.22509379,3.503763158,32.19288425,3.500292485,37.85008279,0.498053509,38.10659152,3.500661345,34.31185486,0.499030466
435,2221.75,32.79218808,0.499831374,60.16263008,3.499999939,60.39669585,3.500313482,36.10666259,3.500978359,63.46524121,3.503763158,31.89852605,3.500292485,37.62255517,0.498053509,37.89333099,3.500661345,34.05513986,0.499030466
436,2221.8,32.50051451,0.499831374,60.36151939,3.499999939,60.60332873,3.500313482,35.86338772,3.500978359,63.70756156,3.503763158,31.60199492,3.500292485,37.39285463,0.498053509,37.67789753,3.500661345,33.79625193,0.499030466
437,2221.85,32.20666802,0.499831374,60.56475954,3.499999939,60.80995673,3.500313482,35.61793992,3.500978359,63.95205484,3.503763158,31.30329086,3.500292485,37.16098116,0.498053509,37.46029114,3.500661345,33.53519107,0.499030466
438,2221.9,31.91064859,0.499831374,60.77195118,3.499999939,61.01697912,3.500313482,35.3703192,3.500978359,64.19872105,3.503763158,31.00241387,3.500292485,36.92693475,0.498053509,37.24051183,3.500661345,33.27195728,0.499030466
439,2221.95,31.61245624,0.499831374,60.98229589,3.499999939,61.22519425,3.500313482,35.12052554,3.500978359,64.44756018,3.503763158,30.69936395,3.500292485,36.69071542,0.498053509,37.01855958,3.500661345,33.00655057,0.499030466
440,2222,31.31209096,0.499831374,61.1969342,3.499999939,61.43346157,3.500313482,34.86855896,3.500978359,64.69857225,3.503763158,30.3941411,3.500292485,36.45232317,0.498053509,36.79503128,3.500661345,32.73897093,0.499030466
441,2222.05,31.00955275,0.499831374,61.41522758,3.499999939,61.64241952,3.500313482,34.61441945,3.500978359,64.95175724,3.503763158,30.08674532,3.500292485,36.21175798,0.498053509,36.57112066,3.500661345,32.46921835,0.499030466
442,2222.1,30.70484162,0.499831374,61.63629897,3.499999939,61.85294506,3.500313482,34.35810701,3.500978359,65.20711516,3.503763158,29.77717662,3.500292485,35.96901986,0.498053509,36.3450371,3.500661345,32.19729285,0.499030466
443,2222.15,30.39795755,0.499831374,61.8615861,3.499999939,62.06360036,3.500313482,34.09962164,3.500978359,65.46464601,3.503763158,29.46543499,3.500292485,35.72410882,0.498053509,36.11678062,3.500661345,31.92319443,0.499030466
444,2222.2,30.08890056,0.499831374,62.0903968,3.499999939,62.27507732,3.500313482,33.83896334,3.500978359,65.72434979,3.503763158,29.15152043,3.500292485,35.47702485,0.498053509,35.88635121,3.500661345,31.64692307,0.499030466
445,2222.25,29.77767063,0.499831374,62.32229919,3.499999939,62.48780733,3.500313482,33.57613212,3.500978359,65.98622649,3.503763158,28.83543294,3.500292485,35.22776794,0.498053509,35.65374887,3.500661345,31.36847878,0.499030466
446,2222.3,29.46426778,0.499831374,62.55855834,3.499999939,62.70052397,3.500313482,33.31112796,3.500978359,66.25027613,3.503763158,28.51717252,3.500292485,34.97633811,0.498053509,35.41897361,3.500661345,31.08786157,0.499030466
447,2222.35,29.148692,0.499831374,62.7991816,3.499999939,62.91320465,3.500313482,33.04395088,3.500978359,66.51649869,3.503763158,28.19673917,3.500292485,34.72273536,0.498053509,35.18202541,3.500661345,30.80507143,0.499030466
448,2222.4,28.83094329,0.499831374,63.04275407,3.499999939,63.12654453,3.500313482,32.77460087,3.500978359,66.78489418,3.503763158,27.8741329,3.500292485,34.46695967,0.498053509,34.94290429,3.500661345,30.52010835,0.499030466
449,2222.45,28.51102166,0.499831374,63.28533206,3.499999939,63.34314017,3.500313482,32.50307793,3.500978359,67.05546261,3.503763158,27.54935369,3.500292485,34.20901105,0.498053509,34.70161024,3.500661345,30.23297235,0.499030466
450,2222.5,28.18892709,0.499831374,63.52792641,3.499999939,63.56406934,3.500313482,32.22938206,3.500978359,67.32820395,3.503763158,27.22240156,3.500292485,33.94888951,0.498053509,34.45814326,3.500661345,29.94366343,0.499030466
451,2222.55,27.8646596,0.499831374,63.77053084,3.499999939,63.78933572,3.500313482,31.95351326,3.500978359,67.60311823,3.503763158,26.8932765,3.500292485,33.68659504,0.498053509,34.21250335,3.500661345,29.65218157,0.499030466
452,2222.6,27.53821918,0.499831374,64.01284951,3.499999939,64.01864754,3.500313482,31.67547154,3.500978359,67.88020544,3.503763158,26.56197851,3.500292485,33.42212764,0.498053509,33.96469051,3.500661345,29.35852678,0.499030466
453,2222.65,27.20960583,0.499831374,64.25377438,3.499999939,64.25089885,3.500313482,31.39525688,3.500978359,68.15946557,3.503763158,26.22850759,3.500292485,33.15548731,0.498053509,33.71470474,3.500661345,29.06269907,0.499030466
454,2222.7,26.87881955,0.499831374,64.49297006,3.499999939,64.48575531,3.500313482,31.1128693,3.500978359,68.44089864,3.503763158,25.89286375,3.500292485,32.88667405,0.498053509,33.46254605,3.500661345,28.76469843,0.499030466
455,2222.75,26.54586034,0.499831374,64.73164568,3.499999939,64.72442662,3.500313482,30.82830879,3.500978359,68.72450463,3.503763158,25.55504697,3.500292485,32.61568786,0.498053509,33.20821443,3.500661345,28.46452486,0.499030466
456,2222.8,26.2107282,0.499831374,64.9699699,3.499999939,64.96708162,3.500313482,30.54157535,3.500978359,69.01028355,3.503763158,25.21505727,3.500292485,32.34252875,0.498053509,32.95170987,3.500661345,28.16217836,0.499030466
457,2222.85,25.87342314,0.499831374,65.20722921,3.499999939,65.21300655,3.500313482,30.25266898,3.500978359,69.2982354,3.503763158,24.87289464,3.500292485,32.0671967,0.498053509,32.69303239,3.500661345,27.85765893,0.499030466
458,2222.9,25.53394514,0.499831374,65.44449424,3.499999939,65.46327141,3.500313482,29.96158969,3.500978359,69.58836018,3.503763158,24.52855908,3.500292485,31.78969173,0.498053509,32.43218198,3.500661345,27.55096657,0.499030466
459,2222.95,25.19229422,0.499831374,65.68176551,3.499999939,65.71787547,3.500313482,29.66833746,3.500978359,69.88065788,3.503763158,24.18205059,3.500292485,31.51001383,0.498053509,32.16915865,3.500661345,27.24210129,0.499030466
460,2223,24.84847037,0.499831374,65.91900811,3.499999939,65.97678158,3.500313482,29.37291231,3.500978359,70.17512852,3.503763158,23.83336917,3.500292485,31.228163,0.498053509,31.90396238,3.500661345,26.93106307,0.499030466
461,2223.05,48.99945677,0.999456768,49.00054323,2.000543232,49.00054323,3.000543232,49.99945677,1.000543232,50.00054323,2.000543232,49.99945677,3.000543232,50.99945677,0.999456768,50.99945677,2.000543232,50.99945677,2.999456768
462,2223.1,48.99674061,0.996740607,49.00265191,2.003259393,49.00325939,3.003259393,49.99674061,1.003259393,50.00325939,2.003259393,49.99674061,3.003259393,50.99674061,0.996740607,50.99674061,2.003259393,50.99674061,2.996740607
463,2223.15,48.99185152,0.991851518,49.00511105,2.008148482,49.00814848,3.008148482,49.99185152,1.008148482,50.00814848,2.008148482,49.99185152,3.008148482,50.99185152,0.991851518,50.99206502,2.008148482,50.99185152,2.991851518
464,2223.2,48.9847895,0.9847895,49.00953311,2.0152105,49.0152105,3.0152105,49.9847895,1.0152105,50.0152105,2.0152105,49.9847895,3.0152105,50.9847895,0.9847895,50.98585701,2.0152105,50.9847895,2.9847895
465,2223.25,48.97555455,0.975554554,49.01549807,2.024445446,49.02444545,3.024445446,49.97555455,1.024445446,50.02444545,2.024445446,49.97555455,3.024445446,50.97555455,0.975554554,50.97747607,2.024445446,50.97555455,2.975554554
466,2223.3,48.96414668,0.964146679,49.02363597,2.035853321,49.03585332,3.035853321,49.96414668,1.035853321,50.03585332,2.035853321,49.96414668,3.035853321,50.96414668,0.964146679,50.96692221,2.035853321,50.96414668,2.964146679
467,2223.35,48.95056588,0.950565876,49.03323399,2.049434124,49.04943412,3.049434124,49.95056588,1.049434124,50.04943412,2.049434124,49.95056588,3.049434124,50.95056588,0.950565876,50.95419541,2.049434124,50.95056588,2.950565876
468,2223.4,48.93481214,0.934812144,49.04232692,2.065187856,49.06518786,3.065187856,49.93481214,1.065187856,50.06518786,2.065187856,49.93481214,3.065187856,50.93481214,0.934812144,50.93929569,2.065187856,50.93481214,2.934812144
469,2223.45,48.91688548,0.916885484,49.05197399,2.083114516,49.08311452,3.083114516,49.91688548,1.083114516,50.08311452,2.083114516,49.91688548,3.083114516,50.91688548,0.916885484,50.92222303,2.083114516,50.91688548,2.916885484
470,2223.5,48.89678589,0.896785895,49.06379399,2.103214105,49.10321411,3.103214105,49.89678589,1.103214105,50.10321411,2.103214105,49.89678589,3.102997042,50.89678589,0.896785895,50.90297745,2.103214105,50.89678589,2.896785895
471,2223.55,48.87451338,0.874513377,49.07778691,2.125486623,49.12548662,3.125486623,49.87451338,1.125486623,50.12548662,2.125486623,49.87451338,3.124401306,50.87451338,0.874513377,50.88155894,2.125486623,50.87451338,2.874513377
472,2223.6,48.85006793,0.850067931,49.09395277,2.149932069,49.14993207,3.149932069,49.85006793,1.149932069,50.14993207,2.149932069,49.85006793,3.147978499,50.85006793,0.850067931,50.85796751,2.149932069,50.85006793,2.850067931
473,2223.65,48.82344956,0.823449557,49.11181535,2.176550443,49.17599549,3.175995491,49.82344956,1.176550443,50.17599712,2.175997118,49.82291914,3.173198199,50.82344956,0.823449557,50.83112364,2.175470941,50.8229112,2.822911196
474,2223.7,48.79465825,0.794658254,49.12994613,2.205341746,49.20201038,3.202010376,49.79465825,1.205341746,50.20202055,2.202020553,49.79147762,3.198471033,50.79465825,0.794658254,50.79778844,2.198864345,50.79143214,2.791432143
475,2223.75,48.76369402,0.763694022,49.14882149,2.236305978,49.22796979,3.227969787,49.76369402,1.236305978,50.22799514,2.227995143,49.75575135,3.223804974,50.76369402,0.763694022,50.7579607,2.220111055,50.75565003,2.75565003
476,2223.8,48.73055686,0.730556862,49.16959232,2.269443138,49.25386541,3.25386541,49.73055686,1.269443138,50.25390376,2.253903762,49.71575012,3.249209809,50.73055686,0.730556862,50.71164107,2.239211744,50.71482932,2.714829316
477,2223.85,48.69524677,0.695246773,49.19126737,2.304753227,49.27968693,3.27968693,49.69524677,1.304753227,50.27894718,2.278947176,49.67148645,3.274698068,50.69524677,0.695246773,50.6588352,2.256172041,50.66671442,2.666714417
478,2223.9,48.65776376,0.657763756,49.21304792,2.342236244,49.30542096,3.305420958,49.65776376,1.342236244,50.30077203,2.300772029,49.62297731,3.300286706,50.65776376,0.657763756,50.59955862,2.271007483,50.61137017,2.611370171
479,2223.95,48.61810781,0.618107811,49.23409454,2.381892189,49.331049,3.331049004,49.61810781,1.381892189,50.31931224,2.319312242,49.57024758,3.326000618,50.61810781,0.618107811,50.53384514,2.283751886,50.54888591,2.54888591
480,2224,48.57627894,0.576278936,49.25490947,2.423721064,49.35654303,3.356543032,49.57627894,1.423721064,50.33447363,2.334473626,49.51333897,3.351881497,50.57627894,0.576278936,50.46177677,2.294487253,50.47940094,2.479400939
481,2224.05,48.53227713,0.532277134,49.27636713,2.467722866,49.38185322,3.381853222,49.53227713,1.467722866,50.34610252,2.346102516,49.45234266,3.378020548,50.53227713,0.532277134,50.38362389,2.303483974,50.40317882,2.403178817
482,2224.1,48.4861024,0.498053509,49.29999772,2.513897598,49.40685291,3.406852908,49.4861024,1.513897598,50.3539703,2.353970304,49.38789001,3.405049105,50.4861024,0.498053509,50.30061984,2.311975379,50.32091959,2.320919587
483,2224.15,48.43775474,0.498053509,49.3252011,2.562245257,49.43228527,3.432285271,49.43775474,1.562245257,50.36029037,2.360290371,49.32205574,3.435041901,50.43775474,0.498053509,50.21530333,2.322500182,50.23593947,2.235939468
484,2224.2,48.38723415,0.498053509,49.3501213,2.612765846,49.46119796,3.461197959,49.38723415,1.612765846,50.37248831,2.372488307,49.25649493,3.469654015,50.38723415,0.498053509,50.12900649,2.336390509,50.15485391,2.154853909
485,2224.25,48.33454064,0.498053509,49.37519295,2.665459363,49.49428487,3.494284866,49.33454064,1.665459363,50.39136882,2.391368823,49.19103196,3.498122598,50.33454064,0.498053509,50.0439627,2.355756737,50.07747477,2.077474768
486,2224.3,48.27967419,0.498053509,49.40195659,2.720325808,49.53165314,3.503357267,49.27967419,1.720325808,50.41691924,2.41691924,49.12561022,3.4991479,50.27967419,0.498053509,49.96102402,2.381204905,50.00357008,2.003570082
487,2224.35,48.22263482,0.498053509,49.42879918,2.776619668,49.57333847,3.503357267,49.22263482,1.777365182,50.44958884,2.449588844,49.06021477,3.500173202,50.22263482,0.498053509,49.88037296,2.413276271,49.93315686,1.933156864
488,2224.4,48.16342252,0.498053509,49.45348848,2.832300474,49.61877951,3.503357267,49.16342252,1.836577485,50.48834968,2.488349679,48.994833,3.500173202,50.16342252,0.498053509,49.80284135,2.45249074,49.86536139,1.865361391
489,2224.45,48.10203728,0.498053509,49.47721137,2.888395504,49.66625917,3.503357267,49.10203728,1.897962716,50.52988316,2.529883162,48.92891674,3.500173202,50.10203728,0.498053509,49.72862395,2.498491213,49.79774791,1.797747911
490,2224.5,48.03847912,0.498053509,49.50175234,2.946268124,49.71509674,3.503357267,49.03847912,1.961520875,50.57358957,2.573589574,48.86082756,3.500173202,50.03847912,0.498053509,49.6548048,2.549235791,49.72982062,1.729820616
491,2224.55,47.97274804,0.498053509,49.52828889,3.006136315,49.76332808,3.503357267,48.97274804,2.027251963,50.61946892,2.619468915,48.79056545,3.500173202,49.97274804,0.498053509,49.58005248,2.603393054,49.65972039,1.659720393
492,2224.6,47.90484402,0.498053509,49.55694195,3.068362303,49.81097412,3.503357267,48.90484402,2.09515598,50.66752118,2.667521184,48.71813042,3.500173202,49.90484402,0.498053509,49.50499221,2.661541144,49.58744724,1.587447241
493,2224.65,47.83476708,0.498053509,49.58717252,3.133468529,49.8584973,3.503357267,48.83476708,2.165232925,50.71774638,2.717746382,48.64352245,3.500173202,49.83476708,0.498053509,49.43007399,2.724035915,49.51300116,1.51300116
494,2224.7,47.7625172,0.498053509,49.6191594,3.202067643,49.90613189,3.503357267,48.7625172,2.237482799,50.77014451,2.770144508,48.56674156,3.500173202,49.7625172,0.498053509,49.35525832,2.790979092,49.43638215,1.436382151
495,2224.75,47.6880944,0.498053509,49.65509074,3.274611213,49.95287479,3.503357267,48.6880944,2.311905601,50.82471556,2.824715563,48.48778773,3.500173202,49.6880944,0.498053509,49.28156547,2.863047457,49.35759021,1.357590213
496,2224.8,47.61149867,0.498053509,49.69416833,3.351276601,49.99961777,3.503357267,48.61149867,2.388501331,50.88145955,2.881459546,48.40666098,3.500173202,49.61149867,0.498053509,49.20909177,2.939650355,49.27662535,1.276625347
497,2224.85,47.53273001,0.498053509,49.73496992,3.432973543,50.04861463,3.503357267,48.53273001,2.467269991,50.94037646,2.940376458,48.3233613,3.500173202,49.53273001,0.498053509,49.13468415,3.018665198,49.19348755,1.193487552
498,2224.9,47.45178842,0.498053509,49.77953919,3.497148429,50.09846541,3.503357267,48.45178842,2.548211579,51.0014663,3.001466299,48.23788869,3.500173202,49.45178842,0.498053509,49.05810361,3.09985297,49.10817683,1.108176829
499,2224.95,47.36867391,0.498053509,49.82766389,3.4982462,50.1492206,3.503357267,48.36867391,2.631326095,51.06472907,3.064729067,48.15024315,3.500173202,49.36842835,0.498053509,48.97935013,3.18321367,49.02091534,1.020915341
500,2225,47.28338646,0.498053509,49.87743069,3.499343972,50.20268522,3.503357267,48.28338646,2.71661354,51.13016476,3.130164765,48.06042469,3.500173202,49.28196278,0.498053509,48.89842373,3.268747299,48.93231351,0.932313512
501,2225.05,47.19592609,0.498053509,49.92894039,3.499343972,50.25875271,3.503357267,48.19592609,2.804073913,51.19777339,3.197773391,47.96843329,3.500173202,49.19260466,0.498053509,48.8153244,3.356453856,48.84212954,0.842129543
502,2225.1,47.10629278,0.498053509,49.98362656,3.499343972,50.31598962,3.503357267,48.10696264,2.894377074,51.26755495,3.267554945,47.87359058,3.500173202,49.10063129,0.498053509,48.73027254,3.446333342,48.75004253,0.750042532
503,2225.15,47.01448655,0.498053509,50.04249609,3.499343972,50.37338902,3.503357267,48.01852453,2.989551425,51.33950943,3.339509428,47.77383891,3.500173202,49.00641689,0.498053509,48.64370895,3.514965229,48.65561419,0.655614191
504,2225.2,46.9205074,0.498053509,50.10567364,3.499343972,50.43082608,3.503357267,47.93069441,3.089679623,51.41363684,3.41363684,47.66908137,3.499986046,48.9104745,0.498053509,48.55497243,3.514965229,48.5582494,0.558249398
505,2225.25,46.82435531,0.498053509,50.172803,3.499343972,50.48865678,3.503357267,47.84358239,3.194871773,51.48993718,3.48993718,47.55919915,3.499020076,48.81348045,0.498053509,48.46406298,3.514965229,48.45720674,0.483268406
506,2225.3,46.72603029,0.498053509,50.24344626,3.499343972,50.54731876,3.503357267,47.75730481,3.30524423,51.56841045,3.509419689,47.44410129,3.497184314,48.716164,0.498053509,48.37133396,3.514965229,48.35184844,0.483268406
507,2225.35,46.62553235,0.498053509,50.31789445,3.499343972,50.60652081,3.503357267,47.67148099,3.420416298,51.64905665,3.509419689,47.32388392,3.494574899,48.61894874,0.498053509,48.27795189,3.514965229,48.24204436,0.483268406
508,2225.4,46.52286147,0.498053509,50.39612843,3.499343972,50.66628173,3.503357267,47.58450824,3.50874277,51.73187577,3.509419689,47.19898647,3.491631262,48.52183182,0.498053509,48.1843143,3.514965229,48.12779793,0.483268406
509,2225.45,46.41801767,0.498053509,50.47633871,3.499343972,50.7284104,3.503357267,47.49551137,3.50874277,51.81686783,3.509419689,47.06985269,3.488797155,48.42480929,0.498053509,48.09065567,3.514965229,48.00911357,0.483268406
510,2225.5,46.31100094,0.498053509,50.55905561,3.499343972,50.7923763,3.503357267,47.40424985,3.50874277,51.90403281,3.509419689,46.93648855,3.486078541,48.32787636,0.498053509,47.99697585,3.514965229,47.88599637,0.483268406
511,2225.55,46.20181128,0.498053509,50.64616035,3.499343972,50.85629795,3.503357267,47.31071906,3.50874277,51.99337072,3.509419689,46.79889766,3.483479041,48.23102769,0.498053509,47.90327479,3.514965229,47.75845185,0.483268406
512,2225.6,46.0904487,0.498053509,50.73734571,3.499343972,50.92048125,3.503357267,47.21491636,3.50874277,52.08488156,3.509419689,46.65708187,3.481000492,48.13425766,0.498053509,47.8095525,3.514965229,47.62648566,0.483268406
513,2225.65,45.97691318,0.498053509,50.83199493,3.499343972,50.98554065,3.503357267,47.1168406,3.50874277,52.17856533,3.509419689,46.51104165,3.478643367,48.0375606,0.498053509,47.71580906,3.514965229,47.49010344,0.483268406
514,2225.7,45.86120474,0.498053509,50.9308706,3.499343972,51.05070941,3.503357267,47.01649173,3.50874277,52.27442202,3.509419689,46.36077643,3.476407108,47.94093097,0.498053509,47.62204464,3.514965229,47.34931063,0.483268406
515,2225.75,45.74332336,0.498053509,51.03348532,3.499343972,51.11646096,3.503357267,46.91387052,3.50874277,52.37245165,3.509419689,46.20628488,3.474290366,47.84436345,0.498053509,47.52825948,3.514965229,47.20411239,0.483268406
516,2225.8,45.62326906,0.498053509,51.13980871,3.499343972,51.182686,3.503357267,46.80897838,3.50874277,52.4726542,3.509419689,46.04756505,3.472291206,47.74785305,0.498053509,47.43445385,3.514965229,47.05451354,0.483268406
517,2225.85,45.50104183,0.498053509,51.24835859,3.499554446,51.25020154,3.503357267,46.70130258,3.50874277,52.57502969,3.509419689,45.88512949,3.470922174,47.65139514,0.498053509,47.34062813,3.514965229,46.90051852,0.483268406
518,2225.9,45.37664167,0.498053509,51.35634923,3.500185868,51.32061594,3.503357267,46.58930081,3.50874277,52.6795781,3.509419689,45.720521,3.471726071,47.55443091,0.498053509,47.24624433,3.514965229,46.74268549,0.483268406
519,2225.95,45.25006859,0.498053509,51.46313458,3.500185868,51.39395342,3.503357267,46.47351108,3.50874277,52.78629944,3.509419689,45.55373958,3.474702896,47.45529375,0.498053509,47.1496876,3.514965229,46.58267954,0.483268406
520,2226,45.12132257,0.498053509,51.56911644,3.500185868,51.47069845,3.503357267,46.35554841,3.50874277,52.8951937,3.509419689,45.38478524,3.47985265,47.35398367,0.498053509,47.05095794,3.514965229,46.42050065,0.483268406
521,2226.05,44.99040363,0.498053509,51.67444932,3.500185868,51.55103746,3.503357267,46.23541282,3.50874277,53.0062609,3.509419689,45.21365796,3.487175333,47.25050065,0.498053509,46.95005536,3.514965229,46.25614884,0.483268406
522,2226.1,44.85731176,0.498053509,51.77717603,3.500185868,51.633031,3.503357267,46.11310431,3.50874277,53.11950103,3.509419689,45.04035776,3.496670944,47.14484471,0.498053509,46.84697984,3.514965229,46.0896241,0.483268406
523,2226.15,44.72204695,0.498053509,51.87723328,3.500185868,51.71662591,3.503357267,45.98862286,3.50874277,53.23491408,3.509419689,44.86488463,3.499954053,47.03701583,0.498053509,46.74185577,3.514965229,45.92092643,0.483268406
524,2226.2,44.58460922,0.498053509,51.97377568,3.500185868,51.8009834,3.503357267,45.86196849,3.50874277,53.35250006,3.509419689,44.68723857,3.500455836,46.92701403,0.498053509,46.63598948,3.514965229,45.75005583,0.483268406
525,2226.25,44.44499857,0.498053509,52.06942252,3.500185868,51.88872665,3.503357267,45.73314118,3.50874277,53.47225897,3.509419689,44.50741959,3.500455836,46.8148393,0.498053509,46.53112303,3.514965229,45.5770123,0.483268406
526,2226.3,44.30321498,0.498053509,52.16447061,3.500185868,51.98015522,3.503357267,45.60214095,3.50874277,53.59419081,3.509419689,44.32542767,3.500455836,46.70049164,0.498053509,46.42408365,3.514965229,45.40179584,0.483268406
527,2226.35,44.15925846,0.498053509,52.2572119,3.500185868,52.07356267,3.503357267,45.46896779,3.50874277,53.71829558,3.509419689,44.14126283,3.500455836,46.58397106,0.498053509,46.31487134,3.514965229,45.22440646,0.483268406
528,2226.4,44.01312902,0.498053509,52.34688623,3.500185868,52.16818897,3.503357267,45.3336217,3.50874277,53.84457328,3.509419689,43.95492505,3.500455836,46.46527754,0.498053509,46.2034861,3.514965229,45.04484415,0.483268406
529,2226.45,43.86482665,0.498053509,52.43592392,3.500185868,52.26646311,3.503357267,45.19610268,3.50874277,53.9730239,3.509419689,43.76641435,3.500455836,46.3444111,0.498053509,46.08992794,3.514965229,44.8631089,0.483268406
530,2226.5,43.71435135,0.498053509,52.52499304,3.500185868,52.36905101,3.503357267,45.05641074,3.50874277,54.10364745,3.509419689,43.57573072,3.500455836,46.22137173,0.498053509,45.97419685,3.514965229,44.67920073,0.483268406
531,2226.55,43.56170312,0.498053509,52.61331696,3.500185868,52.47517254,3.503357267,44.91454586,3.50874277,54.23644394,3.509419689,43.38287416,3.500455836,46.09615943,0.498053509,45.85629282,3.514965229,44.49311964,0.483268406
532,2226.6,43.40688196,0.498053509,52.69923439,3.500185868,52.5831608,3.503357267,44.77050806,3.50874277,54.37141335,3.509419689,43.18784467,3.500455836,45.9687742,0.498053509,45.73621587,3.514965229,44.30486561,0.483268406
533,2226.65,43.24988787,0.498053509,52.78474695,3.500185868,52.69500788,3.503357267,44.62429733,3.50874277,54.50855569,3.509419689,42.99064226,3.500455836,45.83921604,0.498053509,45.61396599,3.514965229,44.11443865,0.483268406
534,2226.7,43.09072086,0.498053509,52.86987604,3.500185868,52.81072087,3.503357267,44.47591366,3.50874277,54.64787095,3.509419689,42.79126691,3.500455836,45.70748495,0.498053509,45.48954319,3.514965229,43.92183877,0.483268406
535,2226.75,42.92938092,0.498053509,52.95436424,3.500185868,52.93001716,3.503357267,44.32535708,3.50874277,54.78935915,3.509419689,42.58971864,3.500455836,45.57358094,0.498053509,45.36294745,3.514965229,43.72706596,0.483268406
536,2226.8,42.76586804,0.498053509,53.03740413,3.500185868,53.05203338,3.503357267,44.17262756,3.50874277,54.93302027,3.509419689,42.38599744,3.500455836,45.43750399,0.498053509,45.23417879,3.514965229,43.53012022,0.483268406
537,2226.85,42.60018224,0.498053509,53.12052636,3.500185868,53.17790302,3.503357267,44.01772511,3.50874277,55.07885433,3.509419689,42.18010331,3.500455836,45.29925412,0.498053509,45.10323719,3.514965229,43.33100155,0.483268406
538,2226.9,42.43232351,0.498053509,53.20427023,3.500185868,53.30641724,3.503357267,43.86064974,3.50874277,55.22686131,3.509419689,41.97203625,3.500455836,45.15883132,0.498053509,44.97012267,3.514965229,43.12970995,0.483268406
539,2226.95,42.26229186,0.498053509,53.2905535,3.500185868,53.43689647,3.503357267,43.70140143,3.50874277,55.37704122,3.509419689,41.76179627,3.500455836,45.01623559,0.498053509,44.83483522,3.514965229,42.92624542,0.483268406
540,2227,42.09008727,0.498053509,53.38001892,3.500185868,53.56856324,3.503357267,43.5399802,3.50874277,55.52939406,3.509419689,41.54938335,3.500455836,44.87146693,0.498053509,44.69737484,3.514965229,42.72060797,0.483268406
541,2227.05,41.91570976,0.498053509,53.47303767,3.500185868,53.701032,3.503357267,43.37638604,3.50874277,55.68391982,3.509419689,41.33479751,3.500455836,44.72452535,0.498053509,44.55826424,3.514965229,42.51279758,0.483268406
542,2227.1,41.73862793,0.498053509,53.5678848,3.500185868,53.83602288,3.503357267,43.21061895,3.50874277,55.84061852,3.509419689,41.11803873,3.500455836,44.57541083,0.498053509,44.4185488,3.514965229,42.30334537,0.483268406
543,2227.15,41.55724818,0.498053509,53.66681593,3.500185868,53.97127889,3.503357267,43.04267894,3.50874277,55.99949014,3.509419689,40.89910703,3.500455836,44.42412339,0.498053509,44.27666044,3.514965229,42.09384412,0.483268406
544,2227.2,41.3715727,0.498053509,53.76922924,3.500185868,54.10740065,3.503357267,42.87256599,3.50874277,56.1605347,3.509419689,40.6780024,3.500455836,44.27066302,0.498053509,44.13259915,3.514965229,41.88429172,0.483268406
545,2227.25,41.1816035,0.498053509,53.87492818,3.500185868,54.24458408,3.503357267,42.70028012,3.50874277,56.32375218,3.509419689,40.45472484,3.500455836,44.11502972,0.498053509,43.98636493,3.514965229,41.67468624,0.483268406
546,2227.3,40.98734238,0.498053509,53.98146751,3.500185868,54.38527395,3.503357267,42.52582131,3.50874277,56.48914259,3.509419689,40.22927436,3.500455836,43.95722349,0.498053509,43.83795778,3.514965229,41.46502602,0.483268406
547,2227.35,40.78879088,0.498053509,54.09156538,3.500185868,54.52675212,3.503357267,42.34918958,3.50874277,56.65670593,3.509419689,40.00165094,3.500455836,43.79724433,0.498053509,43.6873777,3.514965229,41.2553097,0.483268406
548,2227.4,40.58595018,0.498053509,54.20553137,3.500185868,54.66870877,3.503357267,42.17038492,3.50874277,56.82644219,3.509419689,39.7718546,3.500455836,43.63509224,0.498053509,43.5346247,3.514965229,41.04553626,0.483268406
549,2227.45,40.37882108,0.498053509,54.32197013,3.500185868,54.81253905,3.503357267,41.98940733,3.50874277,56.99835139,3.509419689,39.53988533,3.500455836,43.47076723,0.498053509,43.37969876,3.514965229,40.83570511,0.483268406
550,2227.5,40.16740397,0.498053509,54.44074481,3.500185868,54.9583797,3.503357267,41.80625682,3.50874277,57.17243351,3.509419689,39.30574313,3.500455836,43.30426929,0.498053509,43.2225999,3.514965229,40.62581608,0.483268406
551,2227.55,39.95169881,0.498053509,54.56113034,3.500185868,55.10695577,3.503357267,41.62093337,3.50874277,57.34868857,3.509419689,39.069428,3.500455836,43.13559841,0.498053509,43.06332811,3.514965229,40.41586945,0.483268406
552,2227.6,39.73170509,0.498053509,54.68465225,3.500185868,55.25674169,3.503357267,41.433437,3.50874277,57.52711655,3.509419689,38.83093994,3.500455836,42.96475461,0.498053509,42.90188339,3.514965229,40.20586591,0.483268406
553,2227.65,39.50742193,0.498053509,54.81065211,3.500185868,55.40839584,3.503357267,41.2437677,3.50874277,57.70771746,3.509419689,38.59027895,3.500455836,42.79173789,0.498053509,42.73826574,3.514965229,39.99580654,0.483268406
554,2227.7,39.27884806,0.498053509,54.93860666,3.500185868,55.56244141,3.503357267,41.05192546,3.50874277,57.89049129,3.509419689,38.34744504,3.500455836,42.61654823,0.498053509,42.57247516,3.514965229,39.7856928,0.483268406
555,2227.75,39.04598186,0.498053509,55.06932652,3.500185868,55.71806779,3.503357267,40.8579103,3.50874277,58.07543806,3.509419689,38.10243819,3.500455836,42.43918564,0.498053509,42.40451166,3.514965229,39.57552642,0.483268406
556,2227.8,38.8088215,0.498053509,55.20391837,3.500185868,55.87416827,3.503357267,40.66172222,3.50874277,58.26255776,3.509419689,37.85525842,3.500455836,42.25965013,0.498053509,42.23437522,3.514965229,39.36530937,0.483268406
557,2227.85,38.56736489,0.498053509,55.34223807,3.500185868,56.03088695,3.503357267,40.4633612,3.50874277,58.45185038,3.509419689,37.60590572,3.500455836,42.07794169,0.498053509,42.06206586,3.514965229,39.15504379,0.483268406
558,2227.9,38.32214165,0.498053509,55.48302583,3.500185868,56.18948355,3.503357267,40.26282725,3.50874277,58.64331593,3.509419689,37.35438009,3.500455836,41.89406032,0.498053509,41.88791098,3.514965229,38.94419983,0.483268406
559,2227.95,38.07474548,0.498053509,55.62791552,3.500185868,56.34832421,3.503357267,40.06012038,3.50874277,58.83695441,3.509419689,37.10068154,3.500455836,41.70800602,0.498053509,41.7125654,3.514965229,38.73118295,0.483268406
560,2228,37.82517638,0.498053509,55.77570202,3.500185868,56.50861402,3.503357267,39.85524058,3.50874277,59.03276582,3.509419689,36.84481005,3.500455836,41.51977879,0.498053509,41.53504689,3.514965229,38.51599313,0.483268406
561,2228.05,37.57343435,0.498053509,55.92574192,3.500185868,56.67099634,3.503357267,39.64818785,3.50874277,59.23075016,3.509419689,36.58676563,3.500455836,41.32937863,0.498053509,41.35535545,3.514965229,38.29863039,0.483268406
562,2228.1,37.31951939,0.498053509,56.08008329,3.500185868,56.83342313,3.503357267,39.43896219,3.50874277,59.43090743,3.509419689,36.32654829,3.500455836,41.13680554,0.498053509,41.17349108,3.514965229,38.07909472,0.483268406
563,2228.15,37.0634315,0.498053509,56.23878077,3.500185868,56.9958397,3.503357267,39.2275636,3.50874277,59.63323762,3.509419689,36.06415802,3.500455836,40.94205953,0.498053509,40.98945379,3.514965229,37.85738612,0.483268406
564,2228.2,36.80517069,0.498053509,56.4010738,3.500185868,57.1590066,3.503357267,39.01399208,3.50874277,59.83774075,3.509419689,35.79959482,3.500455836,40.74514059,0.498053509,40.80324357,3.514965229,37.63350459,0.483268406
565,2228.25,36.54473695,0.498053509,56.56544136,3.500185868,57.32444479,3.503357267,38.79824764,3.50874277,60.0444168,3.509419689,35.53285869,3.500455836,40.54604872,0.498053509,40.61486041,3.514965229,37.40745014,0.483268406
566,2228.3,36.28213028,0.498053509,56.73416495,3.500185868,57.48987281,3.503357267,38.58033027,3.50874277,60.25326578,3.509419689,35.26394963,3.500455836,40.34478392,0.498053509,40.42430433,3.514965229,37.17922275,0.483268406
567,2228.35,36.01735068,0.498053509,56.9068087,3.500185868,57.65572648,3.503357267,38.36023996,3.50874277,60.46428769,3.509419689,34.99286765,3.500455836,40.14134619,0.498053509,40.23157533,3.514965229,36.94882244,0.483268406
568,2228.4,35.75039815,0.498053509,57.0825009,3.500185868,57.82287747,3.503357267,38.13797673,3.50874277,60.67748252,3.509419689,34.71961273,3.500455836,39.93573553,0.498053509,40.03667339,3.514965229,36.7162492,0.483268406
569,2228.45,35.48127269,0.498053509,57.26254939,3.500185868,57.99001794,3.503357267,37.91354057,3.50874277,60.89285029,3.509419689,34.44418489,3.500455836,39.72795195,0.498053509,39.83959852,3.514965229,36.48150303,0.483268406
570,2228.5,35.20997431,0.498053509,57.44695437,3.500185868,58.15714766,3.503357267,37.68693149,3.50874277,61.11039099,3.509419689,34.16658412,3.500455836,39.51799543,0.498053509,39.64035073,3.514965229,36.24458393,0.483268406
571,2228.55,34.93650299,0.498053509,57.63510367,3.500185868,58.32487873,3.503357267,37.45814947,3.50874277,61.33010461,3.509419689,33.88681042,3.500455836,39.30586599,0.498053509,39.43893,3.514965229,36.0054919,0.483268406
572,2228.6,34.66085875,0.498053509,57.82577282,3.500185868,58.49443558,3.503357267,37.22719453,3.50874277,61.55199116,3.509419689,33.60486379,3.500455836,39.09156362,0.498053509,39.23533635,3.514965229,35.76422694,0.483268406
573,2228.65,34.38304158,0.498053509,58.02049118,3.500185868,58.66428885,3.503357267,36.99406665,3.50874277,61.77605064,3.509419689,33.32074423,3.500455836,38.87508832,0.498053509,39.02956977,3.514965229,35.52078906,0.483268406
574,2228.7,34.10305148,0.498053509,58.21820822,3.500185868,58.83548899,3.503357267,36.75876585,3.50874277,62.00228305,3.509419689,33.03445175,3.500455836,38.65644009,0.498053509,38.82163026,3.514965229,35.27517825,0.483268406
575,2228.75,33.82088845,0.498053509,58.41898073,3.500185868,59.00797913,3.503357267,36.52129212,3.50874277,62.23068839,3.509419689,32.74598633,3.500455836,38.43561894,0.498053509,38.61151783,3.514965229,35.02739451,0.483268406
576,2228.8,33.5365525,0.498053509,58.62377507,3.500185868,59.18079289,3.503357267,36.28164546,3.50874277,62.46126665,3.509419689,32.45534799,3.500455836,38.21262485,0.498053509,38.39923246,3.514965229,34.77743784,0.483268406
577,2228.85,33.25004361,0.498053509,58.83157384,3.500185868,59.35494752,3.503357267,36.03982588,3.50874277,62.69401785,3.509419689,32.16253672,3.500455836,37.98745784,0.498053509,38.18477417,3.514965229,34.52530824,0.483268406
578,2228.9,32.9613618,0.498053509,59.0424149,3.500185868,59.53040504,3.503357267,35.79583336,3.50874277,62.92894197,3.509419689,31.86755252,3.500455836,37.7601179,0.498053509,37.96814295,3.514965229,34.27100571,0.483268406
579,2228.95,32.67050705,0.498053509,59.25642855,3.500185868,59.707035,3.503357267,35.54966792,3.50874277,63.16603902,3.509419689,31.57039539,3.500455836,37.53060503,0.498053509,37.74933879,3.514965229,34.01453025,0.483268406
580,2229,32.37747938,0.498053509,59.47337855,3.500185868,59.88507338,3.503357267,35.30132954,3.50874277,63.405309,3.509419689,31.27106534,3.500455836,37.29891923,0.498053509,37.52836171,3.514965229,33.75588187,0.483268406
581,2229.05,32.08227878,0.498053509,59.69307841,3.500185868,60.06470634,3.503357267,35.05081824,3.50874277,63.64675191,3.509419689,30.96956235,3.500455836,37.0650605,0.498053509,37.30521171,3.514965229,33.49506056,0.483268406
582,2229.1,31.78490526,0.498053509,59.91639867,3.500185868,60.24506287,3.503357267,34.79813401,3.50874277,63.89036775,3.509419689,30.66588644,3.500455836,36.82902884,0.498053509,37.07988877,3.514965229,33.23206632,0.483268406
583,2229.15,31.4853588,0.498053509,60.14308405,3.500185868,60.42639725,3.503357267,34.54327685,3.50874277,64.13615651,3.509419689,30.3600376,3.500455836,36.59082426,0.498053509,36.8523929,3.514965229,32.96689915,0.483268406
584,2229.2,31.18363942,0.498053509,60.3714646,3.500185868,60.61037755,3.503357267,34.28624677,3.50874277,64.38411821,3.509419689,30.05201582,3.500455836,36.35044675,0.498053509,36.62272411,3.514965229,32.69955905,0.483268406
585,2229.25,30.8797471,0.498053509,60.60316749,3.500185868,60.79537307,3.503357267,34.02704375,3.50874277,64.63425283,3.509419689,29.74182113,3.500455836,36.10789631,0.498053509,36.39088239,3.514965229,32.43004602,0.483268406
586,2229.3,30.57368186,0.498053509,60.83701956,3.500185868,60.98254362,3.503357267,33.76566781,3.50874277,64.88656038,3.509419689,29.4294535,3.500455836,35.86317294,0.498053509,36.15686774,3.514965229,32.15836006,0.483268406
587,2229.35,30.26544369,0.498053509,61.07318153,3.500185868,61.17144518,3.503357267,33.50211893,3.50874277,65.14104086,3.509419689,29.11491294,3.500455836,35.61627664,0.498053509,35.92068016,3.514965229,31.88450118,0.483268406
588,2229.4,29.95503259,0.498053509,61.3107767,3.500185868,61.36104873,3.503357267,33.23639713,3.50874277,65.39769427,3.509419689,28.79819946,3.500455836,35.36720741,0.498053509,35.68231965,3.514965229,31.60846937,0.483268406
589,2229.45,29.64244856,0.498053509,61.54649427,3.500185868,61.55269745,3.503357267,32.9685024,3.50874277,65.6565206,3.509419689,28.47931304,3.500455836,35.11596525,0.498053509,35.44178621,3.514965229,31.33026463,0.483268406
590,2229.5,29.32769161,0.498053509,61.78201188,3.500185868,61.7483268,3.503357267,32.69843474,3.50874277,65.91751987,3.509419689,28.1582537,3.500455836,34.86255017,0.498053509,35.19907985,3.514965229,31.04988696,0.483268406
591,2229.55,29.01076172,0.498053509,62.01670655,3.500185868,61.94737098,3.503357267,32.42619416,3.50874277,66.18069206,3.509419689,27.83502143,3.500455836,34.60696216,0.498053509,34.95420055,3.514965229,30.76733636,0.483268406
592,2229.6,28.69165891,0.498053509,62.25087798,3.500185868,62.1501546,3.503357267,32.15178064,3.50874277,66.44603719,3.509419689,27.50961623,3.500455836,34.34920121,0.498053509,34.70714833,3.514965229,30.48261283,0.483268406
593,2229.65,28.37038317,0.498053509,62.48276807,3.500185868,62.35493383,3.503357267,31.8751942,3.50874277,66.71355524,3.509419689,27.1820381,3.500455836,34.08926735,0.498053509,34.45792318,3.514965229,30.19571638,0.483268406
594,2229.7,28.0469345,0.498053509,62.71175511,3.500185868,62.56109558,3.503357267,31.59643483,3.50874277,66.98324622,3.509419689,26.85228705,3.500455836,33.82716055,0.498053509,34.2065251,3.514965229,29.90664699,0.483268406
595,2229.75,27.7213129,0.498053509,62.93730074,3.500185868,62.76810722,3.503357267,31.31550253,3.50874277,67.25511012,3.509419689,26.52036306,3.500455836,33.56288082,0.498053509,33.95295409,3.514965229,29.61540468,0.483268406
596,2229.8,27.39351837,0.498053509,63.16217735,3.500185868,62.97874484,3.503357267,31.0323973,3.50874277,67.52914696,3.509419689,26.18626615,3.500455836,33.29642816,0.498053509,33.69721016,3.514965229,29.32198944,0.483268406
597,2229.85,27.06355092,0.498053509,63.38679736,3.500185868,63.19342371,3.503357267,30.74711914,3.50874277,67.80535672,3.509419689,25.84999631,3.500455836,33.02780258,0.498053509,33.43929329,3.514965229,29.02640127,0.483268406
598,2229.9,26.73141053,0.498053509,63.61046396,3.500185868,63.41144898,3.503357267,30.45966805,3.50874277,68.08373942,3.509419689,25.51155354,3.500455836,32.75700407,0.498053509,33.1792035,3.514965229,28.72864017,0.483268406
599,2229.95,26.39709722,0.498053509,63.83130184,3.500185868,63.63094652,3.503357267,30.17004404,3.50874277,68.36429504,3.509419689,25.17093784,3.500455836,32.48403263,0.498053509,32.91694078,3.514965229,28.42870615,0.483268406
600,2230,26.06061098,0.498053509,64.04903443,3.500185868,63.85164006,3.503357267,29.87824709,3.50874277,68.64702359,3.509419689,24.82814921,3.500455836,32.20888826,0.498053509,32.65250513,3.514965229,28.12659919,0.483268406
601,2230.05,25.72195181,0.498053509,64.26328835,3.500185868,64.07315589,3.503357267,29.58427722,3.50874277,68.93192507,3.509419689,24.48318766,3.500455836,31.93157096,0.498053509,32.38589655,3.514965229,27.82231931,0.483268406
602,2230.1,25.38111971,0.498053509,64.47640211,3.500185868,64.2978314,3.503357267,29.28813442,3.50874277,69.21899948,3.509419689,24.13605317,3.500455836,31.65208073,0.498053509,32.11711504,3.514965229,27.5158665,0.483268406
603,2230.15,25.03811468,0.498053509,64.68884665,3.500185868,64.52613594,3.503357267,28.98981869,3.50874277,69.50824681,3.509419689,23.78674576,3.500455836,31.37041758,0.498053509,31.8461606,3.514965229,27.20724076,0.483268406
604,2230.2,24.69293673,0.498053509,64.89890439,3.500185868,64.75634951,3.503357267,28.68933003,3.50874277,69.79966708,3.509419689,23.43526542,3.500455836,31.08658149,0.498053509,31.57303324,3.514965229,26.89644209,0.483268406
605,2230.25,24.34558585,0.498053509,65.1076538,3.500185868,64.98954677,3.503357267,28.38666845,3.50874277,70.09326027,3.509419689,23.08161215,3.500455836,30.80057248,0.498053509,31.29773295,3.514965229,26.58347049,0.483268406
606,2230.3,48.99945677,0.999456768,49.00041046,2.000543232,49.00054323,3.000543232,49.99945677,1.000543232,50.00054323,2.000543232,49.99945677,3.000543232,50.99945677,0.999456768,50.99958078,2.000543232,50.99945677,2.999456768
607,2230.35,48.99674061,0.996740607,49.00207722,2.003259393,49.00325939,3.003259393,49.99674061,1.003259393,50.00325939,2.003259393,49.99674061,3.003259393,50.99674061,0.996740607,50.99736069,2.003259393,50.99674061,2.996740607
608,2230.4,48.99185152,0.991851518,49.00382769,2.008148482,49.00814848,3.008148482,49.99185152,1.008148482,50.00814848,2.008148482,49.99185152,3.008148482,50.99185152,0.991851518,50.99296766,2.008148482,50.99185152,2.991851518
609,2230.45,48.9847895,0.9847895,49.00587906,2.0152105,49.0152105,3.0152105,49.9847895,1.0152105,50.0152105,2.0152105,49.9847895,3.0152105,50.9847895,0.9847895,50.98640171,2.0152105,50.9847895,2.9847895
610,2230.5,48.97555455,0.975554554,49.00918959,2.024445446,49.02444545,3.024445446,49.97555455,1.024445446,50.02444545,2.024445446,49.97555455,3.024128137,50.97555455,0.975554554,50.97766283,2.024445446,50.97555455,2.975554554
611,2230.55,48.96414668,0.964146679,49.01330609,2.035853321,49.03585332,3.035853321,49.96414668,1.035853321,50.03585332,2.035853321,49.96414668,3.034266774,50.96414668,0.964146679,50.96675102,2.035853321,50.96414668,2.964146679
612,2230.6,48.95056588,0.950565876,49.01536761,2.049434124,49.04943412,3.049434124,49.95056588,1.049434124,50.04943412,2.049434124,49.95056588,3.046578341,50.95056588,0.950565876,50.95366628,2.049434124,50.95056588,2.950565876
613,2230.65,48.93481214,0.934812144,49.01589822,2.065187856,49.06518786,3.065187856,49.93481214,1.065187856,50.06518786,2.065187856,49.93481214,3.061062835,50.93481214,0.934812144,50.93840861,2.065187856,50.93481214,2.934812144
614,2230.7,48.91688548,0.916885484,49.01681339,2.083114516,49.08311452,3.083114516,49.91688548,1.083114516,50.08311452,2.083114516,49.91688548,3.077720259,50.91688548,0.916885484,50.92097801,2.083114516,50.91688548,2.916885484
615,2230.75,48.89678589,0.896785895,49.01756495,2.103214105,49.10321411,3.103214105,49.89678589,1.103214105,50.10321411,2.103214105,49.89678589,3.096550611,50.89678589,0.896785895,50.90137449,2.103214105,50.89678589,2.896785895
616,2230.8,48.87451338,0.874513377,49.01753018,2.125486623,49.12548662,3.125486623,49.87451338,1.125486623,50.12548662,2.125486623,49.87451338,3.117553891,50.87451338,0.874513377,50.87959804,2.125486623,50.87451338,2.874513377
617,2230.85,48.85006793,0.850067931,49.01920983,2.149932069,49.14993207,3.149932069,49.85006793,1.149932069,50.14993207,2.149932069,49.85006793,3.1407301,50.85006793,0.850067931,50.85564865,2.149932069,50.85006793,2.850067931
618,2230.9,48.82344956,0.823449557,49.0220912,2.176550443,49.17598992,3.175989922,49.82344956,1.176550443,50.17599708,2.175997084,49.82292542,3.165555102,50.82344956,0.823449557,50.82844492,2.175469024,50.82291342,2.82291342
619,2230.95,48.79465825,0.794658254,49.0271455,2.205341746,49.20197621,3.201976206,49.79465825,1.205341746,50.20202034,2.202020337,49.79151626,3.190459306,50.79465825,0.794658254,50.79474177,2.198852414,50.79144603,2.791446033
620,2231,48.76369402,0.763694022,49.03392451,2.236305978,49.22788084,3.227880837,49.76369402,1.236305978,50.22799451,2.227994512,49.75585231,3.215454581,50.76369402,0.763694022,50.75453621,2.220079249,50.75568739,2.755687391
621,2231.05,48.73055686,0.730556862,49.04125305,2.269443138,49.25369176,3.25369176,49.73055686,1.269443138,50.25390228,2.253902283,49.71594815,3.240555509,50.73055686,0.730556862,50.70782695,2.239148249,50.71490502,2.714905024
622,2231.1,48.69524677,0.695246773,49.04991828,2.304753227,49.27939408,3.279394082,49.69524677,1.304753227,50.27894399,2.278943994,49.67182245,3.265780752,50.69524677,0.695246773,50.65461758,2.256062991,50.66684749,2.666847494
623,2231.15,48.65776376,0.657763756,49.05987614,2.342236244,49.30499925,3.304999251,49.65776376,1.342236244,50.30076546,2.300765458,49.62350052,3.290713863,50.65776376,0.657763756,50.59492166,2.270837037,50.61158551,2.611585514
624,2231.2,48.61810781,0.618107811,49.06843585,2.381892189,49.33057436,3.330574363,49.61810781,1.381892189,50.31929903,2.319299034,49.57102286,3.314138291,50.61810781,0.618107811,50.52877165,2.283502855,50.54921729,2.54921729
625,2231.25,48.57627894,0.576278936,49.07529153,2.423721064,49.35604622,3.356046217,49.57627894,1.423721064,50.33444741,2.334447405,49.51447297,3.336715704,50.57627894,0.576278936,50.45625196,2.294144852,50.47989671,2.479896711
626,2231.3,48.53227713,0.532277134,49.08031129,2.467722866,49.38122022,3.381220223,49.53227713,1.467722866,50.34605004,2.346050038,49.45405328,3.359769168,50.53227713,0.532277134,50.37766014,2.303060575,50.40391363,2.403913635
627,2231.35,48.4861024,0.498053509,49.08450666,2.513897598,49.40588666,3.40588666,49.4861024,1.513897598,50.35389025,2.353890254,49.39065652,3.384191432,50.4861024,0.498053509,50.29430626,2.311560085,50.3220036,2.322003597
628,2231.4,48.43775474,0.498053509,49.08791163,2.562245257,49.43047537,3.430475373,49.43775474,1.562245257,50.36026464,2.36026464,49.32656309,3.412199916,50.43775474,0.498053509,50.20873241,2.322185492,50.23745534,2.237455342
629,2231.45,48.38723415,0.498053509,49.09093308,2.612765846,49.45752516,3.457525159,49.38723415,1.612765846,50.37263097,2.372630973,49.26308781,3.444983529,50.38723415,0.498053509,50.12208796,2.33608616,50.15678189,2.156781889
630,2231.5,48.33454064,0.498053509,49.09423499,2.665459363,49.48836832,3.48836832,49.33454064,1.665459363,50.39182087,2.391820868,49.19992772,3.4824282,50.33454064,0.498053509,50.03638151,2.355270673,50.07990424,2.079904241
631,2231.55,48.27967419,0.498053509,49.09769293,2.720325808,49.52330537,3.497897774,49.27967419,1.720325808,50.41804888,2.418048883,49.13692711,3.493736539,50.27967419,0.498053509,49.9522085,2.380334497,50.00666277,2.006662773
632,2231.6,48.22263482,0.498053509,49.1031382,2.777365182,49.5625026,3.49895803,49.22263482,1.777365182,50.45140397,2.451403975,49.07395405,3.499204391,50.22263482,0.498053509,49.86976375,2.411472429,49.93696947,1.936969473
633,2231.65,48.16342252,0.498053509,49.11051937,2.837145544,49.60602484,3.49895803,49.16342252,1.836577485,50.49116383,2.491163826,49.01047908,3.501388897,50.16342252,0.498053509,49.78913325,2.448770465,49.87000566,1.87000566
634,2231.7,48.10203728,0.498053509,49.12086331,2.901123385,49.65389464,3.49895803,49.10203728,1.897962716,50.53455842,2.534558416,48.94494795,3.501388897,50.10203728,0.498053509,49.70977319,2.491684806,49.80343492,1.803434918
635,2231.75,48.03847912,0.498053509,49.13210954,2.968196307,49.70556981,3.499501263,49.03847912,1.961520875,50.58012594,2.580125935,48.87674866,3.501388897,50.03847912,0.498053509,49.62951696,2.538048835,49.73660117,1.736601165
636,2231.8,47.97274804,0.498053509,49.14294989,3.037290343,49.75941792,3.500044495,48.97274804,2.027251963,50.62786638,2.627866383,48.80436464,3.501388897,49.97274804,0.498053509,49.54728889,2.58678687,49.66759448,1.667594483
637,2231.85,47.90484402,0.498053509,49.15434346,3.108187967,49.81543895,3.500044495,48.90484402,2.09515598,50.67777976,2.677779758,48.72856828,3.501388897,49.90484402,0.498053509,49.46389598,2.638705932,49.59641487,1.596414873
638,2231.9,47.83476708,0.498053509,49.16546367,3.180483864,49.87363291,3.500044495,48.83476708,2.165232925,50.72986606,2.729866063,48.64952485,3.501388897,49.83476708,0.498053509,49.37989611,2.694363884,49.52306233,1.523062334
639,2231.95,47.7625172,0.498053509,49.17741142,3.255041766,49.9339998,3.500044495,48.7625172,2.237482799,50.7841253,2.784125296,48.56777916,3.501388897,49.7625172,0.498053509,49.29534586,2.753817317,49.44753687,1.447536867
640,2232,47.6880944,0.498053509,49.18926539,3.331888679,49.99653961,3.500044495,48.6880944,2.311905601,50.84055746,2.840557457,48.48290044,3.501388897,49.6880944,0.498053509,49.21083366,2.817654659,49.36983847,1.369838471
641,2232.05,47.61149867,0.498053509,49.20143669,3.41041924,50.06125236,3.500044495,48.61149867,2.388501331,50.89916255,2.899162547,48.39629591,3.501388897,49.61149867,0.498053509,49.12620354,2.885719942,49.28996715,1.289967147
642,2232.1,47.53273001,0.498053509,49.21141861,3.488987854,50.12813803,3.500044495,48.53273001,2.467269991,50.95994057,2.959940565,48.30751844,3.501388897,49.53273001,0.498053509,49.04157964,2.958137295,49.20792289,1.207922894
643,2232.15,47.45178842,0.498053509,49.22068216,3.508691571,50.19719664,3.500044495,48.45178842,2.548211579,51.02289151,3.022891512,48.21656806,3.501388897,49.45178842,0.498053509,48.95719122,3.035135988,49.12370571,1.123705712
644,2232.2,47.36867391,0.498053509,49.22976588,3.508691571,50.26842817,3.500044495,48.36867391,2.631326095,51.08801539,3.088015388,48.12344474,3.501388897,49.36840645,0.498053509,48.87289252,3.116570251,49.03756229,1.037562292
645,2232.25,47.28338646,0.498053509,49.23689566,3.508691571,50.34183263,3.500044495,48.28338646,2.71661354,51.15531219,3.155312192,48.02814849,3.501388897,49.28182571,0.498053509,48.78738096,3.201137517,48.95018326,0.950183258
646,2232.3,47.19592609,0.498053509,49.24480787,3.508691571,50.41741002,3.500044495,48.19592609,2.804073913,51.22478192,3.224781925,47.93067932,3.501388897,49.19223436,0.498053509,48.70154086,3.289722103,48.86135565,0.861355655
647,2232.35,47.10629278,0.498053509,49.25277667,3.508691571,50.49516033,3.500044495,48.10698139,2.894395821,51.29642459,3.296424586,47.83033864,3.501388897,49.09987618,0.498053509,48.61383965,3.380791432,48.77079724,0.770797237
648,2232.4,47.01448655,0.498053509,49.26183027,3.508691571,50.57508358,3.500044495,48.01863955,2.989666437,51.37024018,3.370240175,47.7250067,3.501388897,49.00508153,0.498053509,48.52423638,3.474304552,48.67811788,0.678117883
649,2232.45,46.9205074,0.498053509,49.27142648,3.508691571,50.65717975,3.500044495,47.93093336,3.089918571,51.44622869,3.446228694,47.61458436,3.501388897,48.90831376,0.498053509,48.43187052,3.498569235,48.58276782,0.582767819
650,2232.5,46.82435531,0.498053509,49.28204182,3.508691571,50.74144885,3.500044495,47.8434247,3.194714083,51.52439014,3.504442354,47.49897264,3.501388897,48.8102181,0.498053509,48.33787099,3.500531569,48.48400946,0.509458106
651,2232.55,46.72603029,0.498053509,49.29446062,3.508691571,50.82789089,3.500044495,47.75541776,3.303357179,51.60472452,3.504442354,47.37813593,3.501388897,48.71155091,0.498053509,48.24282558,3.500531569,48.3811511,0.508394329
652,2232.6,46.62553235,0.498053509,49.3072791,3.508691571,50.91650584,3.500044495,47.66721172,3.416147027,51.68723182,3.504442354,47.25222413,3.501388897,48.61279493,0.498053509,48.14757952,3.500531569,48.27403083,0.503068647
653,2232.65,46.52286147,0.498053509,49.31963121,3.508691571,51.00729373,3.500044495,47.57677786,3.5018692,51.77191205,3.504442354,47.12162891,3.501388897,48.51396842,0.498053509,48.05205725,3.500531569,48.16261771,0.500934298
654,2232.7,46.41801767,0.498053509,49.33113521,3.508691571,51.10025455,3.500044495,47.48437431,3.5018692,51.85876521,3.504442354,46.98669046,3.501388897,48.41510823,0.498053509,47.95654053,3.500531569,48.0468798,0.500934298
655,2232.75,46.31100094,0.498053509,49.34138429,3.508691571,51.19538829,3.500044495,47.38978977,3.5018692,51.9477913,3.504442354,46.84740853,3.501388897,48.31622747,0.498053509,47.86102941,3.500531569,47.92681603,0.500934298
656,2232.8,46.20181128,0.498053509,49.35305959,3.508691571,51.29269497,3.500044495,47.29302443,3.5018692,52.03899032,3.504442354,46.7037829,3.501388897,48.21732731,0.498053509,47.76552387,3.500531569,47.80242521,0.500934298
657,2232.85,46.0904487,0.498053509,49.36554402,3.508691571,51.39272122,3.500044495,47.19407852,3.5018692,52.1318156,3.504442354,46.55581339,3.501388897,48.11840897,0.498053509,47.6700239,3.500531569,47.67370605,0.500934298
658,2232.9,45.97691318,0.498053509,49.37771293,3.508691571,51.49710705,3.500044495,47.09295224,3.5018692,52.22462706,3.504442354,46.40349984,3.501388897,48.01947377,0.498053509,47.57452946,3.500531569,47.54065725,0.500934298
659,2232.95,45.86120474,0.498053509,49.39023463,3.508691571,51.60585266,3.500044495,46.98964578,3.5018692,52.31742446,3.504442354,46.24684211,3.501388897,47.92052298,0.498053509,47.47904049,3.500531569,47.40327754,0.500934298
660,2233,45.74332336,0.498053509,49.40365921,3.508691571,51.71895836,3.500044495,46.88415945,3.5018692,52.41020743,3.504442354,46.08638293,3.501388897,47.82155787,0.498053509,47.38355689,3.500531569,47.2615657,0.500934298
661,2233.05,45.62326906,0.498053509,49.4158941,3.508691571,51.83642457,3.500044495,46.77595073,3.5018692,52.50297548,3.504442354,45.92375082,3.501388897,47.72257962,0.498053509,47.28807858,3.500531569,47.11552059,0.500934298
662,2233.1,45.50104183,0.498053509,49.42799854,3.508691571,51.95825186,3.500044495,46.66339094,3.5018692,52.59572799,3.504442354,45.75894578,3.501388897,47.62358933,0.498053509,47.1926054,3.500531569,46.96514113,0.500934298
663,2233.15,45.37664167,0.498053509,49.43994906,3.508691571,52.08444091,3.500044495,46.54648023,3.5018692,52.68846415,3.504442354,45.59196781,3.501388897,47.52458802,0.498053509,47.09713722,3.500531569,46.81042635,0.500934298
664,2233.2,45.25006859,0.498053509,49.45174585,3.508691571,52.21499266,3.500044495,46.42521876,3.5018692,52.78118294,3.504442354,45.42281692,3.501388897,47.42557663,0.498053509,47.00167383,3.500531569,46.65137538,0.500934298
665,2233.25,45.12132257,0.498053509,49.46271416,3.508691571,52.34990826,3.500044495,46.29960672,3.5018692,52.87388302,3.504442354,45.25149309,3.501388897,47.32601492,0.498053509,46.90621505,3.500531569,46.48852855,0.500391066
666,2233.3,44.99040363,0.498053509,49.47315859,3.508691571,52.48918924,3.500044495,46.16964435,3.5018692,52.96656265,3.504442354,45.07799634,3.501388897,47.22428029,0.498053509,46.81076065,3.500531569,46.3235088,0.499847834
667,2233.35,44.85731176,0.498053509,49.48355808,3.508691571,52.6328376,3.500044495,46.0358761,3.5018692,53.05921948,3.504442354,44.90232666,3.501388897,47.12037273,0.498053509,46.71476617,3.500531569,46.15631612,0.499847834
668,2233.4,44.72204695,0.498053509,49.49428618,3.508691571,52.7808561,3.500044495,45.89993492,3.5018692,53.15185027,3.504442354,44.72448405,3.501388897,47.01429224,0.498053509,46.61659877,3.500531569,45.98695051,0.499847834
669,2233.45,44.58460922,0.498053509,49.50509403,3.508691571,52.93324867,3.500044495,45.76182081,3.5018692,53.24445018,3.504442354,44.54446852,3.501388897,46.90603882,0.498053509,46.51625844,3.500531569,45.81541197,0.499847834
670,2233.5,44.44499857,0.498053509,49.51573584,3.508691571,53.09002131,3.500044495,45.62153378,3.5018692,53.3370115,3.504442354,44.36228005,3.501388897,46.79561247,0.498053509,46.41374518,3.500531569,45.6417005,0.499847834
671,2233.55,44.30321498,0.498053509,49.52623017,3.508691571,53.25118435,3.500044495,45.47907382,3.5018692,53.42951974,3.504442354,44.17791865,3.501388897,46.68301319,0.498053509,46.30905899,3.500531569,45.46581611,0.499847834
672,2233.6,44.15925846,0.498053509,49.53739196,3.508691571,53.41675985,3.500044495,45.33444092,3.5018692,53.52193576,3.504442354,43.99138433,3.501388897,46.56824099,0.498053509,46.20219988,3.500531569,45.28775878,0.499847834
673,2233.65,44.01312902,0.498053509,49.54907543,3.508691571,53.58685496,3.500044495,45.1876351,3.5018692,53.61518334,3.504442354,43.80267708,3.501388897,46.45129586,0.498053509,46.09316783,3.500531569,45.10752853,0.499847834
674,2233.7,43.86482665,0.498053509,49.56293183,3.508691571,53.76055453,3.500044495,45.03865636,3.5018692,53.71233694,3.504442354,43.6117969,3.501388897,46.3321778,0.498053509,45.98196286,3.500531569,44.92512535,0.499847834
675,2233.75,43.71435135,0.498053509,49.57858048,3.508691571,53.93439882,3.500044495,44.88750468,3.5018692,53.8137471,3.504442354,43.41874379,3.501388897,46.2108868,0.498053509,45.86858496,3.500531569,44.74054924,0.499847834
676,2233.8,43.56170312,0.498053509,49.59493383,3.508691571,54.10830861,3.500044495,44.73418007,3.5018692,53.91945095,3.504442354,43.22351775,3.501388897,46.08742289,0.498053509,45.75303413,3.500531569,44.5538002,0.499847834
677,2233.85,43.40688196,0.498053509,49.61197405,3.508691571,54.28226201,3.500044495,44.57868254,3.5018692,54.02946301,3.504442354,43.02611879,3.501388897,45.96178604,0.498053509,45.63531037,3.500531569,44.36487823,0.499847834
678,2233.9,43.24988787,0.498053509,49.62907705,3.508691571,54.45624868,3.500044495,44.42101208,3.5018692,54.14379102,3.504442354,42.82654689,3.501388897,45.83397626,0.498053509,45.51541368,3.500531569,44.17378334,0.499847834
679,2233.95,43.09072086,0.498053509,49.64597711,3.508691571,54.63026258,3.500044495,44.26116868,3.5018692,54.2624398,3.504442354,42.62480207,3.501388897,45.70399356,0.498053509,45.39334406,3.500531569,43.98051552,0.499847834
680,2234,42.92938092,0.498053509,49.66301138,3.508691571,54.80429981,3.500044495,44.09915236,3.5018692,54.38541261,3.504442354,42.42088432,3.501388897,45.57183793,0.498053509,45.26910152,3.500531569,43.78507476,0.499847834
681,2234.05,42.76586804,0.498053509,49.68162431,3.508691571,54.97835761,3.500044495,43.93496312,3.5018692,54.51271177,3.504442354,42.21479364,3.501388897,45.43750936,0.498053509,45.14268604,3.500531569,43.58746108,0.499847834
682,2234.1,42.60018224,0.498053509,49.70212229,3.508691571,55.15243397,3.500044495,43.76860094,3.5018692,54.64433903,3.504442354,42.00653003,3.501388897,45.30100787,0.498053509,45.01409764,3.500531569,43.38767447,0.499847834
683,2234.15,42.43232351,0.498053509,49.72317693,3.508691571,55.32652739,3.500044495,43.60006583,3.5018692,54.78029573,3.504442354,41.79609349,3.501388897,45.16233346,0.498053509,44.88333631,3.500531569,43.18571494,0.499847834
684,2234.2,42.26229186,0.498053509,49.74398179,3.508691571,55.50063668,3.500044495,43.4293578,3.5018692,54.9205829,3.504442354,41.58348403,3.501388897,45.02148611,0.498053509,44.75040205,3.500531569,42.98158247,0.499847834
685,2234.25,42.09008727,0.498053509,49.76612428,3.508691571,55.67476091,3.500044495,43.25647684,3.5018692,55.06520136,3.504442354,41.36870163,3.501388897,44.87846583,0.498053509,44.61529487,3.500531569,42.77527707,0.499847834
686,2234.3,41.91570976,0.498053509,49.78941657,3.508691571,55.84889937,3.500044495,43.08142295,3.5018692,55.21361191,3.504442354,41.15174631,3.501388897,44.73327263,0.498053509,44.47801475,3.500531569,42.56679875,0.499847834
687,2234.35,41.73915931,0.498053509,49.81477222,3.508691571,56.02359138,3.500044495,42.90419613,3.5018692,55.36419539,3.504442354,40.93261806,3.501388897,44.5859065,0.498053509,44.33856171,3.500531569,42.3561475,0.499847834
688,2234.4,41.56043594,0.498053509,49.84197207,3.508691571,56.20045632,3.500044495,42.72479638,3.5018692,55.5169518,3.504442354,40.71131688,3.501388897,44.43636744,0.498053509,44.19693573,3.500531569,42.14386796,0.499847834
689,2234.45,41.37899496,0.498053509,49.87038617,3.508691571,56.37949418,3.500044495,42.5432237,3.5018692,55.67188114,3.504442354,40.48784277,3.501388897,44.28465545,0.498053509,44.05313683,3.500531569,41.93159414,0.499847834
690,2234.5,41.19320228,0.498053509,49.89735669,3.508691571,56.56070498,3.500044495,42.3594781,3.5018692,55.82898341,3.504442354,40.26219574,3.501388897,44.13077053,0.498053509,43.907165,3.500531569,41.71932629,0.499847834
691,2234.55,41.00305765,0.498053509,49.92419575,3.508691571,56.7440887,3.500044495,42.17355956,3.5018692,55.9882586,3.504442354,40.03437577,3.501388897,43.97471268,0.498053509,43.75902024,3.500531569,41.50706465,0.499847834
692,2234.6,40.80856084,0.498053509,49.95295878,3.508691571,56.92964535,3.500044495,41.9854681,3.5018692,56.14970673,3.504442354,39.80438288,3.501388897,43.81648191,0.498053509,43.60890767,3.500531569,41.29480944,0.499847834
693,2234.65,40.60971164,0.498053509,49.98389473,3.508691571,57.11737493,3.500044495,41.79520371,3.5018692,56.31332778,3.504442354,39.57221706,3.501388897,43.6560782,0.498053509,43.45723751,3.500531569,41.08256084,0.499847834
694,2234.7,40.40650991,0.498053509,50.01677425,3.508691571,57.30727744,3.500044495,41.60276639,3.5018692,56.47912176,3.504442354,39.3378783,3.501388897,43.49350157,0.498053509,43.30339442,3.500531569,40.87031899,0.499847834
695,2234.75,40.19895551,0.498053509,50.0511386,3.508691571,57.49935287,3.500044495,41.40815614,3.5018692,56.64708867,3.504442354,39.10136663,3.501388897,43.32875201,0.498053509,43.1473784,3.500531569,40.65808399,0.499847834
696,2234.8,39.98704838,0.498053509,50.08767588,3.508691571,57.69360124,3.500044495,41.21137297,3.5018692,56.8172285,3.504442354,38.86268202,3.501388897,43.16182952,0.498053509,42.98918945,3.500531569,40.44585587,0.499847834
697,2234.85,39.77078851,0.498053509,50.12638609,3.508691571,57.89002253,3.500044495,41.01241686,3.5018692,56.98954127,3.504442354,38.62182448,3.501388897,42.9927341,0.498053509,42.82882757,3.500531569,40.23363463,0.499847834
698,2234.9,39.55017592,0.498053509,50.16726922,3.508691571,58.08861676,3.500044495,40.81128783,3.5018692,57.16402696,3.504442354,38.37879402,3.501388897,42.82146576,0.498053509,42.66629277,3.500531569,40.02142021,0.499847834
699,2234.95,39.32521071,0.498053509,50.20991703,3.508691571,58.28938391,3.500044495,40.60798587,3.5018692,57.34068559,3.504442354,38.13359062,3.501388897,42.64802448,0.498053509,42.50158503,3.500531569,39.8092125,0.499847834
700,2235,39.09589301,0.498053509,50.25258009,3.508691571,58.49232399,3.500044495,40.40251098,3.5018692,57.51951714,3.504442354,37.8862143,3.501388897,42.47241028,0.498053509,42.33470437,3.500531569,39.59701133,0.499847834
701,2235.05,38.86222299,0.498053509,50.29461735,3.508691571,58.697437,3.500044495,40.19486316,3.5018692,57.70052162,3.504442354,37.63666505,3.501388897,42.29462314,0.498053509,42.16565078,3.500531569,39.38481653,0.499847834
702,2235.1,38.62420087,0.498053509,50.33837047,3.508691571,58.90472293,3.500044495,39.98504241,3.5018692,57.88369903,3.504442354,37.38494287,3.501388897,42.11466308,0.498053509,41.99442426,3.500531569,39.17262716,0.499847834
703,2235.15,38.38182688,0.498053509,50.38252276,3.508691571,59.1141818,3.500044495,39.77304873,3.5018692,58.06904936,3.504442354,37.13104776,3.501388897,41.9325301,0.498053509,41.82102481,3.500531569,38.96044161,0.499847834
704,2235.2,38.1356459,0.498053509,50.42732965,3.508691571,59.32581359,3.500044495,39.55888213,3.5018692,58.25657263,3.504442354,36.87497973,3.501388897,41.74822418,0.498053509,41.64545244,3.500531569,38.74771708,0.499847834
705,2235.25,37.887292,0.498053509,50.47302561,3.508691571,59.53961831,3.500044495,39.34254259,3.5018692,58.44626882,3.504442354,36.61673876,3.501388897,41.56174533,0.498053509,41.46770713,3.500531569,38.53281963,0.499847834
706,2235.3,37.63676516,0.498053509,50.51940964,3.508691571,59.75559596,3.500044495,39.12403013,3.5018692,58.63813794,3.504442354,36.35632487,3.501388897,41.37309356,0.498053509,41.2877889,3.500531569,38.31574926,0.499847834
707,2235.35,37.3840654,0.498053509,50.56586621,3.508691571,59.97374654,3.500044495,38.90334474,3.5018692,58.83218,3.504442354,36.09373805,3.501388897,41.18226885,0.498053509,41.10569774,3.500531569,38.09650595,0.499847834
708,2235.4,37.12919271,0.498053509,50.61205099,3.508691571,60.19407005,3.500044495,38.68048642,3.5018692,59.02839498,3.504442354,35.8289783,3.501388897,40.98927122,0.498053509,40.92143365,3.500531569,37.87508971,0.499847834
709,2235.45,36.87214708,0.498053509,50.65934014,3.508691571,60.41656649,3.500044495,38.45545518,3.5018692,59.22678288,3.504442354,35.56204562,3.501388897,40.79410066,0.498053509,40.73499663,3.500531569,37.65150055,0.499847834
710,2235.5,36.61292854,0.498053509,50.70537399,3.508691571,60.64123585,3.500044495,38.228251,3.5018692,59.42734372,3.504442354,35.29294001,3.501388897,40.59675717,0.498053509,40.54638668,3.500531569,37.42573846,0.499847834
711,2235.55,36.35153706,0.498053509,50.75216004,3.508691571,60.86807815,3.500044495,37.9988739,3.5018692,59.63007749,3.504442354,35.02166148,3.501388897,40.39724076,0.498053509,40.3556038,3.500531569,37.19780344,0.499847834
712,2235.6,36.08797265,0.498053509,50.79958241,3.508691571,61.09709337,3.500044495,37.76732386,3.5018692,59.83498418,3.504442354,34.74821001,3.501388897,40.19555141,0.498053509,40.162648,3.500531569,36.96769549,0.499847834
713,2235.65,35.82223532,0.498053509,50.8488109,3.508691571,61.32828152,3.500044495,37.5336009,3.5018692,60.0420638,3.504442354,34.47258562,3.501388897,39.99168914,0.498053509,39.96751927,3.500531569,36.73541461,0.499847834
714,2235.7,35.55432505,0.498053509,50.8987182,3.508691571,61.5616426,3.500044495,37.29770501,3.5018692,60.25131635,3.504442354,34.1947883,3.501388897,39.78565393,0.498053509,39.77021761,3.500531569,36.5009608,0.499847834
715,2235.75,35.28424186,0.498053509,50.94927601,3.508691571,61.7971766,3.500044495,37.05963619,3.5018692,60.46274183,3.504442354,33.91481805,3.501388897,39.5774458,0.498053509,39.57074301,3.500531569,36.26433407,0.499847834
716,2235.8,35.01198574,0.498053509,51.00098275,3.508691571,62.03488354,3.500044495,36.81939445,3.5018692,60.67634024,3.504442354,33.63267487,3.501388897,39.36706474,0.498053509,39.3690955,3.500531569,36.02553441,0.499847834
717,2235.85,34.73755669,0.498053509,51.05486241,3.508691571,62.27476341,3.500044495,36.57697977,3.5018692,60.89211158,3.504442354,33.34835876,3.501388897,39.15451075,0.498053509,39.16527505,3.500531569,35.78456181,0.499847834
718,2235.9,34.46095471,0.498053509,51.11091501,3.508691571,62.5168162,3.500044495,36.33239217,3.5018692,61.11005584,3.504442354,33.06186973,3.501388897,38.93978384,0.498053509,38.95928167,3.500531569,35.54141629,0.499847834
719,2235.95,34.18217981,0.498053509,51.16882599,3.508691571,62.76104192,3.500044495,36.08563164,3.5018692,61.33017303,3.504442354,32.77320776,3.501388897,38.72288399,0.498053509,38.75111537,3.500531569,35.29609784,0.499847834
720,2236,33.90123197,0.498053509,51.22796628,3.508691571,63.00744057,3.500044495,35.83669817,3.5018692,61.55246316,3.504442354,32.48237287,3.501388897,38.50381122,0.498053509,38.54077614,3.500531569,35.04860647,0.499847834
721,2236.05,33.61811121,0.498053509,51.28914876,3.508691571,63.25601215,3.500044495,35.58559178,3.5018692,61.77692621,3.504442354,32.18936505,3.501388897,38.28256551,0.498053509,38.32826398,3.500531569,34.79894216,0.499847834
722,2236.1,33.33281752,0.498053509,51.35211196,3.508691571,63.50675666,3.500044495,35.33231247,3.5018692,62.00356219,3.504442354,31.8941843,3.501388897,38.05914688,0.498053509,38.11357889,3.500531569,34.54710493,0.499847834
723,2236.15,33.0453509,0.498053509,51.41627794,3.508691571,63.75967409,3.500044495,35.07686022,3.5018692,62.23237109,3.504442354,31.59683062,3.501388897,37.83355532,0.498053509,37.89672087,3.500531569,34.29309476,0.499847834
724,2236.2,32.75571135,0.498053509,51.47943167,3.508691571,64.01476446,3.500044495,34.81923504,3.5018692,62.46335293,3.504442354,31.29730401,3.501388897,37.60579083,0.498053509,37.67768992,3.500531569,34.03691167,0.499847834
725,2236.25,32.46389887,0.498053509,51.54335713,3.508691571,64.27202775,3.500044495,34.55943694,3.5018692,62.69650769,3.504442354,30.99560448,3.501388897,37.37585342,0.498053509,37.45648604,3.500531569,33.77855565,0.499847834
726,2236.3,32.16991347,0.498053509,51.60772461,3.508691571,64.53146397,3.500044495,34.29746591,3.5018692,62.93183539,3.504442354,30.69173201,3.501388897,37.14374307,0.498053509,37.23310924,3.500531569,33.5180267,0.499847834
727,2236.35,31.87375513,0.498053509,51.67387504,3.508691571,64.79307312,3.500044495,34.03332195,3.5018692,63.16933601,3.504442354,30.38568662,3.501388897,36.9094598,0.498053509,37.00755951,3.500531569,33.25532482,0.499847834
728,2236.4,31.57542387,0.498053509,51.74057298,3.508691571,65.0568552,3.500044495,33.76700506,3.5018692,63.40900956,3.504442354,30.0774683,3.501388897,36.6730036,0.498053509,36.77983685,3.500531569,32.99045002,0.499847834
729,2236.45,31.27491968,0.498053509,51.80743272,3.508691571,65.32281021,3.500044495,33.49851524,3.5018692,63.65085604,3.504442354,29.76707705,3.501388897,36.43437446,0.498053509,36.54994126,3.500531569,32.72340228,0.499847834
730,2236.5,30.97224256,0.498053509,51.87453134,3.508691571,65.59093814,3.500044495,33.22785249,3.5018692,63.89487545,3.504442354,29.45451287,3.501388897,36.19357241,0.498053509,36.31787274,3.500531569,32.45418162,0.499847834
731,2236.55,30.66739251,0.498053509,51.94341718,3.508691571,65.86123901,3.500044495,32.95501682,3.5018692,64.14106778,3.504442354,29.13977577,3.501388897,35.95059742,0.498053509,36.08363129,3.500531569,32.18278803,0.499847834
732,2236.6,30.36036953,0.498053509,52.01303966,3.508691571,66.1337128,3.500044495,32.68000822,3.5018692,64.38943305,3.504442354,28.82286573,3.501388897,35.7054495,0.498053509,35.84721692,3.500531569,31.90922151,0.499847834
733,2236.65,30.05117363,0.498053509,52.0835922,3.508691571,66.40835952,3.500044495,32.40282668,3.5018692,64.63997124,3.504442354,28.50378277,3.501388897,35.45812866,0.498053509,35.60862961,3.500531569,31.63348206,0.499847834
734,2236.7,29.73980479,0.498053509,52.15489304,3.508691571,66.68517917,3.500044495,32.12347222,3.5018692,64.89268236,3.504442354,28.18252688,3.501388897,35.20863488,0.498053509,35.36786938,3.500531569,31.35556968,0.499847834
735,2236.75,29.42626303,0.498053509,52.22774042,3.508691571,66.96417175,3.500044495,31.84194483,3.5018692,65.14756641,3.504442354,27.85909806,3.501388897,34.95696818,0.498053509,35.12493622,3.500531569,31.07548438,0.499847834
736,2236.8,29.11054834,0.498053509,52.30207247,3.508691571,67.24533725,3.500044495,31.55824452,3.5018692,65.40462339,3.504442354,27.53349631,3.501388897,34.70312855,0.498053509,34.87983013,3.500531569,30.79322615,0.499847834
737,2236.85,28.79266072,0.498053509,52.37632592,3.508691571,67.52867569,3.500044495,31.27237127,3.5018692,65.6638533,3.504442354,27.20572163,3.501388897,34.44711599,0.498053509,34.63255111,3.500531569,30.50879498,0.499847834
738,2236.9,28.47260017,0.498053509,52.45219206,3.508691571,67.81418705,3.500044495,30.98432509,3.5018692,65.92525613,3.504442354,26.87577402,3.501388897,34.1889305,0.498053509,34.38309917,3.500531569,30.22219089,0.499847834
739,2236.95,28.1503667,0.498053509,52.53023112,3.508691571,68.10187135,3.500044495,30.69410599,3.5018692,66.1888319,3.504442354,26.54365349,3.501388897,33.92857209,0.498053509,34.13147429,3.500531569,29.93341387,0.499847834
740,2237,27.82596029,0.498053509,52.61044312,3.508691571,68.39172857,3.500044495,30.40171396,3.5018692,66.45458059,3.504442354,26.20936002,3.501388897,33.66604074,0.498053509,33.87767649,3.500531569,29.64246392,0.499847834
741,2237.05,27.49938096,0.498053509,52.69213614,3.508691571,68.68375872,3.500044495,30.107149,3.5018692,66.72250221,3.504442354,25.87289363,3.501388897,33.40133647,0.498053509,33.62170576,3.500531569,29.34934105,0.499847834
742,2237.1,27.17062869,0.498053509,52.7737789,3.508691571,68.97796179,3.500044495,29.81041111,3.5018692,66.99259676,3.504442354,25.53425431,3.501388897,33.13445927,0.498053509,33.3635621,3.500531569,29.05404524,0.499847834
743,2237.15,26.8397035,0.498053509,52.85671744,3.508691571,69.2743378,3.500044495,29.51150029,3.5018692,67.26486424,3.504442354,25.19344206,3.501388897,32.86540914,0.498053509,33.10324551,3.500531569,28.75657651,0.499847834
744,2237.2,26.50660538,0.498053509,52.94022328,3.508691571,69.57288673,3.500044495,29.21041655,3.5018692,67.53930464,3.504442354,24.85045689,3.501388897,32.59418608,0.498053509,32.84075599,3.500531569,28.45693485,0.499847834
745,2237.25,26.17133434,0.498053509,53.02483568,3.508691571,69.8736086,3.500044495,28.90715987,3.5018692,67.81591798,3.504442354,24.50529878,3.501388897,32.32079009,0.498053509,32.57609354,3.500531569,28.15512025,0.499847834
746,2237.3,25.83389036,0.498053509,53.11040495,3.508691571,70.17650339,3.500044495,28.60173027,3.5018692,68.09470424,3.504442354,24.15796775,3.501388897,32.04522117,0.498053509,32.30925817,3.500531569,27.85113274,0.499847834
747,2237.35,48.99945677,0.999456768,49.00046297,2.000543232,49.00054323,3.000543232,49.99945677,1.000543232,50.00054323,2.000543232,49.99945677,3.000543232,50.99945677,0.999456768,50.99945677,2.000543232,50.99945677,2.999456768
748,2237.4,48.99674061,0.996740607,49.0022431,2.003259393,49.00325939,3.003259393,49.99674061,1.003259393,50.00325939,2.003259393,49.99674061,3.002715165,50.99674061,0.996740607,50.99674061,2.003259393,50.99674061,2.996740607
749,2237.45,48.99185152,0.991851518,49.00358213,2.008148482,49.00814848,3.008148482,49.99185152,1.008148482,50.00814848,2.008148482,49.99185152,3.005427344,50.99185152,0.991851518,50.99185152,2.008148482,50.99185152,2.991851518
750,2237.5,48.9847895,0.9847895,49.00387003,2.0152105,49.0152105,3.0152105,49.9847895,1.0152105,50.0152105,2.0152105,49.9847895,3.010312451,50.9847895,0.9847895,50.9847895,2.0152105,50.9847895,2.9847895
751,2237.55,48.97555455,0.975554554,49.00337242,2.024445446,49.02444545,3.024445446,49.97555455,1.024445446,50.02444545,2.024445446,49.97555455,3.016661105,50.97555455,0.975554554,50.97555455,2.024445446,50.97555455,2.975554554
752,2237.6,48.96414668,0.964146679,49.00442233,2.035853321,49.03585332,3.035853321,49.96414668,1.035853321,50.03585332,2.035853321,49.96414668,3.023054539,50.96414668,0.964146679,50.96414668,2.035853321,50.96414668,2.964146679
753,2237.65,48.95056588,0.950565876,49.00683296,2.049434124,49.04943412,3.049434124,49.95056588,1.049434124,50.04943412,2.049434124,49.95056588,3.031620902,50.95056588,0.950565876,50.95056588,2.049434124,50.95056588,2.950565876
754,2237.7,48.93481214,0.934812144,49.0089799,2.065187856,49.06518786,3.065187856,49.93481214,1.065187856,50.06518786,2.065187856,49.93481214,3.042075437,50.93481214,0.934812144,50.93481214,2.065187856,50.93481214,2.934812144
755,2237.75,48.91688548,0.916885484,49.01329977,2.083114516,49.08311452,3.083114516,49.91688548,1.083114516,50.08311452,2.083114516,49.91688548,3.053793904,50.91688548,0.916885484,50.91700126,2.083114516,50.91688548,2.916885484
756,2237.8,48.89678589,0.896785895,49.01943596,2.103214105,49.10321411,3.103214105,49.89678589,1.103214105,50.10321411,2.103214105,49.89678589,3.06752112,50.89678589,0.896785895,50.89736477,2.103214105,50.89678589,2.896785895
757,2237.85,48.87451338,0.874513377,49.0266753,2.125486623,49.12548662,3.125486623,49.87451338,1.125486623,50.12548662,2.125486623,49.87451338,3.083421265,50.87451338,0.874513377,50.87555535,2.125486623,50.87451338,2.874513377
758,2237.9,48.85006793,0.850067931,49.03608756,2.149932069,49.14993207,3.149932069,49.85006793,1.149932069,50.14993207,2.149932069,49.85006793,3.101494338,50.85006793,0.850067931,50.85157301,2.149932069,50.85006793,2.850067931
759,2237.95,48.82344956,0.823449557,49.04717778,2.176550443,49.17596096,3.175960962,49.82344956,1.176550443,50.17599703,2.175997025,49.82296175,3.121252529,50.82344956,0.823449557,50.82433319,2.175465899,50.82291685,2.822916849
760,2238,48.79465825,0.794658254,49.05895599,2.205341746,49.20184433,3.201844334,49.79465825,1.205341746,50.20201996,2.202019965,49.79174251,3.140793057,50.79465825,0.794658254,50.79058121,2.198833427,50.79146699,2.791466988
761,2238.05,48.76369402,0.763694022,49.07260262,2.236305978,49.2276427,3.227642698,49.76369402,1.236305978,50.22799348,2.227993478,49.75645879,3.159263548,50.76369402,0.763694022,50.7503131,2.220030675,50.75574162,2.755741624
762,2238.1,48.73055686,0.730556862,49.08719294,2.269443138,49.2531692,3.253169199,49.73055686,1.269443138,50.2539,2.253899996,49.71717602,3.178080851,50.73055686,0.730556862,50.70352653,2.239055327,50.71501055,2.715010549
763,2238.15,48.69524677,0.695246773,49.10228126,2.304753227,49.27836855,3.278368553,49.69524677,1.304753227,50.27893937,2.278939367,49.67397973,3.197330496,50.69524677,0.695246773,50.65022413,2.255910009,50.66702547,2.667025471
764,2238.2,48.65776376,0.657763756,49.11735889,2.342236244,49.3031736,3.303173595,49.65776376,1.342236244,50.30075649,2.30075649,49.62698483,3.217127382,50.65776376,0.657763756,50.59041883,2.27060764,50.61186165,2.611861647
765,2238.25,48.61810781,0.618107811,49.13460945,2.381892189,49.3275005,3.327500499,49.61810781,1.381892189,50.3192821,2.319282102,49.57635581,3.237636002,50.61810781,0.618107811,50.52414336,2.283180962,50.54962419,2.549624193
766,2238.3,48.57627894,0.576278936,49.15376007,2.423721064,49.35124229,3.351242289,49.57627894,1.423721064,50.33441582,2.334415815,49.52234981,3.2591135,50.57627894,0.576278936,50.45148658,2.293718826,50.48047821,2.480478206
767,2238.35,48.53227713,0.532277134,49.17392764,2.467722866,49.37426464,3.374264643,49.53227713,1.467722866,50.34599079,2.345990789,49.46542046,3.282013511,50.53227713,0.532277134,50.37277505,2.302547801,50.40473265,2.404732647
768,2238.4,48.4861024,0.498053509,49.19504799,2.513897598,49.39644317,3.396443175,49.4861024,1.513897598,50.35380698,2.35380698,49.40646443,3.307232691,50.4861024,0.498053509,50.28937965,2.311038763,50.32314226,2.323142265
769,2238.45,48.43775474,0.498053509,49.21705577,2.562245257,49.41813912,3.418139122,49.43775474,1.562245257,50.36023814,2.360238144,49.34697942,3.336098999,50.43775474,0.498053509,50.20381367,2.321705003,50.23896053,2.238960528
770,2238.5,48.38723415,0.498053509,49.2392533,2.612765846,49.44085208,3.440852082,49.38723415,1.612765846,50.3727341,2.372734103,49.28821898,3.369526491,50.38723415,0.498053509,50.11710278,2.335572195,50.1586292,2.158629205
771,2238.55,48.33454064,0.498053509,49.26338759,2.665459363,49.46606066,3.466060658,49.33454064,1.665459363,50.39206395,2.39206395,49.23025992,3.407600614,50.33454064,0.498053509,50.03118013,2.354573476,50.08213063,2.082130627
772,2238.6,48.27967419,0.498053509,49.28880216,2.720325808,49.49520845,3.495208447,49.27967419,1.720325808,50.41843295,2.418432946,49.17287827,3.449096214,50.27967419,0.498053509,49.94669608,2.379359222,50.00930765,2.009307648
773,2238.65,48.22263482,0.498053509,49.3153528,2.777365182,49.52809036,3.503180454,49.22263482,1.777365182,50.45192674,2.451926741,49.11586276,3.49530381,50.22263482,0.498053509,49.86387237,2.410151158,49.94006895,1.940068946
774,2238.7,48.16342252,0.498053509,49.34148905,2.835817601,49.56446618,3.503180454,49.16342252,1.836577485,50.49182127,2.491821267,49.05897011,3.507702567,50.16342252,0.498053509,49.7830309,2.447271189,49.87359268,1.873592683
775,2238.75,48.10203728,0.498053509,49.36604393,2.894081284,49.60286656,3.503180454,49.10203728,1.897962716,50.53534683,2.535346833,49.00171185,3.507702567,50.10203728,0.498053509,49.70430502,2.490852675,49.80753885,1.807538849
776,2238.8,48.03847912,0.498053509,49.39191541,2.954937661,49.64328942,3.503180454,49.03847912,1.961520875,50.58104533,2.581045328,48.94301438,3.507702567,50.03847912,0.498053509,49.62574686,2.538947729,49.74124126,1.741241258
777,2238.85,47.97274804,0.498053509,49.42028512,3.020633855,49.68563037,3.503180454,48.97274804,2.027251963,50.62891675,2.628916752,48.88260696,3.507702567,49.97274804,0.498053509,49.54692526,2.591125202,49.67277074,1.672770738
778,2238.9,47.90484402,0.498053509,49.44931625,3.090595186,49.72889208,3.503180454,48.90484402,2.09515598,50.6789611,2.678961104,48.82002662,3.507702567,49.90484402,0.498053509,49.46844306,2.647987942,49.60212729,1.602127289
779,2238.95,47.83476708,0.498053509,49.47870031,3.163189224,49.77252567,3.503180454,48.83476708,2.165232925,50.73117838,2.731178384,48.75527335,3.507702567,49.83476708,0.498053509,49.39008067,2.709316343,49.52931091,1.529310912
780,2239,47.7625172,0.498053509,49.5107344,3.238930146,49.81563702,3.503180454,48.7625172,2.237482799,50.78556859,2.785568593,48.68834715,3.507702567,49.7625172,0.498053509,49.31186335,2.775135663,49.45432161,1.454321606
781,2239.05,47.6880944,0.498053509,49.54497541,3.318368515,49.85895846,3.503180454,48.6880944,2.311905601,50.84213173,2.842131731,48.61924803,3.507702567,49.6880944,0.498053509,49.23380252,2.845457338,49.37715937,1.377159372
782,2239.1,47.61149867,0.498053509,49.58262915,3.401973097,49.90222874,3.503180454,48.61149867,2.388501331,50.9008678,2.900867797,48.54797597,3.507702567,49.61149867,0.498053509,49.15608425,2.920467435,49.29782421,1.297824209
783,2239.15,47.53273001,0.498053509,49.62201695,3.490010698,49.9476163,3.503180454,48.53273001,2.467269991,50.96177679,2.961776791,48.47453099,3.507702567,49.53273001,0.498053509,49.07712204,2.998579444,49.21631612,1.216316118
784,2239.2,47.45178842,0.498053509,49.66407562,3.512857795,49.99469937,3.503180454,48.45196716,2.548211579,51.02485871,3.024858714,48.39891307,3.507702567,49.45178842,0.498053509,48.99598691,3.078864382,49.1326351,1.132635098
785,2239.25,47.36867391,0.498053509,49.70870828,3.512857795,50.04355304,3.503180454,48.36956761,2.631326095,51.09011357,3.090113566,48.32112223,3.507702567,49.36839418,0.498053509,48.91267884,3.161322248,49.04704151,1.047041509
786,2239.3,47.28338646,0.498053509,49.75590046,3.512857795,50.09419189,3.503180454,48.28499512,2.71661354,51.15754135,3.157541346,48.24115846,3.507702567,49.28174907,0.498053509,48.82792344,3.246678635,48.96027054,0.960270535
787,2239.35,47.19592609,0.498053509,49.80475043,3.512857795,50.14751726,3.503180454,48.19824971,2.804073913,51.22714205,3.227142055,48.15831157,3.507702567,49.19202795,0.498053509,48.74386256,3.337075402,48.87212477,0.872124772
788,2239.4,47.10629278,0.498053509,49.85433,3.512857795,50.20445679,3.503180454,48.10987109,2.894246933,51.29891569,3.298915692,48.06995596,3.507702567,49.09945638,0.498053509,48.66033814,3.432354491,48.78234332,0.782343321
789,2239.45,47.01448655,0.498053509,49.90732139,3.512857795,50.26232937,3.503180454,48.02147781,2.988751153,51.37286226,3.372862258,47.9746671,3.507702567,49.00433993,0.498053509,48.57711756,3.506470162,48.69056425,0.690564245
790,2239.5,46.9205074,0.498053509,49.96383162,3.512857795,50.32102832,3.503180454,47.93270567,3.08722237,51.44898175,3.448981752,47.8726731,3.507702567,48.90711119,0.498053509,48.49396156,3.506470162,48.59626867,0.596268674
791,2239.55,46.82435531,0.498053509,50.02233849,3.512857795,50.38207536,3.503180454,47.84285569,3.18896161,51.52727417,3.507293645,47.76408603,3.507702567,48.80838933,0.498053509,48.41103832,3.506470162,48.49873229,0.523847215
792,2239.6,46.72603029,0.498053509,50.0850462,3.512857795,50.44326735,3.503180454,47.75239501,3.294436001,51.60773953,3.507293645,47.6493037,3.507702567,48.70893437,0.498053509,48.32860459,3.506470162,48.39724231,0.522816937
793,2239.65,46.62553235,0.498053509,50.15152359,3.512857795,50.50503563,3.503180454,47.65966541,3.401987332,51.69037781,3.507293645,47.52966442,3.507702567,48.60925698,0.498053509,48.24545668,3.506470162,48.29162352,0.517657842
794,2239.7,46.52286147,0.498053509,50.22146847,3.512857795,50.56768258,3.503180454,47.56591491,3.484551717,51.77518901,3.507293645,47.40494151,3.507702567,48.50937781,0.498053509,48.16199994,3.506470162,48.18183602,0.508330045
795,2239.75,46.41801767,0.498053509,50.2949809,3.512857795,50.63110849,3.503180454,47.47084941,3.485211255,51.86217315,3.507293645,47.27545714,3.507702567,48.40935479,0.498053509,48.07846821,3.506470162,48.06780555,0.498960987
796,2239.8,46.31100094,0.498053509,50.37063684,3.512857795,50.69673696,3.503180454,47.37404845,3.488481201,51.95133022,3.507293645,47.14131387,3.507702567,48.30926866,0.498053509,47.99486734,3.506470162,47.94945415,0.498960987
797,2239.85,46.20181128,0.498053509,50.45048264,3.512857795,50.76252293,3.503180454,47.27539968,3.494249181,52.04266021,3.507293645,47.00261246,3.507702567,48.20917586,0.498053509,47.91121176,3.506470162,47.82676337,0.498960987
798,2239.9,46.0904487,0.498053509,50.53362687,3.512857795,50.82935789,3.503180454,47.17478603,3.499931163,52.13616313,3.507293645,46.85944385,3.507702567,48.10907679,0.498053509,47.82752139,3.506470162,47.69973278,0.498960987
799,2239.95,45.97691318,0.498053509,50.61887517,3.512857795,50.89843592,3.503180454,47.0726477,3.499931163,52.23183898,3.507293645,46.71186364,3.507702567,48.00897189,0.498053509,47.74327238,3.506470162,47.56836194,0.498960987
800,2240,45.86120474,0.498053509,50.70838322,3.512857795,50.96760343,3.503180454,46.97057002,3.499931163,52.32968776,3.507293645,46.55988148,3.507702567,47.9088616,0.498053509,47.65685044,3.506470162,47.43265041,0.498960987
801,2240.05,45.74332336,0.498053509,50.80156023,3.512857795,51.03745206,3.503180454,46.86854432,3.499931163,52.42970947,3.507293645,46.40350521,3.507702567,47.80874637,0.498053509,47.56825557,3.506470162,47.29259777,0.498960987
802,2240.1,45.62326906,0.498053509,50.89655414,3.512857795,51.10983327,3.503180454,46.76656354,3.499931163,52.53190411,3.507293645,46.24274117,3.507702567,47.7086266,0.498053509,47.47748777,3.506470162,47.14820359,0.498960987
803,2240.15,45.50104183,0.498053509,50.99350658,3.512857795,51.18460671,3.503180454,46.66462191,3.499931163,52.63627167,3.507293645,46.07759463,3.507702567,47.60850269,0.498053509,47.38454704,3.506470162,46.99946753,0.498960987
804,2240.2,45.37664167,0.498053509,51.09393383,3.512857795,51.26026135,3.503180454,46.56271466,3.499931163,52.74281217,3.507293645,45.90806993,3.507702567,47.508375,0.498053509,47.28943338,3.506470162,46.84638921,0.498960987
805,2240.25,45.25006859,0.498053509,51.19835825,3.512857795,51.33628306,3.503180454,46.46083771,3.499931163,52.85152559,3.507293645,45.73417072,3.507702567,47.40824385,0.498053509,47.1921468,3.506470162,46.68896835,0.498960987
806,2240.3,45.12132257,0.498053509,51.30594224,3.512857795,51.41352195,3.503180454,46.35910062,3.499931163,52.96241194,3.507293645,45.55644919,3.507702567,47.30810955,0.498053509,47.09268729,3.506470162,46.52720464,0.498960987
807,2240.35,44.99040363,0.498053509,51.41612541,3.512857795,51.49258572,3.503180454,46.25717826,3.499931163,53.07547122,3.507293645,45.37655473,3.507702567,47.2074298,0.498053509,46.99105484,3.506470162,46.36164042,0.498960987
808,2240.4,44.85731176,0.498053509,51.5294522,3.512857795,51.57355506,3.503180454,46.15308298,3.499931163,53.19070343,3.507293645,45.19448735,3.507702567,47.10457713,0.498053509,46.88724947,3.506470162,46.19390328,0.498960987
809,2240.45,44.72204695,0.498053509,51.64483153,3.512857795,51.65846491,3.503180454,46.04681476,3.499931163,53.30810856,3.507293645,45.01024703,3.507702567,46.99955152,0.498053509,46.78127117,3.506470162,46.02399321,0.498960987
810,2240.5,44.58460922,0.498053509,51.75865854,3.512857795,51.74743855,3.503180454,45.93837362,3.499931163,53.42768663,3.507293645,44.82383379,3.507702567,46.89235299,0.498053509,46.67311995,3.506470162,45.85191021,0.498960987
811,2240.55,44.44499857,0.498053509,51.86958348,3.512857795,51.83859566,3.503180454,45.82775955,3.499931163,53.54943762,3.507293645,44.63524761,3.507702567,46.78298153,0.498053509,46.56279579,3.506470162,45.67765428,0.498960987
812,2240.6,44.30321498,0.498053509,51.97947521,3.512857795,51.9335875,3.503180454,45.71497256,3.499931163,53.67336154,3.507293645,44.44448851,3.507702567,46.67143714,0.498053509,46.45029871,3.506470162,45.50122542,0.498960987
813,2240.65,44.15925846,0.498053509,52.08688556,3.512857795,52.03088272,3.503180454,45.60001263,3.499931163,53.7994584,3.507293645,44.25155648,3.507702567,46.55771983,0.498053509,46.33562869,3.506470162,45.32262363,0.498960987
814,2240.7,44.01312902,0.498053509,52.19150554,3.512857795,52.1301278,3.503180454,45.48287977,3.499931163,53.92772817,3.507293645,44.05645152,3.507702567,46.44182958,0.498053509,46.21878575,3.506470162,45.14184891,0.498960987
815,2240.75,43.86482665,0.498053509,52.29539738,3.512857795,52.233354,3.503180454,45.36357399,3.499931163,54.05817088,3.507293645,43.85917364,3.507702567,46.3237664,0.498053509,46.09976988,3.506470162,44.95890127,0.498960987
816,2240.8,43.71435135,0.498053509,52.3971713,3.512857795,52.33916896,3.503180454,45.24209528,3.499931163,54.19078652,3.507293645,43.65972282,3.507702567,46.2035303,0.498053509,45.97858108,3.506470162,44.7737807,0.498960987
817,2240.85,43.56170312,0.498053509,52.49763388,3.512857795,52.44838486,3.503180454,45.11844364,3.499931163,54.32557508,3.507293645,43.45809908,3.507702567,46.08112127,0.498053509,45.85521935,3.506470162,44.5864872,0.498960987
818,2240.9,43.40688196,0.498053509,52.59659672,3.512857795,52.56083928,3.503180454,44.99261907,3.499931163,54.46253658,3.507293645,43.25430241,3.507702567,45.95653931,0.498053509,45.7296847,3.506470162,44.39702077,0.498960987
819,2240.95,43.24988787,0.498053509,52.69295118,3.512857795,52.67548072,3.503180454,44.86462157,3.499931163,54.601671,3.507293645,43.0483328,3.507702567,45.82978442,0.498053509,45.60197711,3.506470162,44.20538141,0.498960987
820,2241,43.09072086,0.498053509,52.78747786,3.512857795,52.79318778,3.503180454,44.73445114,3.499931163,54.74297835,3.507293645,42.84019028,3.507702567,45.7008566,0.498053509,45.4720966,3.506470162,44.01156912,0.498960987
821,2241.05,42.92938092,0.498053509,52.88045471,3.512857795,52.91447128,3.503180454,44.60210779,3.499931163,54.88645863,3.507293645,42.62987482,3.507702567,45.56975586,0.498053509,45.34004316,3.506470162,43.81558391,0.498960987
822,2241.1,42.76586804,0.498053509,52.97115569,3.512857795,53.03969138,3.503180454,44.46759151,3.499931163,55.03211183,3.507293645,42.41738643,3.507702567,45.43648218,0.498053509,45.20581679,3.506470162,43.61742576,0.498960987
823,2241.15,42.60018224,0.498053509,53.05918425,3.512857795,53.16896652,3.503180454,44.33090229,3.499931163,55.17993797,3.507293645,42.20272512,3.507702567,45.30103558,0.498053509,45.06941749,3.506470162,43.41709469,0.498960987
824,2241.2,42.43232351,0.498053509,53.14864847,3.512857795,53.30076285,3.503180454,44.19204015,3.499931163,55.32993703,3.507293645,41.98589087,3.507702567,45.16341605,0.498053509,44.93084526,3.506470162,43.21459069,0.498960987
825,2241.25,42.26229186,0.498053509,53.24080444,3.512857795,53.43413279,3.503180454,44.05100508,3.499931163,55.48210903,3.507293645,41.7668837,3.507702567,45.02362359,0.498053509,44.79010011,3.506470162,43.00991376,0.498960987
826,2241.3,42.09008727,0.498053509,53.33695246,3.512857795,53.56782666,3.503180454,43.90779709,3.499931163,55.63645395,3.507293645,41.5457036,3.507702567,44.8816582,0.498053509,44.64718202,3.506470162,42.8030639,0.498960987
827,2241.35,41.91570976,0.498053509,53.43689721,3.512857795,53.70205391,3.503180454,43.76241616,3.499931163,55.7929718,3.507293645,41.32235057,3.507702567,44.73751988,0.498053509,44.50209101,3.506470162,42.59404112,0.498960987
828,2241.4,41.73915931,0.498053509,53.53948162,3.512857795,53.83797615,3.503180454,43.61486231,3.499931163,55.95166258,3.507293645,41.09682461,3.507702567,44.59120864,0.498053509,44.35482707,3.506470162,42.3828454,0.498960987
829,2241.45,41.56043594,0.498053509,53.64423327,3.512857795,53.97606864,3.503180454,43.46517552,3.499931163,56.11252628,3.507293645,40.86912573,3.507702567,44.44272446,0.498053509,44.2053902,3.506470162,42.16947676,0.498960987
830,2241.5,41.3789957,0.498053509,53.74936803,3.512857795,54.11811613,3.503180454,43.31343577,3.499931163,56.27556292,3.507293645,40.63925391,3.507702567,44.29206736,0.498053509,44.0537804,3.506470162,41.95447914,0.498960987
831,2241.55,41.19320676,0.498053509,53.85484249,3.512857795,54.26416329,3.503180454,43.1595231,3.499931163,56.44077248,3.507293645,40.40720917,3.507702567,44.13923733,0.498053509,43.89999768,3.506470162,41.73948444,0.498960987
832,2241.6,41.00306897,0.498053509,53.96133783,3.512857795,54.41353023,3.503180454,43.0034375,3.499931163,56.60815498,3.507293645,40.1729915,3.507702567,43.98423437,0.498053509,43.74404202,3.506470162,41.52449278,0.498960987
833,2241.65,40.80858223,0.498053509,54.07186222,3.512857795,54.56321079,3.503180454,42.84517898,3.499931163,56.7777104,3.507293645,39.9366009,3.507702567,43.82705848,0.498053509,43.58591344,3.506470162,41.30950428,0.498960987
834,2241.7,40.60974642,0.498053509,54.18577786,3.512857795,54.71384336,3.503180454,42.68474752,3.499931163,56.94943875,3.507293645,39.69803737,3.507702567,43.66770967,0.498053509,43.42561192,3.506470162,41.09451905,0.498960987
835,2241.75,40.40656144,0.498053509,54.30330562,3.512857795,54.86520768,3.503180454,42.52214314,3.499931163,57.12334002,3.507293645,39.45730091,3.507702567,43.50618792,0.498053509,43.26313748,3.506470162,40.87953715,0.498960987
836,2241.8,40.19902723,0.498053509,54.42374331,3.512857795,55.01800619,3.503180454,42.35736582,3.499931163,57.29941423,3.507293645,39.21439152,3.507702567,43.34249325,0.498053509,43.09849011,3.506470162,40.66455866,0.498960987
837,2241.85,39.98714374,0.498053509,54.54642629,3.512857795,55.17290367,3.503180454,42.19041558,3.499931163,57.47766137,3.507293645,38.96930921,3.507702567,43.17662565,0.498053509,42.93166982,3.506470162,40.44958362,0.498960987
838,2241.9,39.77091093,0.498053509,54.67118084,3.512857795,55.33007399,3.503180454,42.02129241,3.499931163,57.65808143,3.507293645,38.72205397,3.507702567,43.00858511,0.498053509,42.76267659,3.506470162,40.23461203,0.498960987
839,2241.95,39.55032882,0.498053509,54.79921811,3.512857795,55.48830632,3.503180454,41.84999631,3.499931163,57.84067442,3.507293645,38.4726258,3.507702567,42.83837166,0.498053509,42.59151043,3.506470162,40.01964388,0.498960987
840,2242,39.32539743,0.498053509,54.93093634,3.512857795,55.64720265,3.503180454,41.67652729,3.499931163,58.02544034,3.507293645,38.2210247,3.507702567,42.66598527,0.498053509,42.41817135,3.506470162,39.80467913,0.498960987
841,2242.05,39.0961168,0.498053509,55.06622311,3.512857795,55.80687555,3.503180454,41.50088533,3.499931163,58.21237919,3.507293645,37.96725067,3.507702567,42.49142595,0.498053509,42.24265934,3.506470162,39.58971772,0.498960987
842,2242.1,38.86248702,0.498053509,55.2049929,3.512857795,55.96741063,3.503180454,41.32307045,3.499931163,58.40149097,3.507293645,37.71130371,3.507702567,42.31469371,0.498053509,42.0649744,3.506470162,39.37475957,0.498960987
843,2242.15,38.62450818,0.498053509,55.34449939,3.512857795,56.1310034,3.503180454,41.14308263,3.499931163,58.59277568,3.507293645,37.45318382,3.507702567,42.13578853,0.498053509,41.88511653,3.506470162,39.15980456,0.498960987
844,2242.2,38.38218039,0.498053509,55.48362145,3.512857795,56.29676909,3.503180454,40.96092189,3.499931163,58.78623331,3.507293645,37.19289101,3.507702567,41.95471043,0.498053509,41.70308573,3.506470162,38.94485259,0.498960987
845,2242.25,38.13550377,0.498053509,55.62192252,3.512857795,56.46470771,3.503180454,40.77658822,3.499931163,58.98186388,3.507293645,36.93042527,3.507702567,41.7714594,0.498053509,41.518882,3.506470162,38.7293596,0.498960987
846,2242.3,37.88502237,0.498053509,55.76086939,3.512857795,56.63481926,3.503180454,40.59008162,3.499931163,59.17966737,3.507293645,36.6657866,3.507702567,41.58603544,0.498053509,41.33250535,3.506470162,38.51169367,0.498960987
847,2242.35,37.63236804,0.498053509,55.89905356,3.512857795,56.80710374,3.503180454,40.40167389,3.499931163,59.37964379,3.507293645,36.398975,3.507702567,41.39843855,0.498053509,41.14395577,3.506470162,38.29185482,0.498960987
848,2242.4,37.37754078,0.498053509,56.03679545,3.512857795,56.98156115,3.503180454,40.21190861,3.499931163,59.58179314,3.507293645,36.12999047,3.507702567,41.20866874,0.498053509,40.95323325,3.506470162,38.06984303,0.498960987
849,2242.45,37.1205406,0.498053509,56.17617145,3.512857795,57.15819149,3.503180454,40.0199704,3.499931163,59.78611542,3.507293645,35.85883301,3.507702567,41.01672599,0.498053509,40.76033781,3.506470162,37.84565832,0.498960987
850,2242.5,36.86136748,0.498053509,56.31578916,3.512857795,57.33699475,3.503180454,39.82585926,3.499931163,59.99261062,3.507293645,35.58550263,3.507702567,40.82261032,0.498053509,40.56526945,3.506470162,37.61930068,0.498960987
851,2242.55,36.60002144,0.498053509,56.4564023,3.512857795,57.51797095,3.503180454,39.62957519,3.499931163,60.20127876,3.507293645,35.30999931,3.507702567,40.62632172,0.498053509,40.36802815,3.506470162,37.39077011,0.498960987
852,2242.6,36.33650247,0.498053509,56.59814336,3.512857795,57.70112007,3.503180454,39.4311182,3.499931163,60.41211982,3.507293645,35.03232307,3.507702567,40.42786019,0.498053509,40.16861392,3.506470162,37.16006662,0.498960987
853,2242.65,36.07081057,0.498053509,56.74070114,3.512857795,57.88644212,3.503180454,39.23048827,3.499931163,60.62513381,3.507293645,34.7524739,3.507702567,40.22722573,0.498053509,39.96702677,3.506470162,36.92719019,0.498960987
854,2242.7,35.80294574,0.498053509,56.88425594,3.512857795,58.0739371,3.503180454,39.02768542,3.499931163,60.84032073,3.507293645,34.4704518,3.507702567,40.02441834,0.498053509,39.76326668,3.506470162,36.69214084,0.498960987
855,2242.75,35.53290798,0.498053509,57.02834645,3.512857795,58.26360501,3.503180454,38.82270964,3.499931163,61.05768058,3.507293645,34.18625677,3.507702567,39.81943803,0.498053509,39.55733367,3.506470162,36.45491856,0.498960987
856,2242.8,35.26069729,0.498053509,57.17163696,3.512857795,58.45544584,3.503180454,38.61556093,3.499931163,61.27721336,3.507293645,33.89988881,3.507702567,39.61228478,0.498053509,39.34922773,3.506470162,36.21552334,0.498960987
857,2242.85,34.98631368,0.498053509,57.31682042,3.512857795,58.64945961,3.503180454,38.40623929,3.499931163,61.49891906,3.507293645,33.61134793,3.507702567,39.40295861,0.498053509,39.13894886,3.506470162,35.9739552,0.498960987
858,2242.9,34.70975713,0.498053509,57.46303337,3.512857795,58.8456463,3.503180454,38.19474472,3.499931163,61.7227977,3.507293645,33.32063412,3.507702567,39.19145951,0.498053509,38.92649707,3.506470162,35.73021414,0.498960987
859,2242.95,34.43102766,0.498053509,57.60877117,3.512857795,59.04400592,3.503180454,37.98107723,3.499931163,61.94884926,3.507293645,33.02774737,3.507702567,38.97778748,0.498053509,38.71187234,3.506470162,35.48430014,0.498960987
860,2243,34.15012526,0.498053509,57.75432633,3.512857795,59.24453847,3.503180454,37.7652368,3.499931163,62.17707375,3.507293645,32.7326877,3.507702567,38.76194252,0.498053509,38.49507469,3.506470162,35.23621321,0.498960987
861,2243.05,33.86704993,0.498053509,57.90133248,3.512857795,59.44724395,3.503180454,37.54722345,3.499931163,62.40747117,3.507293645,32.4354551,3.507702567,38.54392463,0.498053509,38.2761041,3.506470162,34.98595336,0.498960987
862,2243.1,33.58180167,0.498053509,58.04941019,3.512857795,59.65212236,3.503180454,37.32703717,3.499931163,62.64004152,3.507293645,32.13604958,3.507702567,38.32373382,0.498053509,38.05496059,3.506470162,34.73352058,0.498960987
863,2243.15,33.29438049,0.498053509,58.19858466,3.512857795,59.8591737,3.503180454,37.10467796,3.499931163,62.8747848,3.507293645,31.83447112,3.507702567,38.10137007,0.498053509,37.83164415,3.506470162,34.47891487,0.498960987
864,2243.2,33.00478637,0.498053509,58.34650855,3.512857795,60.06839796,3.503180454,36.88014582,3.499931163,63.111701,3.507293645,31.53071973,3.507702567,37.8768334,0.498053509,37.60615479,3.506470162,34.22213623,0.498960987
865,2243.25,32.71301933,0.498053509,58.49570407,3.512857795,60.27979515,3.503180454,36.65344075,3.499931163,63.35079014,3.507293645,31.22479542,3.507702567,37.6501238,0.498053509,37.37849249,3.506470162,33.96318466,0.498960987
866,2243.3,32.41907936,0.498053509,58.64586094,3.512857795,60.49336528,3.503180454,36.42456276,3.499931163,63.5920522,3.507293645,30.91669818,3.507702567,37.42124127,0.498053509,37.14865726,3.506470162,33.70206016,0.498960987
867,2243.35,32.12296646,0.498053509,58.79740114,3.512857795,60.70910833,3.503180454,36.19351183,3.499931163,63.83548719,3.507293645,30.60642801,3.507702567,37.19018581,0.498053509,36.91664911,3.506470162,33.43876274,0.498960987
868,2243.4,31.82468063,0.498053509,58.95091545,3.512857795,60.92702431,3.503180454,35.96028798,3.499931163,64.08109511,3.507293645,30.29398491,3.507702567,36.95695742,0.498053509,36.68246803,3.506470162,33.17329239,0.498960987
869,2243.45,31.52422187,0.498053509,59.10563439,3.512857795,61.14711321,3.503180454,35.7248912,3.499931163,64.32887596,3.507293645,29.97936888,3.507702567,36.72155611,0.498053509,36.44611402,3.506470162,32.9056491,0.498960987
870,2243.5,31.22159019,0.498053509,59.2614108,3.512857795,61.36937505,3.503180454,35.48732149,3.499931163,64.57882974,3.507293645,29.66257993,3.507702567,36.48398187,0.498053509,36.20758708,3.506470162,32.63583289,0.498960987
871,2243.55,30.91678557,0.498053509,59.41847341,3.512857795,61.59380981,3.503180454,35.24757885,3.499931163,64.83095644,3.507293645,29.34361804,3.507702567,36.24423469,0.498053509,35.96688721,3.506470162,32.36384375,0.498960987
872,2243.6,30.60980803,0.498053509,59.57462829,3.512857795,61.82041751,3.503180454,35.00566328,3.499931163,65.08525608,3.507293645,29.02248323,3.507702567,36.00231459,0.498053509,35.72401441,3.506470162,32.08968169,0.498960987
873,2243.65,30.30065756,0.498053509,59.73169463,3.512857795,62.04919813,3.503180454,34.76157479,3.499931163,65.34172864,3.507293645,28.69917549,3.507702567,35.75822156,0.498053509,35.47896869,3.506470162,31.81334669,0.498960987
874,2243.7,29.98933416,0.498053509,59.88992142,3.512857795,62.28015168,3.503180454,34.51531337,3.499931163,65.60037413,3.507293645,28.37369482,3.507702567,35.5119556,0.498053509,35.23175003,3.506470162,31.53483877,0.498960987
875,2243.75,29.67583783,0.498053509,60.04724019,3.512857795,62.51327816,3.503180454,34.26687901,3.499931163,65.86119255,3.507293645,28.04604122,3.507702567,35.26351672,0.498053509,34.98235845,3.506470162,31.25415791,0.498960987
876,2243.8,29.36016857,0.498053509,60.20641801,3.512857795,62.74857756,3.503180454,34.01627173,3.499931163,66.1241839,3.507293645,27.71621469,3.507702567,35.0129049,0.498053509,34.73079394,3.506470162,30.97130413,0.498960987
877,2243.85,29.04232639,0.498053509,60.3661971,3.512857795,62.9860499,3.503180454,33.76349152,3.499931163,66.38934817,3.507293645,27.38421524,3.507702567,34.76012016,0.498053509,34.4770565,3.506470162,30.68627742,0.498960987
878,2243.9,28.72231127,0.498053509,60.52440443,3.512857795,63.22569516,3.503180454,33.50853839,3.499931163,66.65668538,3.507293645,27.05004285,3.507702567,34.50516249,0.498053509,34.22114613,3.506470162,30.39907778,0.498960987
879,2243.95,28.40012323,0.498053509,60.68214502,3.512857795,63.46751335,3.503180454,33.25141232,3.499931163,66.92619551,3.507293645,26.71369754,3.507702567,34.24803189,0.498053509,33.96306284,3.506470162,30.10970522,0.498960987
880,2244,28.07576226,0.498053509,60.83972477,3.512857795,63.71150448,3.503180454,32.99211332,3.499931163,67.19787857,3.507293645,26.3751793,3.507702567,33.98872836,0.498053509,33.70280661,3.506470162,29.81815972,0.498960987
881,2244.05,27.74922836,0.498053509,60.99781475,3.512857795,63.95766853,3.503180454,32.7306414,3.499931163,67.47173456,3.507293645,26.03448813,3.507702567,33.7272519,0.498053509,33.44037746,3.506470162,29.5244413,0.498960987
882,2244.1,27.42052153,0.498053509,61.15680555,3.512857795,64.2060055,3.503180454,32.46699655,3.499931163,67.74776348,3.507293645,25.69162403,3.507702567,33.46360251,0.498053509,33.17577538,3.506470162,29.22854994,0.498960987
883,2244.15,27.08964177,0.498053509,61.3145692,3.512857795,64.45651541,3.503180454,32.20117877,3.499931163,68.02596533,3.507293645,25.346587,3.507702567,33.1977802,0.498053509,32.90900037,3.506470162,28.93048566,0.498960987
884,2244.2,26.75658909,0.498053509,61.47332704,3.512857795,64.70919825,3.503180454,31.93318806,3.499931163,68.30634011,3.507293645,24.99937705,3.507702567,32.92978496,0.498053509,32.64005243,3.506470162,28.63024845,0.498960987
885,2244.25,26.42136347,0.498053509,61.63229783,3.512857795,64.96405401,3.503180454,31.66302442,3.499931163,68.58888781,3.507293645,24.64999416,3.507702567,32.65961678,0.498053509,32.36893156,3.506470162,28.32783831,0.498960987
886,2244.3,26.08396493,0.498053509,61.79254096,3.512857795,65.2210827,3.503180454,31.39068786,3.499931163,68.87360845,3.507293645,24.29843835,3.507702567,32.38727568,0.498053509,32.09563776,3.506470162,28.02325525,0.498960987
887,2244.35,25.74439346,0.498053509,61.95495702,3.512857795,65.48028432,3.503180454,31.11617836,3.499931163,69.16050201,3.507293645,23.94470961,3.507702567,32.11276166,0.498053509,31.82017104,3.506470162,27.71649925,0.498960987
888,2244.4,25.40264906,0.498053509,62.119546,3.512857795,65.74165887,3.503180454,30.83949594,3.499931163,69.4495685,3.507293645,23.58880794,3.507702567,31.8360747,0.498053509,31.54253139,3.506470162,27.40757033,0.498960987
889,2244.45,25.05873173,0.498053509,62.28526072,3.512857795,66.00520635,3.503180454,30.56064059,3.499931163,69.74080792,3.507293645,23.23073334,3.507702567,31.55721481,0.498053509,31.2627188,3.506470162,27.09646847,0.498960987
890,2244.5,24.71264148,0.498053509,62.44966749,3.512857795,66.27092676,3.503180454,30.27961231,3.499931163,70.03422026,3.507293645,22.87048582,3.507702567,31.276182,0.498053509,30.98073329,3.506470162,26.78319369,0.498960987
891,2244.55,48.99945677,0.999456768,49.00054323,2.000543232,49.00054323,3.000543232,49.99945677,1.000543232,50.00054323,2.000543232,49.99945677,3.000543232,50.99945677,0.999456768,50.99945677,2.000543232,50.99945677,2.999456768
892,2244.6,48.99674061,0.996740607,49.00245703,2.003259393,49.00325939,3.003259393,49.99674061,1.003259393,50.00325939,2.003259393,49.99674061,3.003133082,50.99674061,0.996740607,50.99674061,2.003259393,50.99674061,2.996740607
893,2244.65,48.99185152,0.991851518,49.00385273,2.008148482,49.00814848,3.008148482,49.99185152,1.008148482,50.00814848,2.008148482,49.99185152,3.00751693,50.99185152,0.991851518,50.99185152,2.008148482,50.99185152,2.991851518
894,2244.7,48.9847895,0.9847895,49.00609656,2.0152105,49.0152105,3.0152105,49.9847895,1.0152105,50.0152105,2.0152105,49.9847895,3.014073705,50.9847895,0.9847895,50.9847895,2.0152105,50.9847895,2.9847895
895,2244.75,48.97555455,0.975554554,49.00909435,2.024445446,49.02444545,3.024445446,49.97555455,1.024445446,50.02444545,2.024445446,49.97555455,3.022442111,50.97555455,0.975554554,50.97555455,2.024445446,50.97555455,2.975554554
896,2244.8,48.96414668,0.964146679,49.013823,2.035853321,49.03585332,3.035853321,49.96414668,1.035853321,50.03585332,2.035853321,49.96414668,3.031899549,50.96414668,0.964146679,50.96414668,2.035853321,50.96414668,2.964146679
897,2244.85,48.95056588,0.950565876,49.01908024,2.049434124,49.04943412,3.049434124,49.95056588,1.049434124,50.04943412,2.049434124,49.95056588,3.043067218,50.95056588,0.950565876,50.95056588,2.049434124,50.95056588,2.950565876
898,2244.9,48.93481214,0.934812144,49.02525442,2.065187856,49.06518786,3.065187856,49.93481214,1.065187856,50.06518786,2.065187856,49.93481214,3.055019722,50.93481214,0.934812144,50.93481214,2.065187856,50.93481214,2.934812144
899,2244.95,48.91688548,0.916885484,49.031825,2.083114516,49.08311452,3.083114516,49.91688548,1.083114516,50.08311452,2.083114516,49.91688548,3.069145154,50.91688548,0.916885484,50.91688548,2.083114516,50.91688548,2.916885484
900,2245,48.89678589,0.896785895,49.03795216,2.103214105,49.10321411,3.103214105,49.89678589,1.103214105,50.10321411,2.103214105,49.89678589,3.085443515,50.89678589,0.896785895,50.89678589,2.103214105,50.89678589,2.896785895
901,2245.05,48.87451338,0.874513377,49.04537152,2.125486623,49.12548662,3.125486623,49.87451338,1.125486623,50.12548662,2.125486623,49.87451338,3.103616414,50.87451338,0.874513377,50.87451338,2.125486623,50.87451338,2.874513377
902,2245.1,48.85006793,0.850067931,49.05167684,2.149932069,49.14993207,3.149932069,49.85006793,1.149932069,50.14993207,2.149932069,49.85006793,3.122566747,50.85006793,0.850067931,50.85006793,2.149932069,50.85006793,2.850067931
903,2245.15,48.82344956,0.823449557,49.05817825,2.176550443,49.17597626,3.17597626,49.82344956,1.176550443,50.175997,2.175997003,49.82294349,3.141682969,50.82344956,0.823449557,50.82236369,2.17546458,50.8229185,2.822918498
904,2245.2,48.79465825,0.794658254,49.06610982,2.205341746,49.20194103,3.201941029,49.79465825,1.205341746,50.20201982,2.202019818,49.79163182,3.160254142,50.79465825,0.794658254,50.78814155,2.198825045,50.79147748,2.791477479
905,2245.25,48.76369402,0.763694022,49.07386877,2.236305978,49.22789724,3.227897238,49.76369402,1.236305978,50.22799303,2.227993027,49.75617753,3.176917507,50.76369402,0.763694022,50.74739562,2.220007575,50.75577069,2.755770685
906,2245.3,48.73055686,0.730556862,49.08221738,2.269443138,49.25364417,3.253644167,49.73055686,1.269443138,50.25389888,2.253898883,49.71664419,3.193847685,50.73055686,0.730556862,50.70012147,2.239007744,50.71507117,2.715071165
907,2245.35,48.69524677,0.695246773,49.09139846,2.304753227,49.27912346,3.279123465,49.69524677,1.304753227,50.27893685,2.278936849,49.67311651,3.211129383,50.69524677,0.695246773,50.64631953,2.255825981,50.66713498,2.667134977
908,2245.4,48.65776376,0.657763756,49.09896685,2.342236244,49.30426357,3.304263571,49.65776376,1.342236244,50.30075103,2.300751033,49.62570949,3.228877594,50.65776376,0.657763756,50.58600067,2.270473161,50.61204348,2.612043482
909,2245.45,48.61810781,0.618107811,49.10643001,2.381892189,49.32897408,3.328974083,49.61810781,1.381892189,50.31927063,2.319270626,49.5745901,3.247259294,50.61810781,0.618107811,50.5191965,2.282980881,50.5499109,2.549910901
910,2245.5,48.57627894,0.576278936,49.11397556,2.423721064,49.35313777,3.353137773,49.57627894,1.423721064,50.334392,2.334392003,49.52002463,3.266540771,50.57627894,0.576278936,50.44599957,2.293441694,50.48091698,2.480916977
911,2245.55,48.53227713,0.532277134,49.12340486,2.467722866,49.37660457,3.376604567,49.53227713,1.467722866,50.34594108,2.34594108,49.46249595,3.287204887,50.53227713,0.532277134,50.36677244,2.302218174,50.40539556,2.405395556
912,2245.6,48.4861024,0.498053509,49.13323395,2.513897598,49.39944074,3.399440738,49.4861024,1.513897598,50.35374662,2.353746617,49.40297969,3.309971847,50.4861024,0.498053509,50.28295723,2.310752423,50.32412895,2.324128951
913,2245.65,48.43775474,0.498053509,49.14145574,2.562245257,49.42245386,3.422453862,49.43775474,1.562245257,50.36029366,2.360293665,49.34305496,3.335743268,50.43775474,0.498053509,50.19701765,2.321508169,50.24033378,2.240333782
914,2245.7,48.38723415,0.498053509,49.14851576,2.612765846,49.446816,3.446815999,49.38723415,1.612765846,50.37299906,2.372999056,49.28389911,3.365849589,50.38723415,0.498053509,50.10986095,2.335392646,50.16035926,2.160359257
915,2245.75,48.33454064,0.498053509,49.15678952,2.665459363,49.47410153,3.474101531,49.33454064,1.665459363,50.39255697,2.392556973,49.22555657,3.4002751,50.33454064,0.498053509,50.02331703,2.354235758,50.08425611,2.08425611
916,2245.8,48.27967419,0.498053509,49.16540687,2.720325808,49.50457006,3.496289304,49.27967419,1.720325808,50.41915948,2.41915948,49.16727607,3.439108499,50.27967419,0.498053509,49.9380878,2.378739412,50.01187588,2.011875883
917,2245.85,48.22263482,0.498053509,49.17563453,2.777910671,49.53868593,3.497282153,49.22263482,1.777365182,50.45288717,2.452887171,49.10719206,3.48048425,50.22263482,0.498053509,49.85442586,2.409156227,49.94312564,1.943125638
918,2245.9,48.16342252,0.498053509,49.18922534,2.839904816,49.57684369,3.500260699,49.16342252,1.836577485,50.4930132,2.493013201,49.04522624,3.491934363,50.16342252,0.498053509,49.77244794,2.445602908,49.87718128,1.877181279
919,2245.95,48.10203728,0.498053509,49.2074145,2.90652892,49.61926967,3.500260699,49.10203728,1.897962716,50.53676738,2.536767379,48.98161261,3.49528596,50.10203728,0.498053509,49.6915834,2.487508826,49.81170218,1.811702179
920,2246,48.03847912,0.498053509,49.23005266,2.977716275,49.66526411,3.500260699,49.03847912,1.961520875,50.58269448,2.582694485,48.91617918,3.499458797,50.03847912,0.498053509,49.60966431,2.532706059,49.74601243,1.746012429
921,2246.05,47.97274804,0.498053509,49.25639312,3.053090417,49.71233124,3.500260699,48.97295999,2.027251963,50.63079452,2.63079452,48.84754364,3.499660904,49.97274804,0.498053509,49.52613129,2.580635219,49.67814975,1.678149751
922,2246.1,47.90484402,0.498053509,49.28596421,3.133722271,49.75997175,3.500260699,48.9059038,2.09515598,50.68106748,2.681067483,48.7752171,3.49991156,49.90484402,0.498053509,49.4422002,2.632512158,49.60811414,1.608114144
923,2246.15,47.83476708,0.498053509,49.31822732,3.219791287,49.80891596,3.500260699,48.83667468,2.165232925,50.73351337,2.733513374,48.69903738,3.49996011,49.83476708,0.498053509,49.35836963,2.688835481,49.53590561,1.535905609
924,2246.2,47.7625172,0.498053509,49.35367159,3.31138217,49.85915987,3.500260699,48.76527263,2.237482799,50.78813219,2.788132195,48.62009611,3.49996011,49.7625172,0.498053509,49.27448267,2.749448263,49.46152414,1.461524145
925,2246.25,47.6880944,0.498053509,49.39102247,3.407831806,49.91159885,3.500260699,48.69169765,2.311905601,50.84492394,2.844923943,48.5389819,3.49996011,49.6880944,0.498053509,49.19054935,2.814360554,49.38496975,1.384969752
926,2246.3,47.61149867,0.498053509,49.42963218,3.481891817,49.96555563,3.500260699,48.61594975,2.388501331,50.90388862,2.903888621,48.45569477,3.49996011,49.61149867,0.498053509,49.10659961,2.883602272,49.30624243,1.306242431
927,2246.35,47.53273001,0.498053509,49.46945504,3.482795857,50.0215041,3.500260699,48.53797188,2.467212958,50.96502623,2.965026227,48.37023471,3.49996011,49.53273001,0.498053509,49.02253947,2.957079454,49.22534218,1.225342182
928,2246.4,47.45178842,0.498053509,49.51180942,3.487514245,50.07866865,3.500260699,48.45759127,2.547867702,51.02833676,3.028336761,48.28260172,3.49996011,49.45178842,0.498053509,48.93817316,3.034596314,49.142269,1.142269004
929,2246.45,47.36867391,0.498053509,49.55698751,3.49663443,50.1373694,3.500260699,48.37480142,2.630459059,51.09382022,3.093820224,48.1927958,3.499869845,49.36838122,0.498053509,48.85187314,3.114525333,49.05729772,1.057297718
930,2246.5,47.28338646,0.498053509,49.6027086,3.499735808,50.19988819,3.500260699,48.28959653,2.714981238,51.16147662,3.161476615,48.10081695,3.499599049,49.28166803,0.498053509,48.76364514,3.196872223,48.9712107,0.971210704
931,2246.55,47.19592609,0.498053509,49.65024364,3.499735808,50.26493891,3.500260699,48.20197098,2.801428613,51.23130594,3.231305935,48.00666518,3.499599049,49.19180951,0.498053509,48.67349469,3.281642514,48.88382728,0.883827277
932,2246.6,47.10629278,0.498053509,49.700653,3.499735808,50.3314612,3.500260699,48.11231827,2.890194678,51.30330818,3.303308184,47.90968098,3.499223873,49.09901147,0.498053509,48.58142715,3.368841582,48.79490985,0.79490985
933,2246.65,47.01448655,0.498053509,49.75288801,3.499735808,50.40050371,3.500260699,48.0221003,2.982741343,51.37748336,3.377483361,47.80786387,3.497584893,49.00355202,0.498053509,48.4874481,3.458474995,48.70412843,0.70412843
934,2246.7,46.9205074,0.498053509,49.80828513,3.499735808,50.47073,3.500260699,47.93214905,3.079900587,51.45383147,3.453831466,47.7011169,3.49536191,48.90582761,0.498053509,48.39158477,3.481972995,48.61100273,0.611002728
935,2246.75,46.82435531,0.498053509,49.86718009,3.499735808,50.54180432,3.500260699,47.84210466,3.181312544,51.5323525,3.512314818,47.58931089,3.491975117,48.80642098,0.498053509,48.29400062,3.485230379,48.51483408,0.514834082
936,2246.8,46.72603029,0.498053509,49.92682914,3.499735808,50.61647043,3.500260699,47.7509954,3.286005497,51.61304646,3.512314818,47.47231758,3.486395004,48.70614425,0.498053509,48.19509503,3.491512183,48.41478084,0.490096799
937,2246.85,46.62553235,0.498053509,49.98761517,3.499735808,50.69434543,3.500260699,47.65965053,3.394808692,51.69591335,3.512314818,47.35015406,3.479939529,48.60576824,0.498053509,48.09532897,3.498114322,48.3103113,0.490096799
938,2246.9,46.52286147,0.498053509,50.05142662,3.499735808,50.77354088,3.500260699,47.56733608,3.478451262,51.78095317,3.512314818,47.22319561,3.47288198,48.5054624,0.498053509,47.99517373,3.499177996,48.2014263,0.490096799
939,2246.95,46.41801767,0.498053509,50.1156052,3.499735808,50.85671509,3.500260699,47.4732011,3.479008442,51.86816592,3.512314818,47.09192011,3.465853238,48.4052253,0.498053509,47.89492515,3.50024167,48.08812786,0.490096799
940,2247,46.31100094,0.498053509,50.18063705,3.499735808,50.94259437,3.500260699,47.37693506,3.481780421,51.9575516,3.512314818,46.95638012,3.458905861,48.30505437,0.498053509,47.79457982,3.50024167,47.97041899,0.490096799
941,2247.05,46.20181128,0.498053509,50.24519677,3.499735808,51.03064658,3.500260699,47.27847761,3.486706851,52.0491102,3.512314818,46.81663135,3.452095567,48.20494624,0.498053509,47.69415296,3.50024167,47.8483034,0.490096799
942,2247.1,46.0904487,0.498053509,50.30999538,3.499735808,51.12087172,3.500260699,47.17782535,3.493784321,52.14284174,3.512314818,46.67273064,3.444674508,48.10489693,0.498053509,47.59367051,3.50024167,47.72178524,0.490096799
943,2247.15,45.97691318,0.498053509,50.37275226,3.499735808,51.21326979,3.500260699,47.07504509,3.500390704,52.2387462,3.512314818,46.52473445,3.435016971,48.00490216,0.498053509,47.4931655,3.50024167,47.59086887,0.490096799
944,2247.2,45.86120474,0.498053509,50.43481631,3.499735808,51.30784079,3.500260699,46.96985709,3.500390704,52.33682359,3.512314818,46.37268861,3.425361089,47.90495759,0.498053509,47.39266118,3.50024167,47.45555859,0.490096799
945,2247.25,45.74332336,0.498053509,50.49827177,3.499735808,51.40458471,3.500260699,46.86222816,3.500390704,52.43707391,3.512314818,46.21661037,3.41572959,47.80505894,0.498053509,47.29215754,3.50024167,47.31585859,0.490096799
946,2247.3,45.62326906,0.498053509,50.56112411,3.499735808,51.50350157,3.500260699,46.75215119,3.500390704,52.53949716,3.512314818,46.05651327,3.406092805,47.70520218,0.498053509,47.19165457,3.50024167,47.17177276,0.490096799
947,2247.35,45.50104183,0.498053509,50.62388042,3.499735808,51.60459135,3.500260699,46.6396318,3.500390704,52.64409334,3.512314818,45.89240796,3.396343625,47.60538354,0.498053509,47.09115226,3.50024167,47.02330474,0.490096799
948,2247.4,45.37664167,0.498053509,50.68586213,3.499735808,51.70785406,3.500260699,46.52459667,3.500390704,52.75086244,3.512314818,45.72475847,3.387396134,47.50559954,0.498053509,46.99065059,3.50024167,46.87045781,0.490096799
949,2247.45,45.25006859,0.498053509,50.74885829,3.499735808,51.8132897,3.500260699,46.40658355,3.500390704,52.85980447,3.512314818,45.55493606,3.380621571,47.40584706,0.498053509,46.89014954,3.50024167,46.71323496,0.490096799
950,2247.5,45.12132257,0.498053509,50.81062043,3.499735808,51.92089827,3.500260699,46.28422395,3.500390704,52.97091944,3.512314818,45.38294072,3.376019937,47.30612327,0.498053509,46.7896491,3.50024167,46.55163888,0.490096799
951,2247.55,44.99040363,0.498053509,50.87345335,3.499735808,52.03067977,3.500260699,46.15751791,3.500390704,53.08420733,3.512314818,45.20877245,3.37342899,47.2058763,0.498053509,46.68914923,3.50024167,46.38622102,0.490096799
952,2247.6,44.85731176,0.498053509,50.93614001,3.499735808,52.14263419,3.500260699,46.02646545,3.500390704,53.19966815,3.512314818,45.03243126,3.372524246,47.10345639,0.498053509,46.58864991,3.50024167,46.21863023,0.490096799
953,2247.65,44.72204695,0.498053509,50.9994023,3.499735808,52.25676154,3.500260699,45.89106659,3.500390704,53.31730189,3.512314818,44.85391713,3.373792431,46.99886356,0.498053509,46.48815111,3.50024167,46.04886652,0.490096799
954,2247.7,44.58460922,0.498053509,51.0627092,3.499735808,52.37306183,3.500260699,45.75132138,3.500390704,53.43710857,3.512314818,44.67323008,3.377233544,46.8920978,0.498053509,46.3876528,3.50024167,45.87692987,0.490096799
955,2247.75,44.44499857,0.498053509,51.1265163,3.499735808,52.49153504,3.500260699,45.60777317,3.500390704,53.55908817,3.512314818,44.4903701,3.382847586,46.7831591,0.498053509,46.28661161,3.50024167,45.7028203,0.490096799
956,2247.8,44.30321498,0.498053509,51.19002199,3.499735808,52.61218118,3.500260699,45.46205203,3.500390704,53.68324071,3.512314818,44.30533719,3.390529141,46.67204749,0.498053509,46.1833975,3.50024167,45.5265378,0.490096799
957,2247.85,44.15925846,0.498053509,51.25238413,3.499735808,52.73500024,3.500260699,45.31415797,3.500390704,53.80956617,3.512314818,44.11813135,3.400067377,46.55876294,0.498053509,46.07801046,3.50024167,45.34808237,0.490096799
958,2247.9,44.01312902,0.498053509,51.3161464,3.499735808,52.85999224,3.500260699,45.16409097,3.500390704,53.93806456,3.512314818,43.92875258,3.411778541,46.44330546,0.498053509,45.97045049,3.50024167,45.16745401,0.490096799
959,2247.95,43.86482665,0.498053509,51.37919043,3.499735808,52.98715716,3.500260699,45.01185105,3.500390704,54.06873588,3.512314818,43.73720088,3.42555147,46.32567506,0.498053509,45.86071759,3.50024167,44.98465272,0.490096799
960,2248,43.71435135,0.498053509,51.44060256,3.499735808,53.11649502,3.500260699,44.8574382,3.500390704,54.20158013,3.512314818,43.54347626,3.44112881,46.20587172,0.498053509,45.74881176,3.50024167,44.79967851,0.490096799
961,2248.05,43.56170312,0.498053509,51.50146485,3.499735808,53.2480058,3.500260699,44.70085242,3.500390704,54.3365973,3.512314818,43.3475787,3.458773988,46.08389546,0.498053509,45.63473301,3.50024167,44.61253136,0.490096799
962,2248.1,43.40688196,0.498053509,51.56063481,3.499735808,53.38168951,3.500260699,44.54209371,3.500390704,54.47378741,3.512314818,43.14950822,3.477827297,45.95974627,0.498053509,45.51848132,3.50024167,44.42321129,0.490096799
963,2248.15,43.24988787,0.498053509,51.61923448,3.499735808,53.51754615,3.500260699,44.38116208,3.500390704,54.61315044,3.512314818,42.94926481,3.49675914,45.83342415,0.498053509,45.40005671,3.50024167,44.23171829,0.490096799
964,2248.2,43.09072086,0.498053509,51.67616474,3.499735808,53.65557572,3.500260699,44.21805751,3.500390704,54.7546864,3.512314818,42.74684847,3.501899525,45.70492911,0.498053509,45.27945917,3.50024167,44.03805236,0.490096799
965,2248.25,42.92938092,0.498053509,51.73133765,3.499735808,53.79577821,3.500260699,44.05278002,3.500390704,54.89839529,3.512314818,42.5422592,3.501899525,45.57426113,0.498053509,45.1566887,3.50024167,43.8422135,0.490096799
966,2248.3,42.76586804,0.498053509,51.78549041,3.499735808,53.93815364,3.500260699,43.8853296,3.500390704,55.04427711,3.512314818,42.33549701,3.501899525,45.44142023,0.498053509,45.0317453,3.50024167,43.64420172,0.490096799
967,2248.35,42.60018224,0.498053509,51.83814037,3.499735808,54.08270199,3.500260699,43.71570625,3.500390704,55.19233186,3.512314818,42.12656188,3.501899525,45.30640639,0.498053509,44.90462897,3.50024167,43.444017,0.490096799
968,2248.4,42.43232351,0.498053509,51.89051849,3.499735808,54.22942327,3.500260699,43.54390997,3.500390704,55.34255953,3.512314818,41.91545383,3.501899525,45.16921963,0.498053509,44.77533971,3.50024167,43.24165936,0.490096799
969,2248.45,42.26229186,0.498053509,51.94351465,3.499735808,54.37831748,3.500260699,43.36994076,3.500390704,55.49496014,3.512314818,41.70217285,3.501899525,45.02985994,0.498053509,44.64387753,3.50024167,43.03712878,0.490096799
970,2248.5,42.09008727,0.498053509,51.99653893,3.499735808,54.52938462,3.500260699,43.19379863,3.500390704,55.64953367,3.512314818,41.48671894,3.501899525,44.88832732,0.498053509,44.51024242,3.50024167,42.83042528,0.490096799
971,2248.55,41.91570976,0.498053509,52.04979134,3.499735808,54.68262469,3.500260699,43.01548356,3.500390704,55.80628013,3.512314818,41.2690921,3.501899525,44.74462178,0.498053509,44.37443437,3.50024167,42.62154885,0.490096799
972,2248.6,41.73915931,0.498053509,52.10270087,3.499735808,54.83803768,3.500260699,42.83499557,3.500390704,55.96519952,3.512314818,41.04929233,3.501899525,44.5987433,0.498053509,44.2364534,3.50024167,42.4104995,0.490096799
973,2248.65,41.56043594,0.498053509,52.15440277,3.499735808,54.99562361,3.500260699,42.65233465,3.500390704,56.12629184,3.512314818,40.82731964,3.501899525,44.4506919,0.498053509,44.09629951,3.50024167,42.19727721,0.490096799
974,2248.7,41.37953964,0.498053509,52.2058833,3.499735808,55.15538246,3.500260699,42.4675008,3.500390704,56.28955708,3.512314818,40.60317401,3.501899525,44.30046756,0.498053509,43.95397268,3.50024167,41.981882,0.490096799
975,2248.75,41.19593345,0.498053509,52.25794747,3.499735808,55.31731424,3.500260699,42.28049402,3.500390704,56.45499526,3.512314818,40.37685546,3.501899525,44.1480703,0.498053509,43.80947292,3.50024167,41.76485067,0.490096799
976,2248.8,41.00800676,0.498053509,52.31015316,3.499735808,55.48141895,3.500260699,42.09131431,3.500390704,56.62260636,3.512314818,40.14836398,3.501899525,43.99350011,0.498053509,43.66280024,3.50024167,41.54779338,0.490096799
977,2248.85,40.81576076,0.498053509,52.36197533,3.499735808,55.64769659,3.500260699,41.89996168,3.500390704,56.7923904,3.512314818,39.91769957,3.501899525,43.83675699,0.498053509,43.51395463,3.50024167,41.33070899,0.490096799
978,2248.9,40.61919653,0.498053509,52.41442837,3.499735808,55.81614715,3.500260699,41.70643611,3.500390704,56.96434736,3.512314818,39.68486223,3.501899525,43.67784095,0.498053509,43.36293609,3.50024167,41.11359646,0.490096799
979,2248.95,40.41831507,0.498053509,52.46742496,3.499735808,55.98677065,3.500260699,41.51073762,3.500390704,57.13847725,3.512314818,39.44985196,3.501899525,43.51675197,0.498053509,43.20974462,3.50024167,40.89645487,0.490096799
980,2249,40.21311721,0.498053509,52.52172667,3.499735808,56.15956707,3.500260699,41.3128662,3.500390704,57.31478006,3.512314818,39.21266877,3.501899525,43.35349007,0.498053509,43.05438022,3.50024167,40.67928346,0.490096799
981,2249.05,40.00360363,0.498053509,52.57546965,3.499735808,56.33453643,3.500260699,41.11282185,3.500390704,57.49325581,3.512314818,38.97331264,3.501899525,43.18805523,0.498053509,42.89684289,3.50024167,40.46208165,0.490096799
982,2249.1,39.78977479,0.498053509,52.62728353,3.499735808,56.51167871,3.500260699,40.91060457,3.500390704,57.67390449,3.512314818,38.73178359,3.501899525,43.02044747,0.498053509,42.73713264,3.50024167,40.2448491,0.490096799
983,2249.15,39.57163092,0.498053509,52.67765594,3.499735808,56.69099392,3.500260699,40.70621436,3.500390704,57.85672609,3.512314818,38.48808161,3.501899525,42.85066678,0.498053509,42.57524945,3.50024167,40.02758568,0.490096799
984,2249.2,39.34917205,0.498053509,52.7262336,3.499735808,56.87248205,3.500260699,40.49965123,3.500390704,58.04172062,3.512314818,38.2422067,3.501899525,42.67871317,0.498053509,42.41119334,3.50024167,39.8102915,0.490096799
985,2249.25,39.12239795,0.498053509,52.77408575,3.499735808,57.05614312,3.500260699,40.29091516,3.500390704,58.22888808,3.512314818,37.99415886,3.501899525,42.50458662,0.498053509,42.2449643,3.50024167,39.59296689,0.490096799
986,2249.3,38.89130816,0.498053509,52.82070376,3.499735808,57.24197712,3.500260699,40.08000617,3.500390704,58.41822847,3.512314818,37.74393809,3.501899525,42.32828715,0.498053509,42.07656233,3.50024167,39.3756124,0.490096799
987,2249.35,38.65590204,0.498053509,52.86533236,3.499735808,57.42998404,3.500260699,39.86692425,3.500390704,58.60974179,3.512314818,37.4915444,3.501899525,42.14981474,0.498053509,41.90598743,3.50024167,39.15822878,0.490096799
988,2249.4,38.41617877,0.498053509,52.90908732,3.499735808,57.62016389,3.500260699,39.6516694,3.500390704,58.80342804,3.512314818,37.23697777,3.501899525,41.96916941,0.498053509,41.7332396,3.50024167,38.94081693,0.490096799
989,2249.45,38.17213735,0.498053509,52.9529155,3.499735808,57.81251667,3.500260699,39.43424162,3.500390704,58.99928721,3.512314818,36.98023822,3.501899525,41.78635115,0.498053509,41.55831885,3.50024167,38.7233779,0.490096799
990,2249.5,37.92377672,0.498053509,52.99464068,3.499735808,58.00704238,3.500260699,39.21464092,3.500390704,59.19731931,3.512314818,36.72132574,3.501899525,41.60135996,0.498053509,41.38122517,3.50024167,38.5059128,0.490096799
991,2249.55,37.67163278,0.498053509,53.03440274,3.499735808,58.20374102,3.500260699,38.99286728,3.500390704,59.39752435,3.512314818,36.46024033,3.501899525,41.41419584,0.498053509,41.20195855,3.50024167,38.2878856,0.490096799
992,2249.6,37.41731592,0.498053509,53.07228893,3.499735808,58.40261259,3.500260699,38.76892072,3.500390704,59.59990231,3.512314818,36.19698199,3.501899525,41.2248588,0.498053509,41.02051901,3.50024167,38.06768548,0.490096799
993,2249.65,37.16082613,0.498053509,53.10906306,3.499735808,58.60365708,3.500260699,38.54280123,3.500390704,59.80445319,3.512314818,35.93155073,3.501899525,41.03334882,0.498053509,40.83690654,3.50024167,37.84531242,0.490096799
994,2249.7,36.9021634,0.498053509,53.14417328,3.499735808,58.8068745,3.500260699,38.3145088,3.500390704,60.01117701,3.512314818,35.66394653,3.501899525,40.83966592,0.498053509,40.65112115,3.50024167,37.62076643,0.490096799
995,2249.75,36.64132775,0.498053509,53.17711057,3.499735808,59.01226486,3.500260699,38.08404346,3.500390704,60.22007376,3.512314818,35.39416941,3.501899525,40.64381009,0.498053509,40.46316282,3.50024167,37.39404752,0.490096799
996,2249.8,36.37831918,0.498053509,53.20787493,3.499735808,59.21982814,3.500260699,37.85140518,3.500390704,60.43114343,3.512314818,35.12221936,3.501899525,40.44578133,0.498053509,40.27303157,3.50024167,37.16515568,0.490096799
997,2249.85,36.11313767,0.498053509,53.23725406,3.499735808,59.42956434,3.500260699,37.61659397,3.500390704,60.64438604,3.512314818,34.84809638,3.501899525,40.24557964,0.498053509,40.08072738,3.50024167,36.93409091,0.490096799
998,2249.9,35.84578323,0.498053509,53.26682339,3.499735808,59.64147348,3.500260699,37.37960984,3.500390704,60.85980157,3.512314818,34.57180047,3.501899525,40.04320502,0.498053509,39.88625027,3.50024167,36.70085321,0.490096799
999,2249.95,35.57625587,0.498053509,53.29498883,3.499735808,59.85555555,3.500260699,37.14045277,3.500390704,61.07739003,3.512314818,34.29333163,3.501899525,39.83865747,0.498053509,39.68960023,3.50024167,36.46544258,0.490096799
1000,2250,35.30455558,0.498053509,53.32398269,3.499735808,60.07181054,3.500260699,36.89912278,3.500390704,61.29715142,3.512314818,34.01268986,3.501899525,39.631937,0.498053509,39.49077726,3.50024167,36.22785902,0.490096799
1001,2250.05,35.03068236,0.498053509,53.35337893,3.499735808,60.29023847,3.500260699,36.65561986,3.500390704,61.51908573,3.512314818,33.72987517,3.501899525,39.4230436,0.498053509,39.28978136,3.50024167,35.98810254,0.490096799
1002,2250.1,34.75463621,0.498053509,53.38208014,3.499735808,60.51083932,3.500260699,36.40994401,3.500390704,61.74319298,3.512314818,33.44488755,3.501899525,39.21197726,0.498053509,39.08661254,3.50024167,35.74617312,0.490096799
1003,2250.15,34.47641713,0.498053509,53.40945264,3.499735808,60.7336131,3.500260699,36.16209524,3.500390704,61.96947315,3.512314818,33.15772699,3.501899525,38.998738,0.498053509,38.88127078,3.50024167,35.50207078,0.490096799
1004,2250.2,34.19602512,0.498053509,53.43718491,3.499735808,60.95855981,3.500260699,35.91207353,3.500390704,62.19792626,3.512314818,32.86839351,3.501899525,38.78332582,0.498053509,38.6737561,3.50024167,35.25579551,0.490096799
1005,2250.25,33.91346019,0.498053509,53.46311809,3.499735808,61.18567944,3.500260699,35.65987889,3.500390704,62.42855229,3.512314818,32.5768871,3.501899525,38.5657407,0.498053509,38.46406849,3.50024167,35.00734731,0.490096799
1006,2250.3,33.62872232,0.498053509,53.48799989,3.499735808,61.41497201,3.500260699,35.40551133,3.500390704,62.66135125,3.512314818,32.28320777,3.501899525,38.34598265,0.498053509,38.25220795,3.50024167,34.75672619,0.490096799
1007,2250.35,33.34181153,0.498053509,53.51127232,3.499735808,61.6464375,3.500260699,35.14897084,3.500390704,62.89632314,3.512314818,31.9873555,3.501899525,38.12405168,0.498053509,38.03817448,3.50024167,34.50393213,0.490096799
1008,2250.4,33.05272781,0.498053509,53.53514895,3.499735808,61.88007593,3.500260699,34.89025742,3.500390704,63.13346795,3.512314818,31.68933031,3.501899525,37.89994778,0.498053509,37.82196808,3.50024167,34.24896514,0.490096799
1009,2250.45,32.76147116,0.498053509,53.56055804,3.499735808,62.11588728,3.500260699,34.62937107,3.500390704,63.3727857,3.512314818,31.38913218,3.501899525,37.67367094,0.498053509,37.60358876,3.50024167,33.99182523,0.490096799
1010,2250.5,32.46804158,0.498053509,53.58513289,3.499735808,62.35387156,3.500260699,34.36631179,3.500390704,63.61427637,3.512314818,31.08676113,3.501899525,37.44522118,0.498053509,37.3830365,3.50024167,33.73251239,0.490096799
1011,2250.55,32.17243907,0.498053509,53.60848226,3.499735808,62.59402877,3.500260699,34.10107959,3.500390704,63.85793997,3.512314818,30.78221715,3.501899525,37.2145985,0.498053509,37.16031132,3.50024167,33.47102662,0.490096799
1012,2250.6,31.87466364,0.498053509,53.63260646,3.499735808,62.8363589,3.500260699,33.83367445,3.500390704,64.10377651,3.512314818,30.47550024,3.501899525,36.98180288,0.498053509,36.93541321,3.50024167,33.20736792,0.490096799
1013,2250.65,31.57471528,0.498053509,53.65489472,3.499735808,63.08086197,3.500260699,33.56409639,3.500390704,64.35178596,3.512314818,30.16661041,3.501899525,36.74683433,0.498053509,36.70834217,3.50024167,32.94153629,0.490096799
1014,2250.7,31.27259398,0.498053509,53.67538308,3.499735808,63.32753796,3.500260699,33.2923454,3.500390704,64.60196835,3.512314818,29.85554764,3.501899525,36.50969286,0.498053509,36.4790982,3.50024167,32.67353174,0.490096799
1015,2250.75,30.96829976,0.498053509,53.69513883,3.499735808,63.57638688,3.500260699,33.01842148,3.500390704,64.85432367,3.512314818,29.54231195,3.501899525,36.27037846,0.498053509,36.2476813,3.50024167,32.40335425,0.490096799
1016,2250.8,30.66183261,0.498053509,53.71436432,3.499735808,63.82740873,3.500260699,32.74232463,3.500390704,65.10885191,3.512314818,29.22690332,3.501899525,36.02889113,0.498053509,36.01409148,3.50024167,32.13100384,0.490096799
1017,2250.85,30.35319254,0.498053509,53.73340816,3.499735808,64.08060351,3.500260699,32.46405486,3.500390704,65.36555309,3.512314818,28.90932177,3.501899525,35.78523087,0.498053509,35.77832873,3.50024167,31.8564805,0.490096799
1018,2250.9,30.04237953,0.498053509,53.75106356,3.499735808,64.33597122,3.500260699,32.18361215,3.500390704,65.62442719,3.512314818,28.58956729,3.501899525,35.53939768,0.498053509,35.54039304,3.50024167,31.57978423,0.490096799
1019,2250.95,29.7293936,0.498053509,53.7682926,3.499735808,64.59351186,3.500260699,31.90099652,3.500390704,65.88547422,3.512314818,28.26763988,3.501899525,35.29139156,0.498053509,35.30028443,3.50024167,31.30091503,0.490096799
1020,2251,29.41423473,0.498053509,53.784405,3.499735808,64.85322542,3.500260699,31.61620795,3.500390704,66.14869418,3.512314818,27.94353955,3.501899525,35.04121252,0.498053509,35.05800289,3.50024167,31.0198729,0.490096799
1021,2251.05,29.09690294,0.498053509,53.80151335,3.499735808,65.11511192,3.500260699,31.32924646,3.500390704,66.41408707,3.512314818,27.61726628,3.501899525,34.78886054,0.498053509,34.81354842,3.50024167,30.73665785,0.490096799
1022,2251.1,28.77739822,0.498053509,53.8166798,3.499735808,65.37917134,3.500260699,31.04011204,3.500390704,66.68165288,3.512314818,27.28882009,3.501899525,34.53433564,0.498053509,34.56692103,3.50024167,30.45126986,0.490096799
1023,2251.15,28.45572057,0.498053509,53.83062282,3.499735808,65.64540369,3.500260699,30.7488047,3.500390704,66.95139163,3.512314818,26.95820097,3.501899525,34.27763781,0.498053509,34.3181207,3.50024167,30.16370895,0.490096799
1024,2251.2,28.13187,0.498053509,53.84316225,3.499735808,65.91380897,3.500260699,30.45532442,3.500390704,67.2233033,3.512314818,26.62540892,3.501899525,34.01876705,0.498053509,34.06714745,3.50024167,29.87397511,0.490096799
1025,2251.25,27.80584649,0.498053509,53.85407823,3.499735808,66.18438718,3.500260699,30.15967121,3.500390704,67.4973879,3.512314818,26.29044394,3.501899525,33.75772336,0.498053509,33.81400127,3.50024167,29.58206834,0.490096799
1026,2251.3,27.47765005,0.498053509,53.86446966,3.499735808,66.45713831,3.500260699,29.86184508,3.500390704,67.77364543,3.512314818,25.95330603,3.501899525,33.49450675,0.498053509,33.55868216,3.50024167,29.28798864,0.490096799
1027,2251.35,27.14728069,0.498053509,53.87268817,3.499735808,66.73206238,3.500260699,29.56184602,3.500390704,68.05207589,3.512314818,25.61399519,3.501899525,33.2291172,0.498053509,33.30119012,3.50024167,28.99173601,0.490096799
1028,2251.4,26.8147384,0.498053509,53.87926683,3.499735808,67.00915937,3.500260699,29.25967403,3.500390704,68.33267928,3.512314818,25.27251143,3.501899525,32.96155473,0.498053509,33.04152515,3.50024167,28.69331046,0.490096799
1029,2251.45,26.48002318,0.498053509,53.88544646,3.499735808,67.28842929,3.500260699,28.95532911,3.500390704,68.6154556,3.512314818,24.92885473,3.501899525,32.69181933,0.498053509,32.77968725,3.50024167,28.39271197,0.490096799
1030,2251.5,26.14313503,0.498053509,53.88997715,3.499735808,67.56987214,3.500260699,28.64881126,3.500390704,68.90040484,3.512314818,24.58302511,3.501899525,32.419911,0.498053509,32.51567643,3.50024167,28.08994056,0.490096799
1031,2251.55,25.80407395,0.498053509,53.89241304,3.499735808,67.85348792,3.500260699,28.34012048,3.500390704,69.18752702,3.512314818,24.23502256,3.501899525,32.14582974,0.498053509,32.24949267,3.50024167,27.78499622,0.490096799
1032,2251.6,25.46283995,0.498053509,53.8929473,3.499735808,68.13927663,3.500260699,28.02925678,3.500390704,69.47682212,3.512314818,23.88484708,3.501899525,31.86957555,0.498053509,31.98113599,3.50024167,27.47787895,0.490096799
1033,2251.65,25.11943302,0.498053509,53.89221269,3.499735808,68.42723827,3.500260699,27.71622015,3.500390704,69.76829015,3.512314818,23.53249867,3.501899525,31.59114843,0.498053509,31.71060638,3.50024167,27.16858875,0.490096799
1034,2251.7,24.77385315,0.498053509,53.8918533,3.499735808,68.71737283,3.500260699,27.40101058,3.500390704,70.06193111,3.512314818,23.17797734,3.501899525,31.31054839,0.498053509,31.43790384,3.50024167,26.85712563,0.490096799
1035,2251.75,48.99945677,0.999456768,48.99978002,2.000543232,49.00054323,3.000543232,49.99945677,1.000543232,50.00054323,2.000543232,49.99945677,3.000543232,50.99945677,0.999456768,50.99945677,2.000543232,50.99945677,2.999456768
1036,2251.8,48.99674061,0.996740607,48.9985281,2.003259393,49.00325939,3.003259393,49.99674061,1.003259393,50.00325939,2.003259393,49.99674061,3.003259393,50.99674061,0.996740607,50.99674061,2.003259393,50.99674061,2.996740607
1037,2251.85,48.99185152,0.991851518,48.99587437,2.008148482,49.00814848,3.008148482,49.99185152,1.008148482,50.00814848,2.008148482,49.99185152,3.008148482,50.99185152,0.991851518,50.99185152,2.008148482,50.99185152,2.991851518
1038,2251.9,48.9847895,0.9847895,48.99249145,2.0152105,49.0152105,3.0152105,49.9847895,1.0152105,50.0152105,2.0152105,49.9847895,3.0152105,50.9847895,0.9847895,50.9847895,2.0152105,50.9847895,2.9847895
1039,2251.95,48.97555455,0.975554554,48.9893991,2.024445446,49.02444545,3.024445446,49.97555455,1.024445446,50.02444545,2.024445446,49.97555455,3.024445446,50.97555455,0.975554554,50.97555455,2.024445446,50.97555455,2.975554554
1040,2252,48.96414668,0.964146679,48.98548974,2.035853321,49.03585332,3.035853321,49.96414668,1.035853321,50.03585332,2.035853321,49.96414668,3.035853321,50.96414668,0.964146679,50.96414668,2.035853321,50.96414668,2.964146679
1041,2252.05,48.95056588,0.950565876,48.97943321,2.049434124,49.04943412,3.049434124,49.95056588,1.049434124,50.04943412,2.049434124,49.95056588,3.049434124,50.95056588,0.950565876,50.95056588,2.049434124,50.95056588,2.950565876
1042,2252.1,48.93481214,0.934812144,48.97120375,2.065187856,49.06518786,3.065187856,49.93481214,1.065187856,50.06518786,2.065187856,49.93481214,3.065187856,50.93481214,0.934812144,50.93481214,2.065187856,50.93481214,2.934812144
1043,2252.15,48.91688548,0.916885484,48.96145899,2.083114516,49.08311452,3.083114516,49.91688548,1.083114516,50.08311452,2.083114516,49.91688548,3.083114516,50.91688548,0.916885484,50.91688548,2.083114516,50.91688548,2.916885484
1044,2252.2,48.89678589,0.896785895,48.95184657,2.103214105,49.10321411,3.103214105,49.89678589,1.103214105,50.10321411,2.103214105,49.89678589,3.103214105,50.89678589,0.896785895,50.89678589,2.103214105,50.89678589,2.896785895
1045,2252.25,48.87451338,0.874513377,48.94109669,2.125486623,49.12548662,3.125486623,49.87451338,1.125486623,50.12548662,2.125486623,49.87451338,3.125486623,50.87451338,0.874513377,50.87451338,2.125486623,50.87451338,2.874513377
1046,2252.3,48.85006793,0.850067931,48.92868213,2.149932069,49.14993207,3.149932069,49.85006793,1.149932069,50.14993207,2.149932069,49.85006793,3.149932069,50.85006793,0.850067931,50.85006793,2.149932069,50.85006793,2.850067931
1047,2252.35,48.82344956,0.823449557,48.91569795,2.176550443,49.175997,3.175997003,49.82344956,1.176550443,50.175997,2.175997003,49.82291713,3.17601802,50.82344956,0.823449557,50.82236369,2.17546458,50.8229185,2.822918498
1048,2252.4,48.79465825,0.794658254,48.90231973,2.205341746,49.20202029,3.202020292,49.79465825,1.205341746,50.20201982,2.202019818,49.79146464,3.202148129,50.79465825,0.794658254,50.78814155,2.198825045,50.79147748,2.791477479
1049,2252.45,48.76369402,0.763694022,48.88828639,2.236305978,49.22799853,3.227998531,49.76369402,1.236305978,50.22799303,2.227993027,49.75571431,3.22832627,50.76369402,0.763694022,50.74739562,2.220007575,50.75577069,2.755770685
1050,2252.5,48.73055686,0.730556862,48.87256903,2.269443138,49.25392763,3.253927633,49.73055686,1.269443138,50.25389888,2.253898883,49.71567092,3.254557196,50.73055686,0.730556862,50.70012147,2.239007744,50.71507117,2.715071165
1051,2252.55,48.69524677,0.695246773,48.85643547,2.304753227,49.2798068,3.279806802,49.69524677,1.304753227,50.27893685,2.278936849,49.67134052,3.280690584,50.69524677,0.695246773,50.64631953,2.255825981,50.66713498,2.667134977
1052,2252.6,48.65776376,0.657763756,48.83940058,2.342236244,49.30565057,3.305650572,49.65776376,1.342236244,50.30075103,2.300751033,49.62273216,3.306019557,50.65776376,0.657763756,50.58600067,2.270473161,50.61204348,2.612043482
1053,2252.65,48.61810781,0.618107811,48.82142671,2.381892189,49.33145988,3.331459879,49.61810781,1.381892189,50.31927063,2.319270626,49.5698646,3.33022582,50.61810781,0.618107811,50.5191965,2.282980881,50.5499109,2.549910901
1054,2252.7,48.57627894,0.576278936,48.80147599,2.423721064,49.35717055,3.357170552,49.57627894,1.423721064,50.334392,2.334392003,49.51278026,3.354561163,50.57627894,0.576278936,50.44599957,2.293441694,50.48091698,2.480916977
1055,2252.75,48.53227713,0.532277134,48.77968227,2.467722866,49.38272751,3.38272751,49.53227713,1.467722866,50.34594108,2.34594108,49.45157773,3.379124179,50.53227713,0.532277134,50.36677244,2.302218174,50.40539556,2.405395556
1056,2252.8,48.4861024,0.498053509,48.75680209,2.513897598,49.40798908,3.407989079,49.4861024,1.513897598,50.35374662,2.353746617,49.3869834,3.40464125,50.4861024,0.498053509,50.28295723,2.310752423,50.32412895,2.324128951
1057,2252.85,48.43775474,0.498053509,48.73507579,2.562245257,49.4336636,3.433663596,49.43775474,1.562245257,50.36029366,2.360293665,49.32125384,3.433368946,50.43775474,0.498053509,50.19701765,2.321508169,50.24033378,2.240333782
1058,2252.9,48.38723415,0.498053509,48.71149324,2.612765846,49.46277349,3.462773488,49.38723415,1.612765846,50.37299906,2.372999056,49.2558415,3.466709311,50.38723415,0.498053509,50.10986095,2.335392646,50.16035926,2.160359257
1059,2252.95,48.33454064,0.498053509,48.68705787,2.665459363,49.49602194,3.496021935,49.33454064,1.665459363,50.39252283,2.392522826,49.19056973,3.494135014,50.33454064,0.498053509,50.02335164,2.354235718,50.08424256,2.084242556
1060,2253,48.27967419,0.498053509,48.66345253,2.720325808,49.53350635,3.505126109,49.27967419,1.720325808,50.41898887,2.418988873,49.12537811,3.495237138,50.27967419,0.498053509,49.93826093,2.378739333,50.0118079,2.0118079
1061,2253.05,48.22263482,0.498053509,48.63844836,2.777365182,49.57526769,3.505126109,49.22263482,1.777365182,50.45258073,2.452580731,49.06024206,3.49854351,50.22263482,0.498053509,49.85473822,2.409156799,49.94300223,1.943002235
1062,2253.1,48.16342252,0.498053509,48.6130864,2.836577485,49.62133015,3.505126109,49.16342252,1.836577485,50.49257191,2.492571906,48.99513774,3.499635964,50.16342252,0.498053509,49.77290094,2.445605545,49.87700097,1.877000966
1063,2253.15,48.10203728,0.498053509,48.58649012,2.897962716,49.6717138,3.505126109,49.10203728,1.897962716,50.5361921,2.536192101,48.92950816,3.500728418,50.10203728,0.498053509,49.69222175,2.487558244,49.81146309,1.811463093
1064,2253.2,48.03847912,0.498053509,48.55942673,2.961694234,49.72588626,3.505126109,49.03847912,1.961520875,50.58198522,2.581985224,48.86150844,3.500728418,50.03847912,0.498053509,49.61056459,2.532878836,49.74571295,1.74571295
1065,2253.25,47.97274804,0.498053509,48.53062522,3.027739546,49.78223166,3.505126109,48.97274804,2.027251963,50.62995128,2.629951275,48.79048789,3.500728418,49.97274804,0.498053509,49.52673451,2.580372357,49.67778988,1.677789879
1066,2253.3,47.90484402,0.498053509,48.49927574,3.09499218,49.84074998,3.505126109,48.90484402,2.09515598,50.68009026,2.680090255,48.71629191,3.500728418,49.90484402,0.498053509,49.4407315,2.630038807,49.60769388,1.607693879
1067,2253.35,47.83476708,0.498053509,48.46725301,3.165104882,49.90144123,3.505126109,48.83476708,2.165232925,50.73240216,2.732402164,48.63880531,3.500728418,49.83476708,0.498053509,49.35255556,2.681878185,49.53542495,1.535424951
1068,2253.4,47.7625172,0.498053509,48.43508317,3.23795791,49.96430541,3.505126109,48.7625172,2.237482799,50.786887,2.786887001,48.55768285,3.500728418,49.7625172,0.498053509,49.2622067,2.735890492,49.46098309,1.460983094
1069,2253.45,47.6880944,0.498053509,48.40129939,3.313323212,50.02934252,3.505126109,48.6880944,2.311905601,50.84354477,2.843544766,48.47356911,3.500728418,49.6880944,0.498053509,49.16974455,2.792135378,49.38436831,1.384368309
1070,2253.5,47.61149867,0.498053509,48.36652325,3.391575541,50.09655255,3.505126109,48.61143699,2.388439654,50.90237546,2.902375461,48.38631305,3.500728418,49.61149867,0.498053509,49.07535219,2.850795908,49.30558059,1.305580595
1071,2253.55,47.53273001,0.498053509,48.3320174,3.472775574,50.16593552,3.505126109,48.53235571,2.466895693,50.96337908,2.963379083,48.29516385,3.500728418,49.53273001,0.498053509,48.97904632,2.911888779,49.22461995,1.224619953
1072,2253.6,47.45178842,0.498053509,48.29750636,3.494888325,50.23749141,3.505126109,48.45083338,2.547256533,51.02655563,3.026555634,48.19994793,3.500728418,49.45178842,0.498053509,48.88084461,2.97543167,49.14148638,1.141486382
1073,2253.65,47.36867391,0.498053509,48.26427703,3.498605671,50.31122023,3.505126109,48.3668518,2.629503992,51.09190511,3.091905114,48.10101584,3.500728418,49.36838226,0.498053509,48.78076575,3.041443273,49.05645353,1.056453533
1074,2253.7,47.28338646,0.498053509,48.23388196,3.499699877,50.38712199,3.505126109,48.28039179,2.713618866,51.15942752,3.159427522,48.00051948,3.500728418,49.28167457,0.498053509,48.67932543,3.110439268,48.97029995,0.970299946
1075,2253.75,47.19592609,0.498053509,48.20380992,3.500794082,50.46519666,3.505126109,48.1914332,2.799581027,51.22912286,3.229122859,47.8967339,3.500728418,49.1918272,0.498053509,48.57830108,3.184197099,48.8828435,0.882843505
1076,2253.8,47.10629278,0.498053509,48.17067618,3.500794082,50.54544427,3.505126109,48.10047824,2.887892667,51.30099112,3.300991125,47.78789183,3.500728418,49.09904768,0.498053509,48.47851711,3.26354115,48.79384461,0.793844607
1077,2253.85,47.01448655,0.498053509,48.13399591,3.500794082,50.62786481,3.505126109,48.0097241,2.980750995,51.37503232,3.375032318,47.67183535,3.499977114,49.0036165,0.498053509,48.37997425,3.348472183,48.70297045,0.702970453
1078,2253.9,46.9205074,0.498053509,48.0923858,3.500794082,50.71245827,3.505126109,47.92085914,3.079844347,51.45124644,3.451246441,47.54846958,3.49597959,48.90593334,0.498053509,48.2826293,3.43894698,48.60973721,0.609737213
1079,2253.95,46.82435531,0.498053509,48.04635864,3.500794082,50.79972433,3.505126109,47.833287,3.184576383,51.52910215,3.509629305,47.41782374,3.488342494,48.80658446,0.498053509,48.18616936,3.509872197,48.51344347,0.51344347
1080,2254,46.72603029,0.498053509,47.99706054,3.500794082,50.8912091,3.505126109,47.74726308,3.295202499,51.60698994,3.509629305,47.28031557,3.478188926,48.70638285,0.498053509,48.08986459,3.509872197,48.41324903,0.488671626
1081,2254.05,46.62553235,0.498053509,47.94605572,3.500794082,50.98705406,3.505126109,47.66195007,3.41088538,51.68486323,3.509629305,47.13680789,3.46615712,48.60609556,0.498053509,47.99352689,3.509872197,48.30862653,0.488671626
1082,2254.1,46.52286147,0.498053509,47.89434912,3.500794082,51.08725959,3.505126109,47.57569256,3.499873668,51.76272158,3.509629305,46.98879417,3.453291397,48.50589014,0.498053509,47.89721745,3.509872197,48.19957702,0.488671626
1083,2254.15,46.41801767,0.498053509,47.84118872,3.500794082,51.19182616,3.505126109,47.48636406,3.499849006,51.84056445,3.509629305,46.83661921,3.440527171,48.40576482,0.498053509,47.80118682,3.509872197,48.0861029,0.488671626
1084,2254.2,46.31100094,0.498053509,47.78770483,3.500794082,51.3007544,3.505126109,47.39257693,3.499711565,51.91839112,3.509629305,46.680314,3.427729174,48.3057166,0.498053509,47.70429288,3.509872197,47.96820771,0.488671626
1085,2254.25,46.20181128,0.498053509,47.73710649,3.500794082,51.41404514,3.505126109,47.29428333,3.499413507,51.99620067,3.509629305,46.51990356,3.415171814,48.2057415,0.498053509,47.60474716,3.509872197,47.84589581,0.488671626
1086,2254.3,46.0904487,0.498053509,47.68908356,3.500794082,51.5316994,3.505126109,47.19111852,3.498590108,52.07399193,3.509629305,46.3558828,3.403349986,48.10583487,0.498053509,47.50289137,3.509872197,47.71917205,0.488671626
1087,2254.35,45.97691318,0.498053509,47.64396518,3.500794082,51.65371851,3.505126109,47.08209102,3.496249861,52.15176338,3.509629305,46.18968911,3.393701086,48.00599174,0.498053509,47.39923853,3.509872197,47.58804148,0.488671626
1088,2254.4,45.86120474,0.498053509,47.6016642,3.500794082,51.78010423,3.505126109,46.96718632,3.492378282,52.229513,3.509629305,46.02132249,3.386225114,47.90620702,0.498053509,47.29377855,3.509872197,47.45250912,0.488671626
1089,2254.45,45.74332336,0.498053509,47.56209596,3.500794082,51.9108589,3.505126109,46.84638622,3.486957158,52.30723804,3.509629305,45.85078294,3.380922071,47.80647577,0.498053509,47.18646347,3.509872197,47.31257983,0.488671626
1090,2254.5,45.62326906,0.498053509,47.52640086,3.500794082,52.04598577,3.505126109,46.72125925,3.481555016,52.3849346,3.509629305,45.67807047,3.377791957,47.70679329,0.498053509,47.0784505,3.509872197,47.16825816,0.488671626
1091,2254.55,45.50104183,0.498053509,47.49286895,3.500794082,52.18548962,3.505126109,46.59193467,3.476301133,52.46259672,3.509629305,45.50318507,3.376834771,47.6071552,0.498053509,46.96857141,3.509872197,47.01954829,0.488671626
1092,2254.6,45.37664167,0.498053509,47.45938062,3.500794082,52.32937806,3.505126109,46.45843405,3.471217059,52.54021431,3.509629305,45.32612673,3.378050514,47.50755748,0.498053509,46.8563,3.509872197,46.86645406,0.488671626
1093,2254.65,45.25006859,0.498053509,47.42603619,3.500794082,52.47766516,3.505126109,46.32077535,3.466320762,52.61776624,3.509629305,45.14689547,3.381251855,47.40799648,0.498053509,46.74173217,3.509872197,46.70897893,0.488671626
1094,2254.7,45.12132257,0.498053509,47.39332742,3.500794082,52.6303873,3.505126109,46.17897324,3.461626906,52.69516302,3.509629305,44.96549128,3.385842634,47.30846893,0.498053509,46.62562261,3.509872197,46.54712602,0.488671626
1095,2254.75,44.99040363,0.498053509,47.36094726,3.500794082,52.78668209,3.505126109,46.03303916,3.457146953,52.77334508,3.509629305,44.78191416,3.391941833,47.20842152,0.498053509,46.50929463,3.509872197,46.38144815,0.488671626
1096,2254.8,44.85731176,0.498053509,47.32666251,3.500794082,52.9436143,3.505126109,45.88298128,3.45288904,52.85570985,3.509629305,44.59616412,3.399655386,47.10620119,0.498053509,46.39274184,3.509872197,46.21359735,0.488671626
1097,2254.85,44.72204695,0.498053509,47.29135303,3.500794082,53.10064322,3.505126109,45.7288043,3.448857898,52.94235067,3.509629305,44.40824114,3.407866147,47.00180792,0.498053509,46.27596107,3.509872197,46.04357363,0.488671626
1098,2254.9,44.58460922,0.498053509,47.25583216,3.500794082,53.25772724,3.505126109,45.57051,3.445055284,53.03329153,3.509629305,44.21814524,3.418249835,46.89524173,0.498053509,46.15895185,3.509872197,45.87137698,0.488671626
1099,2254.95,44.44499857,0.498053509,47.22099907,3.500794082,53.41485067,3.505126109,45.40809762,3.441480453,53.12854352,3.509629305,44.02587641,3.430806453,46.78650261,0.498053509,46.04171602,3.509872197,45.6970074,0.488671626
1100,2255,44.30321498,0.498053509,47.18418653,3.500794082,53.57200525,3.505126109,45.24205213,3.438618361,53.22811305,3.509629305,43.83143465,3.445535998,46.67559055,0.498053509,45.92376884,3.509872197,45.52046489,0.488671626
1101,2255.05,44.15925846,0.498053509,47.14565215,3.500794082,53.72918588,3.505126109,45.0738337,3.437929198,53.33200424,3.509629305,43.63481996,3.462438473,46.56250558,0.498053509,45.80364872,3.509872197,45.34174945,0.488671626
1102,2255.1,44.01312902,0.498053509,47.10738458,3.500794082,53.88638914,3.505126109,44.90344235,3.439412964,53.44021998,3.509629305,43.43603234,3.480781166,46.44724767,0.498053509,45.68135568,3.509872197,45.16086108,0.488671626
1103,2255.15,43.86482665,0.498053509,47.07043099,3.500794082,54.04361258,3.505126109,44.73087807,3.443069658,53.55276238,3.509629305,43.23507179,3.499098657,46.32981683,0.498053509,45.55688971,3.509872197,44.97779979,0.488671626
1104,2255.2,43.71435135,0.498053509,47.03212387,3.500794082,54.20085438,3.505126109,44.55614086,3.448899281,53.66963301,3.509629305,43.03193832,3.504085454,46.21021307,0.498053509,45.43025082,3.509872197,44.79256556,0.488671626
1105,2255.25,43.56170312,0.498053509,46.99231068,3.500794082,54.35811314,3.505126109,44.37923073,3.456901832,53.79083312,3.509629305,42.82663192,3.504085454,46.08843637,0.498053509,45.30143899,3.509872197,44.60515841,0.488671626
1106,2255.3,43.40688196,0.498053509,46.95151902,3.500794082,54.51538777,3.505126109,44.20014766,3.467077311,53.91636366,3.509629305,42.61915258,3.504085454,45.96448675,0.498053509,45.17045424,3.509872197,44.41557833,0.488671626
1107,2255.35,43.24988787,0.498053509,46.90983076,3.500794082,54.67267744,3.505126109,44.01889167,3.47942572,54.04622539,3.509629305,42.40950032,3.504085454,45.8383642,0.498053509,45.03729655,3.509872197,44.22382532,0.488671626
1108,2255.4,43.09072086,0.498053509,46.86635497,3.500794082,54.83052119,3.505126109,43.83546274,3.493947056,54.1798791,3.509629305,42.19767513,3.504085454,45.71006872,0.498053509,44.90196594,3.509872197,44.02989938,0.488671626
1109,2255.45,42.92938092,0.498053509,46.82217838,3.500794082,54.99053788,3.505126109,43.64986089,3.498528047,54.31570574,3.509629305,41.98367702,3.504085454,45.57960031,0.498053509,44.7644624,3.509872197,43.83380051,0.488671626
1110,2255.5,42.76586804,0.498053509,46.77677655,3.500794082,55.1527275,3.505126109,43.46208611,3.500157743,54.45370532,3.509629305,41.76750597,3.504085454,45.44695898,0.498053509,44.62478593,3.509872197,43.63552872,0.488671626
1111,2255.55,42.60018224,0.498053509,46.72929557,3.500794082,55.31709004,3.505126109,43.2721384,3.500157743,54.59387782,3.509629305,41.549162,3.504085454,45.31214471,0.498053509,44.48293654,3.509872197,43.43508399,0.488671626
1112,2255.6,42.43232351,0.498053509,46.68038864,3.500794082,55.48362551,3.505126109,43.08001777,3.500157743,54.73622324,3.509629305,41.32864509,3.504085454,45.17515752,0.498053509,44.33891421,3.509872197,43.23246634,0.488671626
1113,2255.65,42.26229186,0.498053509,46.63119128,3.500794082,55.65233392,3.505126109,42.8857242,3.500157743,54.8807416,3.509629305,41.10595526,3.504085454,45.0359974,0.498053509,44.19271896,3.509872197,43.02767576,0.488671626
1114,2255.7,42.09008727,0.498053509,46.58199718,3.500794082,55.82321525,3.505126109,42.68925771,3.500157743,55.02743289,3.509629305,40.8810925,3.504085454,44.89466435,0.498053509,44.04435077,3.509872197,42.82071225,0.488671626
1115,2255.75,41.91570976,0.498053509,46.53370535,3.500794082,55.9962695,3.505126109,42.49061829,3.500157743,55.1762971,3.509629305,40.65405681,3.504085454,44.75115837,0.498053509,43.89380966,3.509872197,42.61157581,0.488671626
1116,2255.8,41.73915931,0.498053509,46.48614753,3.500794082,56.17149669,3.505126109,42.28980593,3.500157743,55.32733424,3.509629305,40.4248482,3.504085454,44.60547946,0.498053509,43.74109562,3.509872197,42.40026645,0.488671626
1117,2255.85,41.56043594,0.498053509,46.43700681,3.500794082,56.34889681,3.505126109,42.08682065,3.500157743,55.48054431,3.509629305,40.19346665,3.504085454,44.45762763,0.498053509,43.58620866,3.509872197,42.18678415,0.488671626
1118,2255.9,41.37953964,0.498053509,46.3863674,3.500794082,56.52846985,3.505126109,41.88166245,3.500157743,55.63592731,3.509629305,39.95991218,3.504085454,44.30760286,0.498053509,43.42914876,3.509872197,41.97166483,0.488671626
1119,2255.95,41.19593469,0.498053509,46.33525834,3.500794082,56.71021582,3.505126109,41.67433131,3.500157743,55.79348324,3.509629305,39.72418477,3.504085454,44.15540517,0.498053509,43.26991593,3.509872197,41.75651583,0.488671626
1120,2256,41.00801425,0.498053509,46.28412563,3.500794082,56.89413472,3.505126109,41.46482724,3.500157743,55.9532121,3.509629305,39.48628444,3.504085454,44.00103455,0.498053509,43.10851018,3.509872197,41.54133578,0.488671626
1121,2256.05,40.81577966,0.498053509,46.23114442,3.500794082,57.08022655,3.505126109,41.25315025,3.500157743,56.11511388,3.509629305,39.24621118,3.504085454,43.844491,0.498053509,42.9449315,3.509872197,41.32612339,0.488671626
1122,2256.1,40.61923216,0.498053509,46.17717885,3.500794082,57.26849131,3.505126109,41.03930033,3.500157743,56.27918859,3.509629305,39.00396499,3.504085454,43.68577452,0.498053509,42.77917989,3.509872197,41.1108775,0.488671626
1123,2256.15,40.41837281,0.498053509,46.12196135,3.500794082,57.458929,3.505126109,40.82327748,3.500157743,56.44543624,3.509629305,38.75954588,3.504085454,43.52488511,0.498053509,42.61125535,3.509872197,40.89559712,0.488671626
1124,2256.2,40.21320252,0.498053509,46.06571159,3.500794082,57.65153961,3.505126109,40.6050817,3.500157743,56.61385681,3.509629305,38.51295383,3.504085454,43.36182278,0.498053509,42.44115788,3.509872197,40.68028146,0.488671626
1125,2256.25,40.00372197,0.498053509,46.00902443,3.500794082,57.84632316,3.505126109,40.38471299,3.500157743,56.78445031,3.509629305,38.26418886,3.504085454,43.19658751,0.498053509,42.26888748,3.509872197,40.46492995,0.488671626
1126,2256.3,39.7899316,0.498053509,45.95253636,3.500794082,58.04327963,3.505126109,40.16217135,3.500157743,56.95721673,3.509629305,38.01325096,3.504085454,43.02917932,0.498053509,42.09444416,3.509872197,40.24954228,0.488671626
1127,2256.35,39.57183158,0.498053509,45.89496182,3.500794082,58.24240903,3.505126109,39.93745679,3.500157743,57.13215609,3.509629305,37.76014012,3.504085454,42.8595982,0.498053509,41.9178279,3.509872197,40.03411843,0.488671626
1128,2256.4,39.34942179,0.498053509,45.83881162,3.500794082,58.44371136,3.505126109,39.7105693,3.500157743,57.30926837,3.509629305,37.50485636,3.504085454,42.68784415,0.498053509,41.73903872,3.509872197,39.81865864,0.488671626
1129,2256.45,39.12270188,0.498053509,45.78150212,3.500794082,58.64718662,3.505126109,39.48150887,3.500157743,57.48855359,3.509629305,37.24739968,3.504085454,42.51391717,0.498053509,41.55807661,3.509872197,39.6031634,0.488671626
1130,2256.5,38.8916712,0.498053509,45.72246665,3.500794082,58.8528348,3.505126109,39.25027552,3.500157743,57.67001173,3.509629305,36.98777006,3.504085454,42.33781727,0.498053509,41.37494157,3.509872197,39.38763346,0.488671626
1131,2256.55,38.65632893,0.498053509,45.66287747,3.500794082,59.06065592,3.505126109,39.01686924,3.500157743,57.8536428,3.509629305,36.72596751,3.504085454,42.15954443,0.498053509,41.1896336,3.509872197,39.17206977,0.488671626
1132,2256.6,38.41667401,0.498053509,45.60211049,3.500794082,59.27064996,3.505126109,38.78129004,3.500157743,58.0394468,3.509629305,36.46199204,3.504085454,41.97909867,0.498053509,41.00215271,3.509872197,38.95647345,0.488671626
1133,2256.65,38.17270524,0.498053509,45.53983132,3.500794082,59.48281693,3.505126109,38.5435379,3.500157743,58.22742373,3.509629305,36.19584364,3.504085454,41.79647997,0.498053509,40.81249888,3.509872197,38.74084575,0.488671626
1134,2256.7,37.92442132,0.498053509,45.47603225,3.500794082,59.69715683,3.505126109,38.3040014,3.500157743,58.41757358,3.509629305,35.92752231,3.504085454,41.61168835,0.498053509,40.62067213,3.509872197,38.52465206,0.488671626
1135,2256.75,37.67235702,0.498053509,45.41070273,3.500794082,59.91366966,3.505126109,38.06345768,3.500157743,58.60989637,3.509629305,35.65702805,3.504085454,41.4247238,0.498053509,40.42667245,3.509872197,38.30628543,0.488671626
1136,2256.8,37.4181198,0.498053509,45.34500107,3.500794082,60.13235542,3.505126109,37.82074103,3.500157743,58.80439208,3.509629305,35.38436086,3.504085454,41.23558633,0.498053509,40.23049984,3.509872197,38.08574587,0.488671626
1137,2256.85,37.16170964,0.498053509,45.28035167,3.500794082,60.35321411,3.505126109,37.57585145,3.500157743,59.00106072,3.509629305,35.10952075,3.504085454,41.04427592,0.498053509,40.0321543,3.509872197,37.86303339,0.488671626
1138,2256.9,36.90312656,0.498053509,45.21635555,3.500794082,60.57624572,3.505126109,37.32878894,3.500157743,59.19990229,3.509629305,34.8325077,3.504085454,40.85079259,0.498053509,39.83163583,3.509872197,37.63814798,0.488671626
1139,2256.95,36.64237055,0.498053509,45.15373526,3.500794082,60.80145026,3.505126109,37.07955351,3.500157743,59.40091679,3.509629305,34.55332173,3.504085454,40.65513632,0.498053509,39.62894444,3.509872197,37.41108964,0.488671626
1140,2257,36.37944161,0.498053509,45.09008854,3.500794082,61.02882773,3.505126109,36.82814514,3.500157743,59.60410422,3.509629305,34.27196283,3.504085454,40.45730713,0.498053509,39.42408011,3.509872197,37.18185837,0.488671626
1141,2257.05,36.11433974,0.498053509,45.02510416,3.500794082,61.25837813,3.505126109,36.57456385,3.500157743,59.80946457,3.509629305,33.98843099,3.504085454,40.25730501,0.498053509,39.21704286,3.509872197,36.95045417,0.488671626
1142,2257.1,35.84706495,0.498053509,44.95859976,3.500794082,61.49010146,3.505126109,36.31880963,3.500157743,60.01699786,3.509629305,33.70272624,3.504085454,40.05512996,0.498053509,39.00783268,3.509872197,36.71687704,0.488671626
1143,2257.15,35.57761722,0.498053509,44.89188116,3.500794082,61.72399772,3.505126109,36.06088248,3.500157743,60.22670407,3.509629305,33.41484855,3.504085454,39.85078198,0.498053509,38.79644957,3.509872197,36.48112699,0.488671626
1144,2257.2,35.30599657,0.498053509,44.82310983,3.500794082,61.96006691,3.505126109,35.8007824,3.500157743,60.43858321,3.509629305,33.12479793,3.504085454,39.64426108,0.498053509,38.58289353,3.509872197,36.24320401,0.488671626
1145,2257.25,35.03220299,0.498053509,44.75304858,3.500794082,62.19830902,3.505126109,35.53850939,3.500157743,60.65263528,3.509629305,32.83257439,3.504085454,39.43556724,0.498053509,38.36716456,3.509872197,36.00310809,0.488671626
1146,2257.3,34.75623648,0.498053509,44.68346798,3.500794082,62.43872406,3.505126109,35.27406346,3.500157743,60.86886028,3.509629305,32.53817791,3.504085454,39.22470048,0.498053509,38.14926267,3.509872197,35.76083925,0.488671626
1147,2257.35,34.47809704,0.498053509,44.61549535,3.500794082,62.68131203,3.505126109,35.00744459,3.500157743,61.0872582,3.509629305,32.24160851,3.504085454,39.01166079,0.498053509,37.92918784,3.509872197,35.51639748,0.488671626
1148,2257.4,34.19778467,0.498053509,44.54800079,3.500794082,62.92607293,3.505126109,34.7386528,3.500157743,61.30782906,3.509629305,31.94286618,3.504085454,38.79644817,0.498053509,37.70694009,3.509872197,35.26978279,0.488671626
1149,2257.45,33.91529938,0.498053509,44.48213466,3.500794082,63.17300676,3.505126109,34.46768808,3.500157743,61.53057284,3.509629305,31.64195092,3.504085454,38.57906262,0.498053509,37.48251941,3.509872197,35.02099516,0.488671626
1150,2257.5,33.63064116,0.498053509,44.41636359,3.500794082,63.42211352,3.505126109,34.19455043,3.500157743,61.75548956,3.509629305,31.33886274,3.504085454,38.35950414,0.498053509,37.2559258,3.509872197,34.77003461,0.488671626
1151,2257.55,33.34381,0.498053509,44.35040305,3.500794082,63.67339321,3.505126109,33.91923985,3.500157743,61.9825792,3.509629305,31.03360162,3.504085454,38.13777273,0.498053509,37.02715926,3.509872197,34.51690112,0.488671626
1152,2257.6,33.05480592,0.498053509,44.28320199,3.500794082,63.92684582,3.505126109,33.64175634,3.500157743,62.21184177,3.509629305,30.72616758,3.504085454,37.9138684,0.498053509,36.79621979,3.509872197,34.26159471,0.488671626
1153,2257.65,32.76362891,0.498053509,44.21611085,3.500794082,64.18247136,3.505126109,33.36209991,3.500157743,62.44327726,3.509629305,30.4165606,3.504085454,37.68779114,0.498053509,36.5631074,3.509872197,34.00411537,0.488671626
1154,2257.7,32.47027897,0.498053509,44.14793325,3.500794082,64.44026983,3.505126109,33.08027054,3.500157743,62.67688569,3.509629305,30.1047807,3.504085454,37.45954095,0.498053509,36.32782207,3.509872197,33.7444631,0.488671626
1155,2257.75,32.17475611,0.498053509,44.08165767,3.500794082,64.70024123,3.505126109,32.79626825,3.500157743,62.91266705,3.509629305,29.79082787,3.504085454,37.22911783,0.498053509,36.09036382,3.509872197,33.48263791,0.488671626
1156,2257.8,31.87706031,0.498053509,44.01565583,3.500794082,64.96238556,3.505126109,32.51062245,3.500157743,63.15062133,3.509629305,29.47470211,3.504085454,36.99652178,0.498053509,35.85073264,3.509872197,33.21863978,0.488671626
1157,2257.85,31.57719159,0.498053509,43.94757981,3.500794082,65.22670282,3.505126109,32.22439201,3.500157743,63.39074854,3.509629305,29.15640343,3.504085454,36.7617528,0.498053509,35.60892853,3.509872197,32.95246873,0.488671626
1158,2257.9,31.27514994,0.498053509,43.87768093,3.500794082,65.493193,3.505126109,31.93598863,3.500157743,63.63304868,3.509629305,28.83593181,3.504085454,36.52481089,0.498053509,35.36495149,3.509872197,32.68412474,0.488671626
1159,2257.95,30.97093535,0.498053509,43.80577061,3.500794082,65.76185612,3.505126109,31.64541232,3.500157743,63.87752175,3.509629305,28.51328727,3.504085454,36.28569606,0.498053509,35.11880153,3.509872197,32.41360783,0.488671626
1160,2258,30.66454785,0.498053509,43.73274554,3.500794082,66.03269216,3.505126109,31.35266309,3.500157743,64.12416775,3.509629305,28.1884698,3.504085454,36.0444083,0.498053509,34.87047863,3.509872197,32.14091799,0.488671626
1161,2258.05,30.35598741,0.498053509,43.66148772,3.500794082,66.30570113,3.505126109,31.05774093,3.500157743,64.37298668,3.509629305,27.86147939,3.504085454,35.80094761,0.498053509,34.61998281,3.509872197,31.86605522,0.488671626
1162,2258.1,30.04525404,0.498053509,43.59082823,3.500794082,66.58088303,3.505126109,30.76064584,3.500157743,64.62397853,3.509629305,27.53231606,3.504085454,35.55531399,0.498053509,34.36731406,3.509872197,31.58901953,0.488671626
1163,2258.15,29.73234775,0.498053509,43.51941933,3.500794082,66.85823786,3.505126109,30.46137782,3.500157743,64.87714331,3.509629305,27.20097981,3.504085454,35.30750744,0.498053509,34.11247238,3.509872197,31.3098109,0.488671626
1164,2258.2,29.41726852,0.498053509,43.44600027,3.500794082,67.13776561,3.505126109,30.15993687,3.500157743,65.13248103,3.509629305,26.86747062,3.504085454,35.05752796,0.498053509,33.85545777,3.509872197,31.02842935,0.488671626
1165,2258.25,29.10001637,0.498053509,43.37138856,3.500794082,67.4194663,3.505126109,29.85632299,3.500157743,65.38999167,3.509629305,26.5317885,3.504085454,34.80537556,0.498053509,33.59627023,3.509872197,30.74487486,0.488671626
1166,2258.3,28.78059129,0.498053509,43.2965242,3.500794082,67.70333991,3.505126109,29.55053619,3.500157743,65.64967523,3.509629305,26.19393346,3.504085454,34.55105022,0.498053509,33.33490976,3.509872197,30.45914745,0.488671626
1167,2258.35,28.45899328,0.498053509,43.22085359,3.500794082,67.98938645,3.505126109,29.24257645,3.500157743,65.91153173,3.509629305,25.85390549,3.504085454,34.29455196,0.498053509,33.07137637,3.509872197,30.17124711,0.488671626
1168,2258.4,28.13522234,0.498053509,43.14311121,3.500794082,68.27760592,3.505126109,28.93244379,3.500157743,66.17556116,3.509629305,25.51170459,3.504085454,34.03588077,0.498053509,32.80567004,3.509872197,29.88117384,0.488671626
1169,2258.45,27.80927848,0.498053509,43.06420848,3.500794082,68.56799832,3.505126109,28.6201382,3.500157743,66.44176351,3.509629305,25.16733076,3.504085454,33.77503665,0.498053509,32.53779079,3.509872197,29.58892765,0.488671626
1170,2258.5,27.48116168,0.498053509,42.98626191,3.500794082,68.86056365,3.505126109,28.30565968,3.500157743,66.7101388,3.509629305,24.820784,3.504085454,33.5120196,0.498053509,32.26773861,3.509872197,29.29450852,0.488671626
1171,2258.55,27.15087196,0.498053509,42.90706613,3.500794082,69.15530191,3.505126109,27.98900824,3.500157743,66.98068701,3.509629305,24.47206431,3.504085454,33.24682963,0.498053509,31.9955135,3.509872197,28.99791647,0.488671626
1172,2258.6,26.81840931,0.498053509,42.82816993,3.500794082,69.45221309,3.505126109,27.67018386,3.500157743,67.25340815,3.509629305,24.1211717,3.504085454,32.97946672,0.498053509,31.72111547,3.509872197,28.69915149,0.488671626
1173,2258.65,26.48377373,0.498053509,42.74974222,3.500794082,69.7512972,3.505126109,27.34918655,3.500157743,67.52830222,3.509629305,23.76810616,3.504085454,32.70993089,0.498053509,31.4445445,3.509872197,28.39821358,0.488671626
1174,2258.7,26.14696522,0.498053509,42.6728258,3.500794082,70.05255425,3.505126109,27.02601632,3.500157743,67.80536921,3.509629305,23.41286768,3.504085454,32.43822213,0.498053509,31.16580061,3.509872197,28.09510274,0.488671626
1175,2258.75,48.99945677,0.999456768,48.99945677,2.000543232,49.00054323,3.000543232,49.99945677,1.000543232,50.00054323,2.000543232,49.99945677,3.000543232,50.99945677,0.999456768,50.99945677,2.000543232,50.99945677,2.999456768
1176,2258.8,48.99674061,0.996740607,48.99698479,2.003259393,49.00325939,3.003259393,49.99674061,1.003259393,50.00325939,2.003259393,49.99674061,3.003259393,50.99674061,0.996740607,50.99674061,2.003259393,50.99674061,2.996740607
1177,2258.85,48.99185152,0.991851518,48.99358637,2.008148482,49.00814848,3.008148482,49.99185152,1.008148482,50.00814848,2.008148482,49.99185152,3.008148482,50.99185152,0.991851518,50.99185152,2.008148482,50.99185152,2.991851518
1178,2258.9,48.9847895,0.9847895,48.99001364,2.0152105,49.0152105,3.0152105,49.9847895,1.0152105,50.0152105,2.0152105,49.9847895,3.014735305,50.9847895,0.9847895,50.9847895,2.0152105,50.9847895,2.9847895
1179,2258.95,48.97555455,0.975554554,48.98633783,2.024445446,49.02444545,3.024445446,49.97555455,1.024445446,50.02444545,2.024445446,49.97555455,3.022069471,50.97555455,0.975554554,50.97555455,2.024445446,50.97555455,2.975554554
1180,2259,48.96414668,0.964146679,48.98258767,2.035853321,49.03585332,3.035853321,49.96414668,1.035853321,50.03585332,2.035853321,49.96414668,3.031576565,50.96414668,0.964146679,50.96414668,2.035853321,50.96414668,2.964146679
1181,2259.05,48.95056588,0.950565876,48.97690378,2.049434124,49.04943412,3.049434124,49.95056588,1.049434124,50.04943412,2.049434124,49.95056588,3.043256589,50.95056588,0.950565876,50.95056588,2.049434124,50.95056588,2.950565876
1182,2259.1,48.93481214,0.934812144,48.97043746,2.065187856,49.06518786,3.065187856,49.93481214,1.065187856,50.06518786,2.065187856,49.93481214,3.05710954,50.93481214,0.934812144,50.93481214,2.065187856,50.93481214,2.934812144
1183,2259.15,48.91688548,0.916885484,48.96404469,2.083114516,49.08311452,3.083114516,49.91688548,1.083114516,50.08311452,2.083114516,49.91688548,3.073135421,50.91688548,0.916885484,50.91688548,2.083114516,50.91688548,2.916885484
1184,2259.2,48.89678589,0.896785895,48.95724906,2.103214105,49.10321411,3.103214105,49.89678589,1.103214105,50.10321411,2.103214105,49.89678589,3.091334229,50.89678589,0.896785895,50.89678589,2.103214105,50.89678589,2.896785895
1185,2259.25,48.87451338,0.874513377,48.95243653,2.125486623,49.12548662,3.125486623,49.87451338,1.125486623,50.12548662,2.125486623,49.87451338,3.111705967,50.87451338,0.874513377,50.87451338,2.125486623,50.87451338,2.874513377
1186,2259.3,48.85006793,0.850067931,48.94851233,2.149932069,49.14993207,3.149932069,49.85006793,1.149932069,50.14993207,2.149932069,49.85006793,3.134250632,50.85006793,0.850067931,50.85006793,2.149932069,50.85006793,2.850067931
1187,2259.35,48.82344956,0.823449557,48.94415019,2.176550443,49.175985,3.175984999,49.82344956,1.176550443,50.175997,2.175997003,49.82293121,3.158449879,50.82344956,0.823449557,50.82236369,2.17546458,50.8229185,2.822918498
1188,2259.4,48.79465825,0.794658254,48.93947805,2.205341746,49.20194579,3.201945793,49.79465825,1.205341746,50.20201982,2.202019818,49.79155209,3.182752587,50.79465825,0.794658254,50.78814155,2.198825045,50.79147748,2.791477479
1189,2259.45,48.76369402,0.763694022,48.93359985,2.236305978,49.2278007,3.227800701,49.76369402,1.236305978,50.22799303,2.227993027,49.75594712,3.207175296,50.76369402,0.763694022,50.74739562,2.220007575,50.75577069,2.755770685
1190,2259.5,48.73055686,0.730556862,48.9284796,2.269443138,49.25353335,3.253533349,49.73055686,1.269443138,50.25389888,2.253898883,49.71613662,3.231738341,50.73055686,0.730556862,50.70012147,2.239007744,50.71507117,2.715071165
1191,2259.55,48.69524677,0.695246773,48.92152318,2.304753227,49.2791236,3.279123597,49.69524677,1.304753227,50.27893685,2.278936849,49.67214664,3.256467756,50.69524677,0.695246773,50.64631953,2.255825981,50.66713498,2.667134977
1192,2259.6,48.65776376,0.657763756,48.91375314,2.342236244,49.30454562,3.304545616,49.65780293,1.342236244,50.30075103,2.300751033,49.62401239,3.281398758,50.65776376,0.657763756,50.58600067,2.270473161,50.61204348,2.612043482
1193,2259.65,48.61810781,0.618107811,48.90608684,2.381892189,49.32976436,3.329764361,49.6183037,1.381892189,50.31927063,2.319270626,49.57178543,3.306582911,50.61810781,0.618107811,50.5191965,2.282980881,50.5499109,2.549910901
1194,2259.7,48.57627894,0.576278936,48.89847307,2.423721064,49.35472824,3.354728237,49.57663153,1.423721064,50.334392,2.334392003,49.51555141,3.332105861,50.57627894,0.576278936,50.44599957,2.293441694,50.48091698,2.480916977
1195,2259.75,48.53227713,0.532277134,48.89212469,2.467722866,49.37935084,3.379350843,49.53278644,1.467722866,50.34594108,2.34594108,49.45549159,3.35814887,50.53227713,0.532277134,50.36677244,2.302218174,50.40539556,2.405395556
1196,2259.8,48.4861024,0.498053509,48.88529777,2.513897598,49.4034535,3.403453505,49.48676842,1.513897598,50.35374662,2.353746617,49.39236845,3.385474407,50.4861024,0.498053509,50.28295723,2.310752423,50.32412895,2.324128951
1197,2259.85,48.43775474,0.498053509,48.87753732,2.562245257,49.42815849,3.428158493,49.43857747,1.562245257,50.36029366,2.360293665,49.32826615,3.415249119,50.43775474,0.498053509,50.19701765,2.321508169,50.24033378,2.240333782
1198,2259.9,48.38723415,0.498053509,48.86862409,2.612765846,49.45732301,3.457323006,49.38821359,1.612765846,50.37299906,2.372999056,49.26474312,3.447196395,50.38723415,0.498053509,50.10986095,2.335392646,50.16035926,2.160359257
1199,2259.95,48.33454064,0.498053509,48.85812752,2.665459363,49.49034189,3.490341887,49.33567678,1.665459363,50.39255697,2.392556973,49.20151562,3.483785044,50.33454064,0.498053509,50.02331703,2.354235758,50.08425611,2.08425611
1200,2260,48.27967419,0.498053509,48.84741301,2.720325808,49.52746319,3.499357654,49.28096705,1.720325808,50.41915948,2.41915948,49.13844887,3.494880011,50.27967419,0.498053509,49.9380878,2.378739412,50.01187588,2.011875883
1201,2260.05,48.22263482,0.498053509,48.83604621,2.777365182,49.56883968,3.499357654,49.22408439,1.777365182,50.45288717,2.452887171,49.07541002,3.498164606,50.22263482,0.498053509,49.85442586,2.409156227,49.94312564,1.943125638
1202,2260.1,48.16342252,0.498053509,48.82577315,2.836577485,49.61454284,3.499357654,49.16502879,1.836577485,50.4930132,2.493013201,49.01191536,3.498787211,50.16342252,0.498053509,49.77244794,2.445602908,49.87718128,1.877181279
1203,2260.15,48.10203728,0.498053509,48.81483124,2.89832499,49.66458758,3.499357654,49.10380027,1.897962716,50.53676738,2.536767379,48.94664865,3.499409816,50.10203728,0.498053509,49.69162602,2.487551451,49.81170215,1.811702148
1204,2260.2,48.03847912,0.498053509,48.80320355,2.963732578,49.71843347,3.499900887,49.04039882,1.961520875,50.58269448,2.582694485,48.87927473,3.499530468,50.03847912,0.498053509,49.60982377,2.53286552,49.74601227,1.746012273
1205,2260.25,47.97274804,0.498053509,48.79155155,3.032962451,49.77445229,3.500444119,48.97482444,2.027251963,50.63079452,2.63079452,48.80792525,3.499892423,49.97274804,0.498053509,49.52584859,2.580352519,49.67814947,1.678149469
1206,2260.3,47.90484402,0.498053509,48.78108487,3.106225715,49.83264403,3.500444119,48.90707714,2.09515598,50.68106748,2.681067483,48.73224069,3.499878197,49.90484402,0.498053509,49.43970049,2.630012445,49.60811374,1.608113737
1207,2260.35,47.83476708,0.498053509,48.77090715,3.183813275,49.89300871,3.500444119,48.8371569,2.165232925,50.73351337,2.733513374,48.65212762,3.499781311,49.83476708,0.498053509,49.35137945,2.681845301,49.53590508,1.535905077
1208,2260.4,47.7625172,0.498053509,48.76226373,3.266099543,49.95554631,3.500444119,48.76506374,2.237482799,50.78813219,2.788132195,48.56747665,3.499492386,49.7625172,0.498053509,49.26088549,2.735851085,49.46152349,1.461523488
1209,2260.45,47.6880944,0.498053509,48.75509503,3.353456705,50.02025684,3.500444119,48.69079765,2.311905601,50.84492394,2.844923943,48.47805768,3.49878132,49.6880944,0.498053509,49.16827533,2.792086535,49.38496897,1.38496897
1210,2260.5,47.61149867,0.498053509,48.74875444,3.445987827,50.0871403,3.500444119,48.61430001,2.388442719,50.90388862,2.903888621,48.3835944,3.497371796,49.61149867,0.498053509,49.07372301,2.85072567,49.30624152,1.306241524
1211,2260.55,47.53273001,0.498053509,48.74292315,3.518175106,50.15619668,3.500444119,48.53539108,2.466914396,50.96502623,2.965026227,48.28461733,3.49579434,49.53273001,0.498053509,48.9779425,2.912482484,49.22534115,1.225341149
1212,2260.6,47.45178842,0.498053509,48.73675316,3.518175106,50.227426,3.500444119,48.45405503,2.547304813,51.02833676,3.028336761,48.18178611,3.494708588,49.45178842,0.498053509,48.88295789,2.979381049,49.14226785,1.142267846
1213,2260.65,47.36867391,0.498053509,48.72907,3.518175106,50.30082825,3.500444119,48.37027587,2.629597975,51.09382022,3.093820224,48.07607392,3.494946789,49.36838122,0.498053509,48.78842228,3.051074468,49.05729643,1.057296434
1214,2260.7,47.28338646,0.498053509,48.72095681,3.518175106,50.37640342,3.500444119,48.28403852,2.713778803,51.16147662,3.161476615,47.9683581,3.497104372,49.28166804,0.498053509,48.69409221,3.127319287,48.97120928,0.971209285
1215,2260.75,47.19592609,0.498053509,48.71091307,3.518175106,50.45415152,3.500444119,48.19532903,2.799833347,51.23130594,3.231305935,47.85790903,3.499524595,49.19180954,0.498053509,48.59998887,3.208136697,48.88382571,0.883825714
1216,2260.8,47.10629278,0.498053509,48.69738024,3.518175106,50.53407255,3.500444119,48.10413481,2.887749021,51.30330818,3.303308184,47.74455937,3.499007804,49.09901152,0.498053509,48.50582757,3.293241996,48.79490813,0.794908129
1217,2260.85,47.01448655,0.498053509,48.68333665,3.518175106,50.61616651,3.500444119,48.01118312,2.97825308,51.37748336,3.377483361,47.62610514,3.496735212,49.00355212,0.498053509,48.4120411,3.383067991,48.70412653,0.704126533
1218,2260.9,46.9205074,0.498053509,48.67055819,3.518175106,50.7004334,3.500444119,47.91869892,3.073570495,51.45383147,3.453831466,47.50246668,3.493624248,48.90582777,0.498053509,48.31850233,3.477487541,48.61100063,0.611000631
1219,2260.95,46.82435531,0.498053509,48.65829587,3.518175106,50.78687321,3.500444119,47.82674289,3.17376193,51.5323525,3.512314818,47.37359486,3.489625784,48.80642124,0.498053509,48.22301048,3.501411397,48.51483176,0.514831755
1220,2261,46.72603029,0.498053509,48.64890654,3.518175106,50.87548596,3.500444119,47.73523496,3.278747322,51.61249406,3.512314818,47.23953036,3.484780494,48.70614463,0.498053509,48.12694086,3.501411397,48.41477826,0.49009441
1221,2261.05,46.62553235,0.498053509,48.64037129,3.518175106,50.9668241,3.500444119,47.64356932,3.387920863,51.69259878,3.512314818,47.10047523,3.478992958,48.60576876,0.498053509,48.02864322,3.501411397,48.31030844,0.49009441
1222,2261.1,46.52286147,0.498053509,48.63365528,3.518175106,51.06254524,3.500444119,47.55068954,3.471656978,51.772666,3.512314818,46.9567834,3.472022176,48.50546309,0.498053509,47.92961939,3.501411397,48.20142314,0.49009441
1223,2261.15,46.41801767,0.498053509,48.62786433,3.518175106,51.16265017,3.500444119,47.45601794,3.472239742,51.85269478,3.512314818,46.80873725,3.465042929,48.40522616,0.498053509,47.83036607,3.501411397,48.08812439,0.49009441
1224,2261.2,46.31100094,0.498053509,48.62003978,3.518175106,51.26713997,3.500444119,47.3593215,3.475143523,51.93268387,3.512314818,46.65636775,3.45808618,48.30505544,0.498053509,47.73096218,3.501411397,47.97041519,0.49009441
1225,2261.25,46.20181128,0.498053509,48.6104675,3.518175106,51.37601609,3.500444119,47.26055604,3.480324142,52.01263163,3.512314818,46.49970895,3.451185999,48.20494753,0.498053509,47.63142586,3.501411397,47.84829925,0.49009441
1226,2261.3,46.0904487,0.498053509,48.5988335,3.518175106,51.48928038,3.500444119,47.15914397,3.487204005,52.09253597,3.512314818,46.33931005,3.444891573,48.10489845,0.498053509,47.53178734,3.501411397,47.72178073,0.49009441
1227,2261.35,45.97691318,0.498053509,48.58574197,3.518175106,51.6069352,3.500444119,47.05346965,3.494167479,52.17239421,3.512314818,46.17673823,3.440770076,48.00490394,0.498053509,47.43208386,3.501411397,47.59086397,0.49009441
1228,2261.4,45.86120474,0.498053509,48.57267129,3.518175106,51.7289836,3.500444119,46.94349585,3.499421334,52.25220289,3.512314818,46.01199347,3.438817906,47.90495963,0.498053509,47.33235013,3.501411397,47.4555533,0.49009441
1229,2261.45,45.74332336,0.498053509,48.56002898,3.518175106,51.85542952,3.500444119,46.82919277,3.499423767,52.33195749,3.512314818,45.84507579,3.439027865,47.80506126,0.498053509,47.23260661,3.501411397,47.31585289,0.49009441
1230,2261.5,45.62326906,0.498053509,48.54533953,3.518175106,51.98627818,3.500444119,46.71055347,3.499435831,52.41165194,3.512314818,45.67598518,3.441410751,47.70520479,0.498053509,47.13285364,3.501411397,47.17176665,0.49009441
1231,2261.55,45.50104183,0.498053509,48.52953625,3.518175106,52.12153668,3.500444119,46.58757753,3.499457116,52.49127782,3.512314818,45.50472164,3.445966567,47.60538644,0.498053509,47.0330917,3.501411397,47.0232982,0.49009441
1232,2261.6,45.37664167,0.498053509,48.51561703,3.518175106,52.26121514,3.500444119,46.46026445,3.499487121,52.57082282,3.512314818,45.33128517,3.452695311,47.50560276,0.498053509,46.93332131,3.501411397,46.87045084,0.49009441
1233,2261.65,45.25006859,0.498053509,48.5030857,3.518175106,52.40532889,3.500444119,46.32861367,3.499525282,52.6502673,3.512314818,45.15567577,3.461400524,47.4058506,0.498053509,46.83354306,3.501411397,46.71322754,0.49009441
1234,2261.7,45.12132257,0.498053509,48.4922056,3.518175106,52.5539039,3.500444119,46.19262459,3.499570995,52.72957523,3.512314818,44.97789344,3.471634459,47.30612713,0.498053509,46.73375757,3.501411397,46.55163101,0.49009441
1235,2261.75,44.99040363,0.498053509,48.48233085,3.518175106,52.70699401,3.500444119,46.05229658,3.499623641,52.80865542,3.512314818,44.79793819,3.483876834,47.20588049,0.498053509,46.63396546,3.501411397,46.38621269,0.49009441
1236,2261.8,44.85731176,0.498053509,48.47096055,3.518175106,52.86479822,3.500444119,45.90762903,3.499682602,52.88813102,3.512314818,44.61581,3.498292138,47.10346091,0.498053509,46.53416734,3.501411397,46.21862145,0.49009441
1237,2261.85,44.72204695,0.498053509,48.46003059,3.518175106,53.02654395,3.500444119,45.75916324,3.499730117,52.97064002,3.512314818,44.43150889,3.502303388,46.99886841,0.498053509,46.43382181,3.501411397,46.04885727,0.49009441
1238,2261.9,44.58460922,0.498053509,48.44885145,3.518175106,53.1887019,3.500444119,45.60852453,3.499730117,53.05724839,3.512314818,44.24503485,3.502303388,46.89210298,0.498053509,46.33130336,3.501411397,45.87692017,0.49009441
1239,2261.95,44.44499857,0.498053509,48.43631532,3.518175106,53.35103779,3.500444119,45.45571289,3.499730117,53.14806229,3.512314818,44.05638788,3.502303388,46.78316462,0.498053509,46.22661198,3.501411397,45.70281014,0.49009441
1240,2262,44.30321498,0.498053509,48.42304632,3.518175106,53.51349022,3.500444119,45.30072832,3.499730117,53.24312194,3.512314818,43.86556799,3.502303388,46.67205334,0.498053509,46.11974766,3.501411397,45.52652718,0.49009441
1241,2262.05,44.15925846,0.498053509,48.41000082,3.518175106,53.67603072,3.500444119,45.14357082,3.499730117,53.34244856,3.512314818,43.67257516,3.502303388,46.55876912,0.498053509,46.01071043,3.501411397,45.34807129,0.49009441
1242,2262.1,44.01312902,0.498053509,48.39740676,3.518175106,53.83864288,3.500444119,44.9842404,3.499730117,53.44605519,3.512314818,43.47740941,3.502303388,46.44331198,0.498053509,45.89950026,3.501411397,45.16744248,0.49009441
1243,2262.15,43.86482665,0.498053509,48.38646987,3.518175106,54.0013161,3.500444119,44.82273704,3.499730117,53.55395063,3.512314818,43.28007072,3.502303388,46.3256819,0.498053509,45.78611716,3.501411397,44.98464073,0.49009441
1244,2262.2,43.71435135,0.498053509,48.37672736,3.518175106,54.16404297,3.500444119,44.65906076,3.499730117,53.66614119,3.512314818,43.08055911,3.502303388,46.2058789,0.498053509,45.67056114,3.501411397,44.79966606,0.49009441
1245,2262.25,43.56170312,0.498053509,48.36735648,3.518175106,54.32681807,3.500444119,44.49321155,3.499730117,53.78263155,3.512314818,42.87887457,3.502303388,46.08390297,0.498053509,45.55283218,3.501411397,44.61251846,0.49009441
1246,2262.3,43.40688196,0.498053509,48.35863186,3.518175106,54.48963731,3.500444119,44.32518941,3.499730117,53.90342533,3.512314818,42.6750171,3.502303388,45.95975411,0.498053509,45.4329303,3.501411397,44.42319793,0.49009441
1247,2262.35,43.24988787,0.498053509,48.35032749,3.518175106,54.6524975,3.500444119,44.15499434,3.499730117,54.02852533,3.512314818,42.46898671,3.502303388,45.83343233,0.498053509,45.31085549,3.501411397,44.23170447,0.49009441
1248,2262.4,43.09072086,0.498053509,48.34176029,3.518175106,54.81593015,3.500444119,43.98262634,3.499730117,54.15739956,3.512314818,42.26078338,3.502303388,45.70493761,0.498053509,45.18660775,3.501411397,44.03803808,0.49009441
1249,2262.45,42.92938092,0.498053509,48.33215543,3.518175106,54.98153573,3.500444119,43.80808542,3.499730117,54.28844672,3.512314818,42.05040713,3.502303388,45.57426997,0.498053509,45.06018708,3.501411397,43.84219877,0.49009441
1250,2262.5,42.76586804,0.498053509,48.32397961,3.518175106,55.14931424,3.500444119,43.63137156,3.499730117,54.42166681,3.512314818,41.83785794,3.502303388,45.4414294,0.498053509,44.93159349,3.501411397,43.64418652,0.49009441
1251,2262.55,42.60018224,0.498053509,48.31663716,3.518175106,55.31926568,3.500444119,43.45248478,3.499730117,54.55705983,3.512314818,41.62313583,3.502303388,45.30641589,0.498053509,44.80082696,3.501411397,43.44400135,0.49009441
1252,2262.6,42.43232351,0.498053509,48.30875563,3.518175106,55.49139005,3.500444119,43.27142507,3.499730117,54.69462577,3.512314818,41.40624079,3.502303388,45.16922947,0.498053509,44.66788751,3.501411397,43.24164325,0.49009441
1253,2262.65,42.26229186,0.498053509,48.29936182,3.518175106,55.66568735,3.500444119,43.08819243,3.499730117,54.83436465,3.512314818,41.18717282,3.502303388,45.02987011,0.498053509,44.53277513,3.501411397,43.03711222,0.49009441
1254,2262.7,42.09008727,0.498053509,48.29084891,3.518175106,55.84215757,3.500444119,42.90278686,3.499730117,54.97627645,3.512314818,40.96593193,3.502303388,44.88833782,0.498053509,44.39548982,3.501411397,42.83040826,0.49009441
1255,2262.75,41.91570976,0.498053509,48.28441364,3.518175106,56.02080072,3.500444119,42.71520836,3.499730117,55.12036118,3.512314818,40.7425181,3.502303388,44.74463261,0.498053509,44.25603158,3.501411397,42.62153137,0.49009441
1256,2262.8,41.73915931,0.498053509,48.27954169,3.518175106,56.2016168,3.500444119,42.52545694,3.499730117,55.26661884,3.512314818,40.51693135,3.502303388,44.59875446,0.498053509,44.11440041,3.501411397,42.41048156,0.49009441
1257,2262.85,41.56043594,0.498053509,48.27453433,3.518175106,56.38460581,3.500444119,42.33353258,3.499730117,55.41504943,3.512314818,40.28917167,3.502303388,44.45070339,0.498053509,43.97059632,3.501411397,42.19725881,0.49009441
1258,2262.9,41.37953964,0.498053509,48.26865689,3.518175106,56.56976775,3.500444119,42.1394353,3.499730117,55.56565295,3.512314818,40.05923905,3.502303388,44.30047939,0.498053509,43.82461929,3.501411397,41.98186314,0.49009441
1259,2262.95,41.19593345,0.498053509,48.26381351,3.518175106,56.75710262,3.500444119,41.94316509,3.499730117,55.71842939,3.512314818,39.82713351,3.502303388,44.14808246,0.498053509,43.67646934,3.501411397,41.76483135,0.49009441
1260,2263,41.00800677,0.498053509,48.25946446,3.518175106,56.94661041,3.500444119,41.74472195,3.499730117,55.87337877,3.512314818,39.59285505,3.502303388,43.9935126,0.498053509,43.52614646,3.501411397,41.5477736,0.49009441
1261,2263.05,40.81576079,0.498053509,48.25628847,3.518175106,57.13829114,3.500444119,41.54410588,3.499730117,56.03050107,3.512314818,39.35640365,3.502303388,43.83676982,0.498053509,43.37365065,3.501411397,41.33068873,0.49009441
1262,2263.1,40.61919659,0.498053509,48.25331965,3.518175106,57.33214479,3.500444119,41.34131689,3.499730117,56.1897963,3.512314818,39.11777933,3.502303388,43.6778541,0.498053509,43.21898191,3.501411397,41.11357571,0.49009441
1263,2263.15,40.41831517,0.498053509,48.24976905,3.518175106,57.52817137,3.500444119,41.13635496,3.499730117,56.35126446,3.512314818,38.87698207,3.502303388,43.51676546,0.498053509,43.06214024,3.501411397,40.89643363,0.49009441
1264,2263.2,40.21311736,0.498053509,48.24597738,3.518175106,57.72637088,3.500444119,40.92922011,3.499730117,56.51490555,3.512314818,38.63401189,3.502303388,43.35350389,0.498053509,42.90312565,3.501411397,40.67926171,0.49009441
1265,2263.25,40.00360384,0.498053509,48.24231259,3.518175106,57.92674332,3.500444119,40.71992007,3.499730117,56.68071956,3.512314818,38.38886878,3.502303388,43.18806938,0.498053509,42.74193812,3.501411397,40.46205939,0.49009441
1266,2263.3,39.78977506,0.498053509,48.23710723,3.518175106,58.12928868,3.500444119,40.50847035,3.499730117,56.84870651,3.512314818,38.14155274,3.502303388,43.02046196,0.498053509,42.57857767,3.501411397,40.24482631,0.49009441
1267,2263.35,39.57163128,0.498053509,48.23217289,3.518175106,58.33400698,3.500444119,40.29484769,3.499730117,57.01886638,3.512314818,37.89206377,3.502303388,42.8506816,0.498053509,42.41304429,3.501411397,40.02756235,0.49009441
1268,2263.4,39.34917249,0.498053509,48.22871619,3.518175106,58.5408982,3.500444119,40.07905211,3.499730117,57.19119919,3.512314818,37.64040188,3.502303388,42.67872831,0.498053509,42.24533798,3.501411397,39.81026762,0.49009441
1269,2263.45,39.12239849,0.498053509,48.22483425,3.518175106,58.74996235,3.500444119,39.8610836,3.499730117,57.36570492,3.512314818,37.38656705,3.502303388,42.5046021,0.498053509,42.07545874,3.501411397,39.59294244,0.49009441
1270,2263.5,38.89130881,0.498053509,48.22133904,3.518175106,58.96119943,3.500444119,39.64094216,3.499730117,57.54238358,3.512314818,37.1305593,3.502303388,42.32830295,0.498053509,41.90340657,3.501411397,39.37558739,0.49009441
1271,2263.55,38.65590282,0.498053509,48.21818216,3.518175106,59.17460944,3.500444119,39.41862779,3.499730117,57.72123516,3.512314818,36.87237862,3.502303388,42.14983088,0.498053509,41.72918148,3.501411397,39.15820319,0.49009441
1272,2263.6,38.41617967,0.498053509,48.21393881,3.518175106,59.39019238,3.500444119,39.19414049,3.499730117,57.90225968,3.512314818,36.612025,3.502303388,41.96918588,0.498053509,41.55278346,3.501411397,38.94079075,0.49009441
1273,2263.65,38.1721384,0.498053509,48.21156142,3.518175106,59.60794825,3.500444119,38.96748027,3.499730117,58.08545712,3.512314818,36.34949847,3.502303388,41.78636795,0.498053509,41.3742125,3.501411397,38.72335112,0.49009441
1274,2263.7,37.92377791,0.498053509,48.21035772,3.518175106,59.82787704,3.500444119,38.73864711,3.499730117,58.2708275,3.512314818,36.084799,3.502303388,41.6013771,0.498053509,41.19346862,3.501411397,38.50588542,0.49009441
1275,2263.75,37.67163413,0.498053509,48.2110221,3.518175106,60.04997876,3.500444119,38.50764103,3.499730117,58.4583708,3.512314818,35.8179266,3.502303388,41.41421331,0.498053509,41.01055181,3.501411397,38.28785761,0.49009441
1276,2263.8,37.41731743,0.498053509,48.21364981,3.518175106,60.27425341,3.500444119,38.27446202,3.499730117,58.64808703,3.512314818,35.54888128,3.502303388,41.2248766,0.498053509,40.82546207,3.501411397,38.06765686,0.49009441
1277,2263.85,37.16082779,0.498053509,48.21825591,3.518175106,60.50070099,3.500444119,38.03911008,3.499730117,58.83997619,3.512314818,35.27766302,3.502303388,41.03336695,0.498053509,40.63819941,3.501411397,37.84528319,0.49009441
1278,2263.9,36.90216523,0.498053509,48.22377083,3.518175106,60.7293215,3.500444119,37.80158521,3.499730117,59.03403828,3.512314818,35.00427184,3.502303388,40.83968438,0.498053509,40.44876381,3.501411397,37.62073659,0.49009441
1279,2263.95,36.64132973,0.498053509,48.2289218,3.518175106,60.96011494,3.500444119,37.56188742,3.499730117,59.23027329,3.512314818,34.72870773,3.502303388,40.64382888,0.498053509,40.25715529,3.501411397,37.39401706,0.49009441
1280,2264,36.37832131,0.498053509,48.23367313,3.518175106,61.19308131,3.500444119,37.32001669,3.499730117,59.42868124,3.512314818,34.45097069,3.502303388,40.44580045,0.498053509,40.06337384,3.501411397,37.16512461,0.49009441
1281,2264.05,36.11313996,0.498053509,48.23711545,3.518175106,61.4282206,3.500444119,37.07597304,3.499730117,59.62926211,3.512314818,34.17106073,3.502303388,40.2455991,0.498053509,39.86741946,3.501411397,36.93405922,0.49009441
1282,2264.1,35.84578568,0.498053509,48.2409766,3.518175106,61.66553282,3.500444119,36.82975645,3.499730117,59.83201591,3.512314818,33.88897783,3.502303388,40.04322481,0.498053509,39.66929215,3.501411397,36.70082091,0.49009441
1283,2264.15,35.57625847,0.498053509,48.24335857,3.518175106,61.90501798,3.500444119,36.58136694,3.499730117,60.03694264,3.512314818,33.60472201,3.502303388,39.8386776,0.498053509,39.46899191,3.501411397,36.46540967,0.49009441
1284,2264.2,35.30455834,0.498053509,48.24597369,3.518175106,62.14667605,3.500444119,36.33081298,3.499730117,60.2440423,3.512314818,33.31829325,3.502303388,39.63195746,0.498053509,39.26651874,3.501411397,36.2278255,0.49009441
1285,2264.25,35.03068527,0.498053509,48.24794681,3.518175106,62.39050706,3.500444119,36.0781115,3.499730117,60.45331489,3.512314818,33.02969157,3.502303388,39.42306438,0.498053509,39.06187265,3.501411397,35.9880684,0.49009441
1286,2264.3,34.75463928,0.498053509,48.25005392,3.518175106,62.636511,3.500444119,35.8232371,3.499730117,60.6647604,3.512314818,32.73891696,3.502303388,39.21199838,0.498053509,38.85505363,3.501411397,35.74613837,0.49009441
1287,2264.35,34.47642036,0.498053509,48.25267264,3.518175106,62.88468787,3.500444119,35.56618976,3.499730117,60.87837885,3.512314818,32.44596942,3.502303388,38.99875946,0.498053509,38.64606167,3.501411397,35.50203541,0.49009441
1288,2264.4,34.19602851,0.498053509,48.2563465,3.518175106,63.13503766,3.500444119,35.3069695,3.499730117,61.09417022,3.512314818,32.15084896,3.502303388,38.7833476,0.498053509,38.43489679,3.501411397,35.25575953,0.49009441
1289,2264.45,33.91346373,0.498053509,48.26057823,3.518175106,63.38756038,3.500444119,35.04557631,3.499730117,61.31213452,3.512314818,31.85355556,3.502303388,38.56576281,0.498053509,38.22155899,3.501411397,35.00731072,0.49009441
1290,2264.5,33.62872602,0.498053509,48.26364338,3.518175106,63.64225603,3.500444119,34.78201019,3.499730117,61.53227175,3.512314818,31.55408924,3.502303388,38.3460051,0.498053509,38.00604825,3.501411397,34.75668897,0.49009441
1291,2264.55,33.34181538,0.498053509,48.26817735,3.518175106,63.89912461,3.500444119,34.51627114,3.499730117,61.75458191,3.512314818,31.25244999,3.502303388,38.12407446,0.498053509,37.78836458,3.501411397,34.5038943,0.49009441
1292,2264.6,33.05273182,0.498053509,48.27349289,3.518175106,64.15816612,3.500444119,34.24835917,3.499730117,61.979065,3.512314818,30.94863781,3.502303388,37.89997089,0.498053509,37.56850799,3.501411397,34.24892671,0.49009441
1293,2264.65,32.76147533,0.498053509,48.28051143,3.518175106,64.41938056,3.500444119,33.97827426,3.499730117,62.20572101,3.512314818,30.6426527,3.502303388,37.67369439,0.498053509,37.34647847,3.501411397,33.99178618,0.49009441
1294,2264.7,32.4680459,0.498053509,48.28766076,3.518175106,64.68276792,3.500444119,33.70601643,3.499730117,62.43454996,3.512314818,30.33449466,3.502303388,37.44524496,0.498053509,37.12227601,3.501411397,33.73247272,0.49009441
1295,2264.75,32.17244355,0.498053509,48.29442049,3.518175106,64.94832822,3.500444119,33.43158567,3.499730117,62.66555183,3.512314818,30.02416369,3.502303388,37.2146226,0.498053509,36.89590063,3.501411397,33.47098634,0.49009441
1296,2264.8,31.87466828,0.498053509,48.30027033,3.518175106,65.21606144,3.500444119,33.15498197,3.499730117,62.89872663,3.512314818,29.7116598,3.502303388,36.98182732,0.498053509,36.66735233,3.501411397,33.20732702,0.49009441
1297,2264.85,31.57472007,0.498053509,48.30503371,3.518175106,65.48596759,3.500444119,32.87620536,3.499730117,63.13407436,3.512314818,29.39698297,3.502303388,36.74685911,0.498053509,36.43663109,3.501411397,32.94149478,0.49009441
1298,2264.9,31.27259893,0.498053509,48.31110745,3.518175106,65.75804667,3.500444119,32.59525581,3.499730117,63.37159502,3.512314818,29.08013322,3.502303388,36.50971796,0.498053509,36.20373692,3.501411397,32.67348961,0.49009441
1299,2264.95,30.96830487,0.498053509,48.31614207,3.518175106,66.03229868,3.500444119,32.31213333,3.499730117,63.61128861,3.512314818,28.76111054,3.502303388,36.27040389,0.498053509,35.96866983,3.501411397,32.40331151,0.49009441
1300,2265,30.66183788,0.498053509,48.32091568,3.518175106,66.30872361,3.500444119,32.02683793,3.499730117,63.85315512,3.512314818,28.43991493,3.502303388,36.02891689,0.498053509,35.73142981,3.501411397,32.13096049,0.49009441
1301,2265.05,30.35319795,0.498053509,48.32576017,3.518175106,66.58732148,3.500444119,31.73936959,3.499730117,64.09719456,3.512314818,28.11654639,3.502303388,35.78525697,0.498053509,35.49201685,3.501411397,31.85643653,0.49009441
1302,2265.1,30.0423851,0.498053509,48.33059714,3.518175106,66.86809227,3.500444119,31.45012198,3.499730117,64.34340694,3.512314818,27.79100493,3.502303388,35.53942411,0.498053509,35.25043097,3.501411397,31.57973965,0.49009441
1303,2265.15,29.72939933,0.498053509,48.33375127,3.518175106,67.15103599,3.500444119,31.15988238,3.499730117,64.59179224,3.512314818,27.46329053,3.502303388,35.29141833,0.498053509,35.00667217,3.501411397,31.30086984,0.49009441
1304,2265.2,29.41424062,0.498053509,48.33534103,3.518175106,67.43615264,3.500444119,30.86746986,3.499730117,64.84235047,3.512314818,27.13340321,3.502303388,35.04123961,0.498053509,34.76074043,3.501411397,31.01982709,0.49009441
1305,2265.25,29.09690898,0.498053509,48.33741702,3.518175106,67.72344222,3.500444119,30.5728844,3.499730117,65.09508162,3.512314818,26.80134296,3.502303388,34.78888797,0.498053509,34.51263576,3.501411397,30.73661142,0.49009441
1306,2265.3,28.77740442,0.498053509,48.34071098,3.518175106,68.01290473,3.500444119,30.27612602,3.499730117,65.34998571,3.512314818,26.46710977,3.502303388,34.5343634,0.498053509,34.26235817,3.501411397,30.45122283,0.49009441
1307,2265.35,28.45572693,0.498053509,48.34549898,3.518175106,68.30454017,3.500444119,29.97726452,3.499730117,65.60706273,3.512314818,26.13070367,3.502303388,34.2776659,0.498053509,34.00990765,3.501411397,30.1636613,0.49009441
1308,2265.4,28.13187651,0.498053509,48.35112792,3.518175106,68.59834853,3.500444119,29.67643954,3.499730117,65.86631267,3.512314818,25.79212463,3.502303388,34.01879547,0.498053509,33.7552842,3.501411397,29.87392684,0.49009441
1309,2265.45,27.80585316,0.498053509,48.35487539,3.518175106,68.89432983,3.500444119,29.37344163,3.499730117,66.12773554,3.512314818,25.45137266,3.502303388,33.75775212,0.498053509,33.49848782,3.501411397,29.58201946,0.49009441
1310,2265.5,27.47765688,0.498053509,48.35707638,3.518175106,69.19248405,3.500444119,29.0682708,3.499730117,66.39133134,3.512314818,25.10844777,3.502303388,33.49453583,0.498053509,33.23951851,3.501411397,29.28793915,0.49009441
1311,2265.55,27.14728767,0.498053509,48.35777333,3.518175106,69.4928112,3.500444119,28.76105647,3.499730117,66.65710007,3.512314818,24.76334994,3.502303388,33.22914662,0.498053509,32.97837627,3.501411397,28.99168591,0.49009441
1312,2265.6,26.81474554,0.498053509,48.35892938,3.518175106,69.79531128,3.500444119,28.45205752,3.499730117,66.92504173,3.512314818,24.41607919,3.502303388,32.96158448,0.498053509,32.71506111,3.501411397,28.69325974,0.49009441
1313,2265.65,26.48003047,0.498053509,48.36019021,3.518175106,70.09998428,3.500444119,28.14088565,3.499730117,67.19515632,3.512314818,24.06663551,3.502303388,32.69184941,0.498053509,32.44957302,3.501411397,28.39266064,0.49009441
1314,2265.7,48.99945677,0.999456768,49.00034708,2.000543232,49.00054323,3.000543232,49.99945677,1.000543232,50.00054323,2.000543232,49.99945677,3.000543232,50.99945677,0.999456768,50.99945677,2.000543232,50.99945677,2.999456768
1315,2265.75,48.99674061,0.996740607,49.00128927,2.003259393,49.00325939,3.003259393,49.99674061,1.003259393,50.00325939,2.003259393,49.99674061,3.003259393,50.99674061,0.996740607,50.99674061,2.003259393,50.99674061,2.996740607
1316,2265.8,48.99185152,0.991851518,49.00079896,2.008148482,49.00814848,3.008148482,49.99185152,1.008148482,50.00814848,2.008148482,49.99185152,3.008148482,50.99185152,0.991851518,50.99185152,2.008148482,50.99185152,2.991851518
1317,2265.85,48.9847895,0.9847895,48.99966489,2.0152105,49.0152105,3.0152105,49.9847895,1.0152105,50.0152105,2.0152105,49.9847895,3.0152105,50.9847895,0.9847895,50.9847895,2.0152105,50.9847895,2.9847895
1318,2265.9,48.97555455,0.975554554,48.99690308,2.024445446,49.02444545,3.024445446,49.97555455,1.024445446,50.02444545,2.024445446,49.97555455,3.024445446,50.97555455,0.975554554,50.97555455,2.024445446,50.97555455,2.975554554
1319,2265.95,48.96414668,0.964146679,48.99242038,2.035853321,49.03585332,3.035853321,49.96414668,1.035853321,50.03585332,2.035853321,49.96414668,3.035853321,50.96414668,0.964146679,50.96414668,2.035853321,50.96414668,2.964146679
1320,2266,48.95056588,0.950565876,48.98768879,2.049434124,49.04943412,3.049434124,49.95080143,1.049434124,50.04943412,2.049434124,49.95056588,3.049341233,50.95056588,0.950565876,50.95056588,2.049434124,50.95056588,2.950565876
1321,2266.05,48.93481214,0.934812144,48.98340772,2.065187856,49.06518786,3.065187856,49.93598993,1.065187856,50.06518786,2.065187856,49.93481214,3.064723402,50.93481214,0.934812144,50.93481214,2.065187856,50.93481214,2.934812144
1322,2266.1,48.91688548,0.916885484,48.97990829,2.083114516,49.08311452,3.083114516,49.91900549,1.083114516,50.08311452,2.083114516,49.91688548,3.082227117,50.91688548,0.916885484,50.91688548,2.083114516,50.91688548,2.916885484
1323,2266.15,48.89678589,0.896785895,48.97499053,2.103214105,49.10321411,3.103214105,49.89984813,1.103214105,50.10321411,2.103214105,49.89678589,3.101749611,50.89678589,0.896785895,50.89678589,2.103214105,50.89678589,2.896785895
1324,2266.2,48.87451338,0.874513377,48.96855311,2.125486623,49.12548662,3.125486623,49.87851784,1.125486623,50.12548662,2.125486623,49.87451338,3.123445033,50.87451338,0.874513377,50.87451338,2.125486623,50.87451338,2.874513377
1325,2266.25,48.85006793,0.850067931,48.96147129,2.149932069,49.14993207,3.149932069,49.85501462,1.149932069,50.14993207,2.149932069,49.85006793,3.147313385,50.85006793,0.850067931,50.85006793,2.149932069,50.85006793,2.850067931
1326,2266.3,48.82344956,0.823449557,48.95557966,2.176550443,49.17599498,3.175994977,49.82933847,1.176550443,50.175997,2.175997003,49.82291957,3.172824679,50.82344956,0.823449557,50.82236369,2.17546458,50.8229185,2.822918498
1327,2266.35,48.79465825,0.794658254,48.94851194,2.205341746,49.2020075,3.202007497,49.8014894,1.205341746,50.20201982,2.202019818,49.79148,3.198390624,50.79465825,0.794658254,50.78814155,2.198825045,50.79147748,2.791477479
1328,2266.4,48.76369402,0.763694022,48.94148418,2.236305978,49.22796354,3.227963542,49.77146739,1.236305978,50.22799303,2.227993027,49.75575623,3.224018218,50.76369402,0.763694022,50.74739562,2.220007575,50.75577069,2.755770685
1329,2266.45,48.73055686,0.730556862,48.93383784,2.269443138,49.25386168,3.25386168,49.73927246,1.269443138,50.25389888,2.253898883,49.71575685,3.249537396,50.73055686,0.730556862,50.70012147,2.239007744,50.71507117,2.715071165
1330,2266.5,48.69524677,0.695246773,48.92802183,2.304753227,49.27970435,3.279704348,49.70504975,1.304753227,50.27893685,2.278936849,49.67149362,3.274602605,50.69524677,0.695246773,50.64631953,2.255825981,50.66713498,2.667134977
1331,2266.55,48.65776376,0.657763756,48.92302522,2.342236244,49.30546047,3.305460473,49.66911206,1.342236244,50.30075103,2.300751033,49.6229851,3.299768372,50.65776376,0.657763756,50.58600067,2.270473161,50.61204348,2.612043482
1332,2266.6,48.61810781,0.618107811,48.91922444,2.381892189,49.33110915,3.331109152,49.63106889,1.381892189,50.31927063,2.319270626,49.57025945,3.325062869,50.61810781,0.618107811,50.5191965,2.282980881,50.5499109,2.549910901
1333,2266.65,48.57627894,0.576278936,48.916951,2.423721064,49.35661875,3.356618749,49.59085278,1.423721064,50.334392,2.334392003,49.51336395,3.350533368,50.57627894,0.576278936,50.44599957,2.293441694,50.48091698,2.480916977
1334,2266.7,48.53227713,0.532277134,48.91402653,2.467722866,49.38193326,3.381933257,49.54846376,1.467722866,50.34594108,2.34594108,49.45240223,3.376283518,50.53227713,0.532277134,50.36677244,2.302218174,50.40539556,2.405395556
1335,2266.75,48.4861024,0.498053509,48.91005873,2.513897598,49.40691288,3.406912879,49.5039018,1.513897598,50.35374662,2.353746617,49.38805738,3.40299638,50.4861024,0.498053509,50.28295723,2.310752423,50.32412895,2.324128951
1336,2266.8,48.43775474,0.498053509,48.90660007,2.562245257,49.43225315,3.432253151,49.45716691,1.562245257,50.36029366,2.360293665,49.32247399,3.432816564,50.43775474,0.498053509,50.19701765,2.321508169,50.24033378,2.240333782
1337,2266.85,48.38723415,0.498053509,48.90513785,2.612765846,49.4609739,3.460973901,49.4082591,1.612765846,50.37299906,2.372999056,49.25720614,3.467000371,50.38723415,0.498053509,50.10986095,2.335392646,50.16035926,2.160359257
1338,2266.9,48.33454064,0.498053509,48.90502716,2.665459363,49.49392756,3.493927558,49.35717835,1.665459363,50.39255697,2.392556973,49.19206075,3.494491806,50.33454064,0.498053509,50.02331703,2.354235758,50.08425611,2.08425611
1339,2266.95,48.27967419,0.498053509,48.90574052,2.720325808,49.53113734,3.50296203,49.30392468,1.720325808,50.41915948,2.41915948,49.12697878,3.495590507,50.27967419,0.498053509,49.9380878,2.378739412,50.01187588,2.011875883
1340,2267,48.22263482,0.498053509,48.90720714,2.777365182,49.57263977,3.50296203,49.24849808,1.777365182,50.45288717,2.452887171,49.06193936,3.498886612,50.22263482,0.498053509,49.85442586,2.409156227,49.94312564,1.943125638
1341,2267.05,48.16342252,0.498053509,48.91084307,2.836577485,49.61845533,3.50296203,49.19089855,1.836577485,50.4930132,2.493013201,48.9962914,3.499346988,50.16342252,0.498053509,49.77244794,2.445602908,49.87718128,1.877181279
1342,2267.1,48.10203728,0.498053509,48.91683168,2.898430801,49.6686012,3.50296203,49.1311261,1.897962716,50.53676738,2.536767379,48.92766013,3.499788791,50.10203728,0.498053509,49.69162602,2.487551451,49.81170215,1.811702148
1343,2267.15,48.03847912,0.498053509,48.92606,2.964398067,49.72254055,3.50296203,49.06918071,1.961520875,50.58269448,2.582694485,48.85466054,3.499747752,50.03847912,0.498053509,49.60982377,2.53286552,49.74601227,1.746012273
1344,2267.2,47.97274804,0.498053509,48.93914564,3.034768547,49.77865284,3.50296203,49.0050624,2.027251963,50.63079452,2.63079452,48.77746401,3.499855627,49.97274804,0.498053509,49.52584859,2.580352519,49.67814947,1.678149469
1345,2267.25,47.90484402,0.498053509,48.95529916,3.109876874,49.83693805,3.50296203,48.93877115,2.09515598,50.68106748,2.681067483,48.69620419,3.500047152,49.90484402,0.498053509,49.43970049,2.630012445,49.60811374,1.608113737
1346,2267.3,47.83476708,0.498053509,48.97433285,3.190034526,49.8973962,3.50296203,48.87030698,2.165232925,50.73351337,2.733513374,48.61087993,3.499923338,49.83476708,0.498053509,49.35205525,2.682521096,49.53590508,1.535905077
1347,2267.35,47.7625172,0.498053509,48.99491948,3.274582329,49.96002727,3.50296203,48.79966988,2.237482799,50.78813219,2.788132195,48.52160991,3.499551894,49.7625172,0.498053509,49.26450319,2.739468791,49.46152349,1.461523488
1348,2267.4,47.6880944,0.498053509,49.01691145,3.361082713,50.02483127,3.50296203,48.72683131,2.311877054,50.84492394,2.844923943,48.43071315,3.499956414,49.6880944,0.498053509,49.1760387,2.7998499,49.38496897,1.38496897
1349,2267.45,47.61149867,0.498053509,49.03890292,3.44966663,50.09180819,3.50296203,48.65170426,2.388328693,50.90388862,2.903888621,48.33728597,3.500360933,49.61149867,0.498053509,49.08758691,2.864589576,49.30624152,1.306241524
1350,2267.5,47.53273001,0.498053509,49.06055605,3.517247853,50.16095805,3.50296203,48.57428338,2.466832356,50.96502623,2.965026227,48.24186181,3.500360933,49.53273001,0.498053509,48.99919637,2.933736349,49.22534115,1.225341149
1351,2267.55,47.45178842,0.498053509,49.07998291,3.517247853,50.23228084,3.50296203,48.49456361,2.547382996,51.02833676,3.028336761,48.14426472,3.500360933,49.45178842,0.498053509,48.91089065,3.007313808,49.14226785,1.142267846
1352,2267.6,47.36867391,0.498053509,49.0971528,3.517247853,50.30577655,3.50296203,48.41254035,2.629975992,51.09382022,3.093820224,48.04449471,3.500360933,49.36838122,0.498053509,48.82249543,3.085147623,49.05729643,1.057296434
1353,2267.65,47.28338646,0.498053509,49.113054,3.517247853,50.38144519,3.50296203,48.32820949,2.714607245,51.16147662,3.161476615,47.94255176,3.500360933,49.28166804,0.498053509,48.73391112,3.167138199,48.97120928,0.971209285
1354,2267.7,47.19592609,0.498053509,49.1289682,3.517247853,50.45928676,3.50296203,48.24156749,2.801273225,51.23130594,3.231305935,47.83843589,3.500360933,49.19180954,0.498053509,48.64516542,3.253313246,48.88382571,0.883825714
1355,2267.75,47.10629278,0.498053509,49.14571272,3.517247853,50.53930126,3.50296203,48.15261146,2.889971019,51.30330818,3.303308184,47.73214709,3.500360933,49.09901152,0.498053509,48.55592328,3.343337707,48.79490813,0.794908129
1356,2267.8,47.01448655,0.498053509,49.16275233,3.517247853,50.62148869,3.50296203,48.06209213,2.981451378,51.37748336,3.377483361,47.62292556,3.500360933,49.00355212,0.498053509,48.46464899,3.435675876,48.70412653,0.704126533
1357,2267.85,46.9205074,0.498053509,49.17946308,3.517247853,50.70584905,3.50296203,47.97227876,3.077983552,51.45383147,3.453831466,47.50848362,3.500360933,48.90582777,0.498053509,48.37006261,3.505269467,48.61100063,0.611000631
1358,2267.9,46.82435531,0.498053509,49.19620273,3.517247853,50.79238233,3.50296203,47.88318358,3.179579774,51.5323525,3.512314818,47.3888047,3.500360933,48.80642124,0.498053509,48.27352754,3.505269467,48.51483176,0.514831755
1359,2267.95,46.72603029,0.498053509,49.21182585,3.517247853,50.88163903,3.50296203,47.79460675,3.286040207,51.61249593,3.512314818,47.2639534,3.500360933,48.70614463,0.498053509,48.17539416,3.505269467,48.41477826,0.49009441
1360,2268,46.62553235,0.498053509,49.2291036,3.517247853,50.97527071,3.50296203,47.70595257,3.396769134,51.69260999,3.512314818,47.13412754,3.500360933,48.60576876,0.498053509,48.0761896,3.505269467,48.31030844,0.49009441
1361,2268.05,46.52286147,0.498053509,49.24726989,3.517247853,51.0732779,3.50296203,47.61636666,3.48188097,51.77269406,3.512314818,46.99964427,3.500360933,48.50546309,0.498053509,47.97649368,3.505269467,48.20142314,0.49009441
1362,2268.1,46.41801767,0.498053509,49.26712881,3.517247853,51.17566134,3.50296203,47.52500492,3.482469123,51.85274726,3.512314818,46.86074513,3.500360933,48.40522616,0.498053509,47.87667064,3.505269467,48.08812439,0.49009441
1363,2268.15,46.31100094,0.498053509,49.2870839,3.517247853,51.28242204,3.50296203,47.43203762,3.48540932,51.93276845,3.512314818,46.71782747,3.500360933,48.30505544,0.498053509,47.77633686,3.505269467,47.97041519,0.49009441
1364,2268.2,46.20181128,0.498053509,49.30685262,3.517247853,51.3935613,3.50296203,47.33821842,3.490678727,52.01275616,3.512314818,46.57168338,3.499728827,48.20494753,0.498053509,47.674735,3.505269467,47.84829925,0.49009441
1365,2268.25,46.0904487,0.498053509,49.3267163,3.517247853,51.50908077,3.50296203,47.24176863,3.497663403,52.09270851,3.512314818,46.42171405,3.497743634,48.10489845,0.498053509,47.57305972,3.505269467,47.72178073,0.49009441
1366,2268.3,45.97691318,0.498053509,49.34616596,3.517247853,51.6289826,3.50296203,47.14102916,3.499429913,52.17262308,3.512314818,46.26957179,3.497534342,48.00490394,0.498053509,47.4713433,3.505269467,47.59086397,0.49009441
1367,2268.35,45.86120474,0.498053509,49.36572885,3.517247853,51.75326954,3.50296203,47.03597736,3.499471842,52.25249673,3.512314818,46.11525661,3.498274531,47.90495963,0.498053509,47.36959347,3.505269467,47.4555533,0.49009441
1368,2268.4,45.74332336,0.498053509,49.38505114,3.517247853,51.88194518,3.50296203,46.92661284,3.499546914,52.3323253,3.512314818,45.95876849,3.499979127,47.80506126,0.498053509,47.26781091,3.505269467,47.31585289,0.49009441
1369,2268.45,45.62326906,0.498053509,49.40632927,3.517247853,52.01501435,3.50296203,46.81293468,3.499654196,52.41210313,3.512314818,45.80010745,3.499979127,47.70520479,0.498053509,47.16599678,3.505269467,47.17176665,0.49009441
1370,2268.5,45.50104183,0.498053509,49.42863141,3.517247853,52.15248375,3.50296203,46.69494146,3.499792274,52.49182218,3.512314818,45.63927348,3.499979127,47.60538644,0.498053509,47.06415272,3.505269467,47.0232982,0.49009441
1371,2268.55,45.37664167,0.498053509,49.45091005,3.517247853,52.29436323,3.50296203,46.57263136,3.499959341,52.57147018,3.512314818,45.47626658,3.499924406,47.50560276,0.498053509,46.96228069,3.505269467,46.87045084,0.49009441
1372,2268.6,45.25006859,0.498053509,49.47325092,3.517247853,52.44066848,3.50296203,46.44600236,3.500006255,52.65102634,3.512314818,45.31108675,3.499760245,47.4058506,0.498053509,46.86038272,3.505269467,46.71322754,0.49009441
1373,2268.65,45.12132257,0.498053509,49.49694497,3.517247853,52.59142843,3.50296203,46.31505256,3.500006255,52.73044719,3.512314818,45.14373399,3.499760245,47.30612713,0.498053509,46.7584604,3.505269467,46.55163101,0.49009441
1374,2268.7,44.99040363,0.498053509,49.52034207,3.517247853,52.74671757,3.50296203,46.17978053,3.500006255,52.80955949,3.512314818,44.97420831,3.499760245,47.20588049,0.498053509,46.6565152,3.505269467,46.38621269,0.49009441
1375,2268.75,44.85731176,0.498053509,49.54525674,3.517247853,52.90582877,3.50296203,46.0401848,3.500006255,52.88917416,3.512314818,44.80250969,3.499760245,47.10346091,0.498053509,46.55454858,3.505269467,46.21862145,0.49009441
1376,2268.8,44.72204695,0.498053509,49.56990239,3.517247853,53.06600777,3.50296203,45.89626389,3.500006255,52.9728104,3.512314818,44.62863815,3.499760245,46.99886841,0.498053509,46.45256199,3.505269467,46.04885727,0.49009441
1377,2268.85,44.58460922,0.498053509,49.59437437,3.517247853,53.22638125,3.50296203,45.74801639,3.500006255,53.06065175,3.512314818,44.45259368,3.499946723,46.89210298,0.498053509,46.35055682,3.505269467,45.87692017,0.49009441
1378,2268.9,44.44499857,0.498053509,49.61903514,3.517247853,53.38686592,3.50296203,45.59544094,3.500006255,53.1527465,3.512314818,44.27437628,3.500133201,46.78316462,0.498053509,46.24799525,3.505269467,45.70281014,0.49009441
1379,2268.95,44.30321498,0.498053509,49.64539439,3.517247853,53.54743008,3.50296203,45.43907556,3.500006255,53.24911711,3.512314818,44.09398595,3.500133201,46.67205334,0.498053509,46.14326074,3.505269467,45.52652718,0.49009441
1380,2269,44.15925846,0.498053509,49.67333289,3.517247853,53.70805701,3.50296203,45.28053725,3.500006255,53.34977652,3.512314818,43.9114227,3.500133201,46.55876912,0.498053509,46.03635331,3.505269467,45.34807129,0.49009441
1381,2269.05,44.01312902,0.498053509,49.70289538,3.517247853,53.86873638,3.50296203,45.11982601,3.500006255,53.45473314,3.512314818,43.72668651,3.500133201,46.44331198,0.498053509,45.92727295,3.505269467,45.16744248,0.49009441
1382,2269.1,43.86482665,0.498053509,49.73298398,3.517247853,54.02946124,3.50296203,44.95694184,3.500006255,53.5639928,3.512314818,43.5397774,3.500133201,46.3256819,0.498053509,45.81601966,3.505269467,44.98464073,0.49009441
1383,2269.15,43.71435135,0.498053509,49.76455084,3.517247853,54.1902266,3.50296203,44.79188474,3.500006255,53.67755981,3.512314818,43.35069535,3.500133201,46.2058789,0.498053509,45.70259344,3.505269467,44.79966606,0.49009441
1384,2269.2,43.56170312,0.498053509,49.7957049,3.517247853,54.35102876,3.50296203,44.62465472,3.500006255,53.79543739,3.512314818,43.15944038,3.500133201,46.08390297,0.498053509,45.5869943,3.505269467,44.61251846,0.49009441
1385,2269.25,43.40688196,0.498053509,49.8269249,3.517247853,54.51186486,3.50296203,44.45525177,3.500006255,53.91762807,3.512314818,42.96601248,3.500133201,45.95975411,0.498053509,45.46922222,3.505269467,44.42319793,0.49009441
1386,2269.3,43.24988787,0.498053509,49.85782456,3.517247853,54.67273269,3.50296203,44.28367589,3.500006255,54.04413381,3.512314818,42.77041166,3.500133201,45.83343233,0.498053509,45.34927722,3.505269467,44.23170447,0.49009441
1387,2269.35,43.09072086,0.498053509,49.88814441,3.517247853,54.83416649,3.50296203,44.10992708,3.500006255,54.17442001,3.512314818,42.5726379,3.500133201,45.70493761,0.498053509,45.22715929,3.505269467,44.03803808,0.49009441
1388,2269.4,42.92938092,0.498053509,49.91748159,3.517247853,54.99777322,3.50296203,43.93400534,3.500006255,54.30687914,3.512314818,42.37269122,3.500133201,45.57426997,0.498053509,45.10286843,3.505269467,43.84219877,0.49009441
1389,2269.45,42.76586804,0.498053509,49.9453699,3.517247853,55.16355288,3.50296203,43.75591067,3.500006255,54.4415112,3.512314818,42.1705716,3.500133201,45.4414294,0.498053509,44.97640464,3.505269467,43.64418652,0.49009441
1390,2269.5,42.60018224,0.498053509,49.97432276,3.517247853,55.33150547,3.50296203,43.57564308,3.500006255,54.57831619,3.512314818,41.96627906,3.500133201,45.30641589,0.498053509,44.84776792,3.505269467,43.44400135,0.49009441
1391,2269.55,42.43232351,0.498053509,50.00538496,3.517247853,55.50163098,3.50296203,43.39320255,3.500006255,54.71729411,3.512314818,41.75981359,3.500133201,45.16922947,0.498053509,44.71695827,3.505269467,43.24164325,0.49009441
1392,2269.6,42.26229186,0.498053509,50.03855354,3.517247853,55.67392943,3.50296203,43.2085891,3.500006255,54.85844496,3.512314818,41.55117519,3.500133201,45.02987011,0.498053509,44.5839757,3.505269467,43.03711222,0.49009441
1393,2269.65,42.09008727,0.498053509,50.0735245,3.517247853,55.8484008,3.50296203,43.02180272,3.500006255,55.00176873,3.512314818,41.34036386,3.500133201,44.88833782,0.498053509,44.4488202,3.505269467,42.83040826,0.49009441
1394,2269.7,41.91570976,0.498053509,50.10956012,3.517247853,56.0250451,3.50296203,42.83284341,3.500006255,55.14726544,3.512314818,41.12737961,3.500133201,44.74463261,0.498053509,44.31149177,3.505269467,42.62153137,0.49009441
1395,2269.75,41.73915931,0.498053509,50.14598186,3.517247853,56.20386234,3.50296203,42.64171117,3.500006255,55.29493507,3.512314818,40.91222242,3.500133201,44.59875446,0.498053509,44.17199041,3.505269467,42.41048156,0.49009441
1396,2269.8,41.56043594,0.498053509,50.18457652,3.517247853,56.38485249,3.50296203,42.44840601,3.500006255,55.44477763,3.512314818,40.69489231,3.500133201,44.45070339,0.498053509,44.03031612,3.505269467,42.19725881,0.49009441
1397,2269.85,41.37953964,0.498053509,50.22523882,3.517247853,56.56801558,3.50296203,42.25292791,3.500006255,55.59679312,3.512314818,40.47538927,3.500133201,44.30047939,0.498053509,43.8864689,3.505269467,41.98186314,0.49009441
1398,2269.9,41.19593345,0.498053509,50.26766762,3.517247853,56.7533516,3.50296203,42.05527689,3.500006255,55.75098154,3.512314818,40.2537133,3.500133201,44.14808246,0.498053509,43.74044875,3.505269467,41.76483135,0.49009441
1399,2269.95,41.00800677,0.498053509,50.31189606,3.517247853,56.94086054,3.50296203,41.85545293,3.500006255,55.90734289,3.512314818,40.0298644,3.500133201,43.9935126,0.498053509,43.59225568,3.505269467,41.5477736,0.49009441
1400,2270,40.81576079,0.498053509,50.35768584,3.517247853,57.13054242,3.50296203,41.65374707,3.500006255,56.06587716,3.512314818,39.80384257,3.500133201,43.83676982,0.498053509,43.44188968,3.505269467,41.33068873,0.49009441
1401,2270.05,40.61919659,0.498053509,50.40468418,3.517247853,57.32239722,3.50296203,41.4507413,3.500006255,56.22658436,3.512314818,39.57564781,3.500133201,43.6778541,0.498053509,43.28935074,3.505269467,41.11357571,0.49009441
1402,2270.1,40.41831517,0.498053509,50.45371994,3.517247853,57.51642495,3.50296203,41.24556262,3.500006255,56.3894645,3.512314818,39.34528013,3.500133201,43.51676546,0.498053509,43.13463889,3.505269467,40.89643363,0.49009441
1403,2270.15,40.21311736,0.498053509,50.50471545,3.517247853,57.71262561,3.50296203,41.038211,3.500006255,56.55451756,3.512314818,39.11273952,3.500133201,43.35350389,0.498053509,42.9777541,3.505269467,40.67926171,0.49009441
1404,2270.2,40.00360384,0.498053509,50.55711779,3.517247853,57.9109992,3.50296203,40.82868645,3.500006255,56.72174355,3.512314818,38.87802598,3.500133201,43.18806938,0.498053509,42.81869638,3.505269467,40.46205939,0.49009441
1405,2270.25,39.78977506,0.498053509,50.61060744,3.517247853,58.11154571,3.50296203,40.61698897,3.500006255,56.89114246,3.512314818,38.64113951,3.500133201,43.02046196,0.498053509,42.65746573,3.505269467,40.24482631,0.49009441
1406,2270.3,39.57163128,0.498053509,50.66406536,3.517247853,58.31426516,3.50296203,40.40311857,3.500006255,57.06271431,3.512314818,38.40208011,3.49987559,42.8506816,0.498053509,42.49406216,3.505269467,40.02756235,0.49009441
1407,2270.35,39.34917249,0.498053509,50.7187029,3.517247853,58.51915753,3.50296203,40.18707524,3.500006255,57.23645909,3.512314818,38.16084778,3.499388378,42.67872831,0.498053509,42.32848566,3.505269467,39.81026762,0.49009441
1408,2270.4,39.12239849,0.498053509,50.77330901,3.517247853,58.72622283,3.50296203,39.96885898,3.500006255,57.41237679,3.512314818,37.91744252,3.500245241,42.5046021,0.498053509,42.16073623,3.505269467,39.59294244,0.49009441
1409,2270.45,38.89130881,0.498053509,50.83006309,3.517247853,58.93546106,3.50296203,39.74846979,3.500006255,57.59046742,3.512314818,37.67186434,3.500245241,42.32830295,0.498053509,41.99081387,3.505269467,39.37558739,0.49009441
1410,2270.5,38.65590282,0.498053509,50.88892393,3.517247853,59.14687222,3.50296203,39.52590767,3.500006255,57.77073098,3.512314818,37.42411323,3.499924701,42.14983088,0.498053509,41.81871858,3.505269467,39.15820319,0.49009441
1411,2270.55,38.41617967,0.498053509,50.9494772,3.517247853,59.36045631,3.50296203,39.30117262,3.500006255,57.95316747,3.512314818,37.17418919,3.499185776,41.96918588,0.498053509,41.64445036,3.505269467,38.94079075,0.49009441
1412,2270.6,38.1721384,0.498053509,51.01135747,3.517247853,59.57621332,3.50296203,39.07426465,3.500006255,58.13777689,3.512314818,36.92209222,3.499853855,41.78636795,0.498053509,41.46800922,3.505269467,38.72335112,0.49009441
1413,2270.65,37.92377791,0.498053509,51.07486338,3.517247853,59.79414327,3.50296203,38.84518374,3.500006255,58.32455923,3.512314818,36.66782232,3.499853855,41.6013771,0.498053509,41.28939514,3.505269467,38.50588542,0.49009441
1414,2270.7,37.67163413,0.498053509,51.1386404,3.517247853,60.01424614,3.50296203,38.61392991,3.500006255,58.51351451,3.512314818,36.41137949,3.499853855,41.41421331,0.498053509,41.10860814,3.505269467,38.28785761,0.49009441
1415,2270.75,37.41731743,0.498053509,51.2033485,3.517247853,60.23652194,3.50296203,38.38050315,3.500006255,58.70464271,3.512314818,36.15276374,3.499853855,41.2248766,0.498053509,40.92564821,3.505269467,38.06765686,0.49009441
1416,2270.8,37.16082779,0.498053509,51.2688439,3.517247853,60.46097067,3.50296203,38.14490346,3.500006255,58.89794384,3.512314818,35.89197505,3.499853855,41.03336695,0.498053509,40.74051535,3.505269467,37.84528319,0.49009441
1417,2270.85,36.90216523,0.498053509,51.33626933,3.517247853,60.68759233,3.50296203,37.90713084,3.500006255,59.0934179,3.512314818,35.62901344,3.499853855,40.83968438,0.498053509,40.55320956,3.505269467,37.62073659,0.49009441
1418,2270.9,36.64132973,0.498053509,51.40476833,3.517247853,60.91638692,3.50296203,37.6671853,3.500006255,59.29106489,3.512314818,35.3638789,3.499853855,40.64382888,0.498053509,40.36373085,3.505269467,37.39401706,0.49009441
1419,2270.95,36.37832131,0.498053509,51.47359627,3.517247853,61.14735443,3.50296203,37.42506682,3.500006255,59.49088481,3.512314818,35.09657143,3.499853855,40.44580045,0.498053509,40.1720792,3.505269467,37.16512461,0.49009441
1420,2271,36.11313996,0.498053509,51.54240099,3.517247853,61.38049488,3.50296203,37.18077542,3.500006255,59.69287765,3.512314818,34.82709103,3.499853855,40.2455991,0.498053509,39.97825463,3.505269467,36.93405922,0.49009441
1421,2271.05,35.84578568,0.498053509,51.61277187,3.517247853,61.61580825,3.50296203,36.93431109,3.500006255,59.89704343,3.512314818,34.55543771,3.499853855,40.04322481,0.498053509,39.78225713,3.505269467,36.70082091,0.49009441
1422,2271.1,35.57625847,0.498053509,51.68277093,3.517247853,61.85329455,3.50296203,36.68567383,3.500006255,60.10338213,3.512314818,34.28161145,3.499853855,39.8386776,0.498053509,39.5840867,3.505269467,36.46540967,0.49009441
1423,2271.15,35.30455834,0.498053509,51.75266369,3.517247853,62.09295378,3.50296203,36.43506401,3.500006255,60.31189376,3.512314818,34.00561227,3.499853855,39.63195746,0.498053509,39.38374334,3.505269467,36.2278255,0.49009441
1424,2271.2,35.03068527,0.498053509,51.82427826,3.517247853,62.33478594,3.50296203,36.1828824,3.500006255,60.52257832,3.512314818,33.72744015,3.499972734,39.42306438,0.498053509,39.18122705,3.505269467,35.9880684,0.49009441
1425,2271.25,34.75463928,0.498053509,51.89766606,3.517247853,62.57879103,3.50296203,35.92852785,3.500006255,60.73543581,3.512314818,33.44709511,3.500091612,39.21199838,0.498053509,38.97653783,3.505269467,35.74613837,0.49009441
1426,2271.3,34.47642036,0.498053509,51.97319201,3.517247853,62.82496904,3.50296203,35.67200037,3.500006255,60.95046623,3.512314818,33.16457715,3.500091612,38.99875946,0.498053509,38.76967569,3.505269467,35.50203541,0.49009441
1427,2271.35,34.19602851,0.498053509,52.05047343,3.517247853,63.07331999,3.50296203,35.41329997,3.500006255,61.16766957,3.512314818,32.87988625,3.500091612,38.7833476,0.498053509,38.56064061,3.505269467,35.25575953,0.49009441
1428,2271.4,33.91346373,0.498053509,52.12898852,3.517247853,63.32384386,3.50296203,35.15242664,3.500006255,61.38704585,3.512314818,32.59302242,3.500091612,38.56576281,0.498053509,38.34943261,3.505269467,35.00731072,0.49009441
1429,2271.45,33.62872602,0.498053509,52.20888641,3.517247853,63.57654066,3.50296203,34.88938038,3.500006255,61.60859505,3.512314818,32.30398567,3.500091612,38.3460051,0.498053509,38.13605168,3.505269467,34.75668897,0.49009441
1430,2271.5,33.34181538,0.498053509,52.28858681,3.517247853,63.83141039,3.50296203,34.62416119,3.500006255,61.83231718,3.512314818,32.01277598,3.500091612,38.12407446,0.498053509,37.92049782,3.505269467,34.5038943,0.49009441
1431,2271.55,33.05273182,0.498053509,52.37015504,3.517247853,64.08845305,3.50296203,34.35676908,3.500006255,62.05821224,3.512314818,31.71939337,3.500091612,37.89997089,0.498053509,37.70277104,3.505269467,34.24892671,0.49009441
1432,2271.6,32.76147533,0.498053509,52.45231377,3.517247853,64.34766863,3.50296203,34.08720403,3.500006255,62.28628023,3.512314818,31.42383783,3.500091612,37.67369439,0.498053509,37.48287132,3.505269467,33.99178618,0.49009441
1433,2271.65,32.4680459,0.498053509,52.5346441,3.517247853,64.60905715,3.50296203,33.81546606,3.500006255,62.51652114,3.512314818,31.12610936,3.500091612,37.44524496,0.498053509,37.26079868,3.505269467,33.73247272,0.49009441
1434,2271.7,32.17244355,0.498053509,52.61914736,3.517247853,64.87261859,3.50296203,33.54155515,3.500006255,62.74893499,3.512314818,30.82620796,3.500091612,37.2146226,0.498053509,37.0365531,3.505269467,33.47098634,0.49009441
1435,2271.75,31.87466828,0.498053509,52.70520544,3.517247853,65.13835296,3.50296203,33.26547132,3.500006255,62.98352176,3.512314818,30.52413364,3.500091612,36.98182732,0.498053509,36.8101346,3.505269467,33.20732702,0.49009441
1436,2271.8,31.57472007,0.498053509,52.79081641,3.517247853,65.40626026,3.50296203,32.98721456,3.500006255,63.22028147,3.512314818,30.21988638,3.500091612,36.74685911,0.498053509,36.58154317,3.505269467,32.94149478,0.49009441
1437,2271.85,31.27259893,0.498053509,52.87630324,3.517247853,65.67634049,3.50296203,32.70678487,3.500006255,63.4592141,3.512314818,29.9134662,3.500091612,36.50971796,0.498053509,36.35077881,3.505269467,32.67348961,0.49009441
1438,2271.9,30.96830487,0.498053509,52.96370201,3.517247853,65.94859365,3.50296203,32.42418226,3.500006255,63.70031966,3.512314818,29.60487309,3.500091612,36.27040389,0.498053509,36.11784153,3.505269467,32.40331151,0.49009441
1439,2271.95,30.66183788,0.498053509,53.05228657,3.517247853,66.22301974,3.50296203,32.13940671,3.500006255,63.94359814,3.512314818,29.29410705,3.500091612,36.02891689,0.498053509,35.88273131,3.505269467,32.13096049,0.49009441
1440,2272,30.35319795,0.498053509,53.1422104,3.517247853,66.49961875,3.50296203,31.85245824,3.500006255,64.18904956,3.512314818,28.98116808,3.500091612,35.78525697,0.498053509,35.64544817,3.505269467,31.85643653,0.49009441
1441,2272.05,30.0423851,0.498053509,53.23364412,3.517247853,66.77839069,3.50296203,31.56333684,3.500006255,64.4366739,3.512314818,28.66605618,3.500091612,35.53942411,0.498053509,35.40599209,3.505269467,31.57973965,0.49009441
1442,2272.1,29.72939933,0.498053509,53.32683018,3.517247853,67.05933557,3.50296203,31.27204251,3.500006255,64.68647118,3.512314818,28.34877136,3.500091612,35.29141833,0.498053509,35.16436309,3.505269467,31.30086984,0.49009441
1443,2272.15,29.41424062,0.498053509,53.42092739,3.517247853,67.34245337,3.50296203,30.97883054,3.500006255,64.93844138,3.512314818,28.0293136,3.500091612,35.04123961,0.498053509,34.92056116,3.505269467,31.01982709,0.49009441
1444,2272.2,29.09690898,0.498053509,53.51680644,3.517247853,67.6277441,3.50296203,30.68421153,3.500006255,65.19258451,3.512314818,27.70768292,3.500091612,34.78888797,0.498053509,34.67458631,3.505269467,30.73661142,0.49009441
1445,2272.25,28.77740442,0.498053509,53.61329869,3.517247853,67.91520775,3.50296203,30.38741959,3.500006255,65.44890057,3.512314818,27.38387931,3.500091612,34.5343634,0.498053509,34.42643852,3.505269467,30.45122283,0.49009441
1446,2272.3,28.45572693,0.498053509,53.71058279,3.517247853,68.20484434,3.50296203,30.08845472,3.500006255,65.70738956,3.512314818,27.05790277,3.500091612,34.2776659,0.498053509,34.1761178,3.505269467,30.1636613,0.49009441
1447,2272.35,28.13187651,0.498053509,53.80846474,3.517247853,68.49665385,3.50296203,29.78731692,3.500006255,65.96805147,3.512314818,26.7297533,3.500091612,34.01879547,0.498053509,33.92362416,3.505269467,29.87392684,0.49009441
1448,2272.4,27.80585316,0.498053509,53.90512608,3.517247853,68.7906363,3.50296203,29.48400619,3.500006255,66.23088632,3.512314818,26.39943091,3.500091612,33.75775212,0.498053509,33.66895759,3.505269467,29.58201946,0.49009441
1449,2272.45,27.47765688,0.498053509,54.0019673,3.517247853,69.08679167,3.50296203,29.17852253,3.500006255,66.49589409,3.512314818,26.06693558,3.500091612,33.49453583,0.498053509,33.41211809,3.505269467,29.28793915,0.49009441
1450,2272.5,27.14728767,0.498053509,54.10062057,3.517247853,69.38511997,3.50296203,28.87086595,3.500006255,66.76307479,3.512314818,25.73226733,3.500091612,33.22914662,0.498053509,33.15310566,3.505269467,28.99168591,0.49009441
1451,2272.55,26.81474554,0.498053509,54.19976829,3.517247853,69.6856212,3.50296203,28.56103644,3.500006255,67.03242842,3.512314818,25.39542614,3.500091612,32.96158448,0.498053509,32.8919203,3.505269467,28.69325974,0.49009441
1452,2272.6,26.48003047,0.498053509,54.29893197,3.517247853,69.98829535,3.50296203,28.249034,3.500006255,67.30395498,3.512314818,25.05641203,3.500091612,32.69184941,0.498053509,32.62856201,3.505269467,28.39266064,0.49009441
1453,2272.65,26.14314248,0.498053509,54.39854924,3.517247853,70.29314244,3.50296203,27.93485863,3.500006255,67.57765447,3.512314818,24.71522499,3.500091612,32.41994141,0.498053509,32.3630308,3.505269467,28.08988861,0.49009441
1454,2272.7,48.99945677,0.999456768,49.00052642,2.000543232,49.00054323,3.000543232,49.99945677,1.000543232,50.00054323,2.000543232,49.99945677,2.999456768,50.99945677,0.999456768,50.99945677,2.000543232,50.99945677,2.999456768
1455,2272.75,48.99674061,0.996740607,49.00317535,2.003259393,49.00325939,3.003259393,49.99674061,1.003259393,50.00325939,2.003259393,49.99674061,2.997827071,50.99674061,0.996740607,50.99674061,2.003259393,50.99674061,2.996740607
1456,2272.8,48.99185152,0.991851518,49.00769856,2.008148482,49.00814848,3.008148482,49.99185152,1.008148482,50.00814848,2.008148482,49.99185152,2.998370304,50.99185152,0.991851518,50.99185152,2.008148482,50.99185152,2.991851518
1457,2272.85,48.9847895,0.9847895,49.01349871,2.0152105,49.0152105,3.0152105,49.9847895,1.0152105,50.0152105,2.0152105,49.9847895,3.001086464,50.9847895,0.9847895,50.9847895,2.0152105,50.9847895,2.9847895
1458,2272.9,48.97555455,0.975554554,49.02083884,2.024445446,49.02444545,3.024445446,49.97555455,1.024445446,50.02444545,2.024445446,49.97555455,3.005975553,50.97555455,0.975554554,50.97555455,2.024445446,50.97555455,2.975554554
1459,2272.95,48.96414668,0.964146679,49.02814966,2.035853321,49.03585332,3.035853321,49.96469705,1.035853321,50.03585332,2.035853321,49.96414668,3.01295262,50.96414668,0.964146679,50.96414668,2.035853321,50.96414668,2.964146679
1460,2273,48.95056588,0.950565876,49.03664018,2.049434124,49.04943412,3.049434124,49.95331771,1.049434124,50.04943412,2.049434124,49.95056588,3.021847762,50.95056588,0.950565876,50.95056588,2.049434124,50.95056588,2.950565876
1461,2273.05,48.93481214,0.934812144,49.04705445,2.065187856,49.06518786,3.065187856,49.93976544,1.065187856,50.06518786,2.065187856,49.93481214,3.032915833,50.93481214,0.934812144,50.93481214,2.065187856,50.93481214,2.934812144
1462,2273.1,48.91688548,0.916885484,49.05949885,2.083114516,49.08311452,3.083114516,49.92404024,1.083114516,50.08311452,2.083114516,49.91688548,3.046156832,50.91688548,0.916885484,50.91688548,2.083114516,50.91688548,2.916885484
1463,2273.15,48.89678589,0.896785895,49.07368775,2.103214105,49.10321411,3.103214105,49.90614212,1.103214105,50.10321411,2.103214105,49.89678589,3.061570759,50.89678589,0.896785895,50.89678589,2.103214105,50.89678589,2.896785895
1464,2273.2,48.87451338,0.874513377,49.09004958,2.125486623,49.12548662,3.125486623,49.88607106,1.125486623,50.12548662,2.125486623,49.87451338,3.079157616,50.87451338,0.874513377,50.87451338,2.125486623,50.87451338,2.874513377
1465,2273.25,48.85006793,0.850067931,49.10757144,2.149932069,49.14993207,3.149932069,49.86382708,1.149932069,50.14993207,2.149932069,49.85006793,3.0989174,50.85006793,0.850067931,50.85006793,2.149932069,50.85006793,2.850067931
1466,2273.3,48.82344956,0.823449557,49.12422755,2.176550443,49.17595913,3.175959134,49.83941017,1.176550443,50.175997,2.175997003,49.82296329,3.120363845,50.82344956,0.823449557,50.82236369,2.17546458,50.8229185,2.822918498
1467,2273.35,48.79465825,0.794658254,49.14253362,2.205341746,49.20190349,3.201903493,49.81282033,1.205341746,50.20201982,2.202019818,49.79175032,3.140961359,50.79465825,0.794658254,50.78814155,2.198825045,50.79147748,2.791477479
1468,2273.4,48.76369402,0.763694022,49.16144371,2.236305978,49.22796771,3.227967707,49.78405756,1.236305978,50.22799303,2.227993027,49.75647388,3.158581857,50.76369402,0.763694022,50.74739562,2.220007575,50.75577069,2.755770685
1469,2273.45,48.73055686,0.730556862,49.18252673,2.269443138,49.25375891,3.253758911,49.75312186,1.269443138,50.25389888,2.253898883,49.71720272,3.176553505,50.73055686,0.730556862,50.70012147,2.239007744,50.71507117,2.715071165
1470,2273.5,48.69524677,0.695246773,49.20578267,2.304753227,49.27921769,3.279217692,49.72001324,1.304753227,50.27893685,2.278936849,49.67402925,3.194968694,50.69524677,0.695246773,50.64631953,2.255825981,50.66713498,2.667134977
1471,2273.55,48.65776376,0.657763756,49.23036692,2.342236244,49.30444599,3.304445991,49.68473169,1.342236244,50.30075103,2.300751033,49.62707822,3.2132443,50.65776376,0.657763756,50.58600067,2.270473161,50.61204348,2.612043482
1472,2273.6,48.61810781,0.618107811,49.25381049,2.381892189,49.32970101,3.329701006,49.6472772,1.381892189,50.31927063,2.319270626,49.57653602,3.230150973,50.61810781,0.618107811,50.5191965,2.282980881,50.5499109,2.549910901
1473,2273.65,48.57627894,0.576278936,49.27667968,2.423721064,49.35434145,3.354341454,49.60764979,1.423721064,50.334392,2.334392003,49.52271506,3.248124749,50.57627894,0.576278936,50.44599957,2.293441694,50.48091698,2.480916977
1474,2273.7,48.53227713,0.532277134,49.30049736,2.467722866,49.37822093,3.378220926,49.56584945,1.467722866,50.34594108,2.34594108,49.46615853,3.267708797,50.53227713,0.532277134,50.36677244,2.302218174,50.40539556,2.405395556
1475,2273.75,48.4861024,0.498053509,49.32648797,2.513897598,49.4013767,3.4013767,49.52187619,1.513897598,50.35374662,2.353746617,49.40783923,3.289716914,50.4861024,0.498053509,50.28295723,2.310752423,50.32412895,2.324128951
1476,2273.8,48.43775474,0.498053509,49.35383632,2.562245257,49.42434356,3.424343564,49.47572999,1.562245257,50.36029366,2.360293665,49.34915725,3.315231136,50.43775474,0.498053509,50.19701765,2.321508169,50.24033378,2.240333782
1477,2273.85,48.38723415,0.498053509,49.38040046,2.612765846,49.4477972,3.447797199,49.42741087,1.612765846,50.37299906,2.372999056,49.29116807,3.345784007,50.38723415,0.498053509,50.10986095,2.335392646,50.16035926,2.160359257
1478,2273.9,48.33454064,0.498053509,49.40666099,2.665459363,49.47319699,3.473196986,49.37691881,1.665459363,50.39255697,2.392556973,49.23404198,3.381545826,50.33454064,0.498053509,50.02331703,2.354235758,50.08425611,2.08425611
1479,2273.95,48.27967419,0.498053509,49.43122376,2.71958639,49.50149838,3.493796254,49.32425383,1.720325808,50.41915948,2.41915948,49.17762288,3.422360493,50.27967419,0.498053509,49.93818261,2.378834223,50.01187576,2.011875765
1480,2274,48.22263482,0.498053509,49.45382666,2.772908147,49.53326979,3.494759139,49.26941592,1.777365182,50.45288727,2.452887271,49.12168165,3.467998892,50.22263482,0.498053509,49.85502095,2.409751313,49.94312443,1.943124432
1481,2274.05,48.16342252,0.498053509,49.47543943,2.82594884,49.56837851,3.499059334,49.21251707,1.836577485,50.49301421,2.493014213,49.06594534,3.504820365,50.16342252,0.498053509,49.77396921,2.44712418,49.87717583,1.877175833
1482,2274.1,48.10203728,0.498053509,49.49806095,2.880489769,49.60537814,3.500470875,49.153503,1.897411574,50.53677083,2.53677083,49.01022705,3.504820365,50.10203728,0.498053509,49.69471033,2.490635766,49.81199738,1.811997378
1483,2274.15,48.03847912,0.498053509,49.52083667,2.936659341,49.64447027,3.500470875,49.09103555,1.958319467,50.58270038,2.582700377,48.95449264,3.504820365,50.03847912,0.498053509,49.61616875,2.539210497,49.74753474,1.74753474
1484,2274.2,47.97274804,0.498053509,49.54548126,2.994726213,49.6848317,3.500470875,49.02505807,2.020063195,50.63080285,2.630802851,48.89820426,3.504820365,49.97274804,0.498053509,49.5370161,2.591520021,49.68089917,1.680899173
1485,2274.25,47.90484402,0.498053509,49.57201627,3.055130947,49.72485315,3.500470875,48.95698986,2.083979851,50.68107825,2.681078255,48.83974294,3.504820365,49.90484402,0.498053509,49.45777041,2.648082369,49.61209068,1.612090678
1486,2274.3,47.83476708,0.498053509,49.60009423,3.118473852,49.76473948,3.500470875,48.88716781,2.150069436,50.73352659,2.733526586,48.7791087,3.504820365,49.83476708,0.498053509,49.37864139,2.709107242,49.54110925,1.541109255
1487,2274.35,47.7625172,0.498053509,49.63035791,3.185436256,49.80452193,3.500470875,48.81569035,2.21833195,50.78814785,2.788147847,48.71630153,3.504820365,49.7625172,0.498053509,49.29958813,2.774553731,49.4679549,1.467954903
1488,2274.4,47.6880944,0.498053509,49.66338782,3.256687206,49.84421373,3.500470875,48.74203996,2.288767392,50.84494204,2.844942036,48.65132144,3.504820365,49.6880944,0.498053509,49.22055087,2.844362071,49.39262762,1.392627622
1489,2274.45,47.61149867,0.498053509,49.70129373,3.332817914,49.88305481,3.500470875,48.66621664,2.361375762,50.90390915,2.903909153,48.58416841,3.504820365,49.61149867,0.498053509,49.1424058,2.919408463,49.31512741,1.315127413
1490,2274.5,47.53273001,0.498053509,49.74375917,3.414202225,49.92163493,3.500470875,48.58822039,2.436157061,50.9650492,2.965049199,48.51484246,3.504820365,49.53273001,0.498053509,49.06437836,2.998918343,49.23545427,1.235454275
1491,2274.55,47.45178842,0.498053509,49.78860104,3.478179931,49.96206015,3.500470875,48.50805122,2.513111289,51.02836217,3.028362173,48.44334357,3.504820365,49.45178842,0.498053509,48.98417799,3.080601151,49.15360821,1.153608209
1492,2274.6,47.36867391,0.498053509,49.83556934,3.479340221,50.00484058,3.500470875,48.42570911,2.592238445,51.09384808,3.093848076,48.36967176,3.504820365,49.36867391,0.498053509,48.90255806,3.165210246,49.06988069,1.069880692
1493,2274.65,47.28338646,0.498053509,49.88513357,3.485133271,50.04936924,3.500470875,48.34119408,2.67353853,51.16150691,3.161506908,48.29308237,3.504820365,49.28311306,0.498053509,48.82175769,3.254984767,48.98510793,0.985107928
1494,2274.7,47.19592609,0.498053509,49.93703893,3.49550878,50.09594642,3.500470875,48.25450612,2.757011543,51.23133867,3.231338668,48.21137029,3.504820365,49.19432859,0.498053509,48.74167563,3.349823455,48.89912639,0.899126393
1495,2274.75,47.10629278,0.498053509,49.98980266,3.498947754,50.14607106,3.500470875,48.16564523,2.842657485,51.30334336,3.303343357,48.12413083,3.504820365,49.10250565,0.498053509,48.66213469,3.449549121,48.81172356,0.811723558
1496,2274.8,47.01448655,0.498053509,50.04532502,3.498947754,50.19778242,3.500470875,48.07515135,2.931016301,51.37752097,3.377520974,48.02996482,3.504820365,49.00789187,0.498053509,48.58288679,3.476474837,48.72260642,0.722606421
1497,2274.85,46.9205074,0.498053509,50.10343686,3.498947754,50.25124951,3.500470875,47.98464755,3.023711047,51.45387152,3.453871519,47.92911182,3.504820365,48.91083926,0.498053509,48.5037404,3.482034965,48.63134653,0.631346529
1498,2274.9,46.82435531,0.498053509,50.16541161,3.498947754,50.30519875,3.500470875,47.8940364,3.120644296,51.53239499,3.512356701,47.82160685,3.504820365,48.81187383,0.498053509,48.4248409,3.492187851,48.53729936,0.537299356
1499,2274.95,46.72603029,0.498053509,50.23148244,3.498947754,50.35939641,3.500470875,47.80293608,3.221434242,51.6130914,3.512356701,47.70737417,3.504820365,48.71177071,0.498053509,48.34673997,3.502650101,48.43963263,0.512096294
1500,2275,46.62553235,0.498053509,50.30122163,3.498947754,50.41426919,3.500470875,47.71112539,3.32585967,51.69596073,3.512356701,47.58623969,3.504820365,48.61132732,0.498053509,48.26924595,3.502650101,48.33776387,0.50684576
1501,2275.05,46.52286147,0.498053509,50.37335371,3.498947754,50.4710909,3.500470875,47.61847483,3.433791078,51.78100299,3.512356701,47.45845694,3.504820365,48.51075598,0.498053509,48.1911579,3.502650101,48.23165029,0.500530724
1502,2275.1,46.41801767,0.498053509,50.44927655,3.498947754,50.52846127,3.500470875,47.52470841,3.516693453,51.86821818,3.512356701,47.32572855,3.504820365,48.41011333,0.498053509,48.11288937,3.502650101,48.1212301,0.500530724
1503,2275.15,46.31100094,0.498053509,50.52947345,3.498947754,50.5858869,3.500470875,47.4289581,3.516693453,51.95760629,3.512356701,47.18884563,3.504820365,48.30944728,0.498053509,48.03466859,3.502650101,48.00648697,0.500530724
1504,2275.2,46.20181128,0.498053509,50.61345459,3.498947754,50.64358067,3.500470875,47.33086946,3.516693453,52.04916734,3.512356701,47.0478135,3.504820365,48.20875886,0.498053509,47.95644548,3.502650101,47.88741972,0.500530724
1505,2275.25,46.0904487,0.498053509,50.69939755,3.499013825,50.70151309,3.500470875,47.23057615,3.516693453,52.14290131,3.512356701,46.90270123,3.504820365,48.1080494,0.498053509,47.87812105,3.502650101,47.76402694,0.500530724
1506,2275.3,45.97691318,0.498053509,50.7834857,3.499296428,50.76162067,3.500470875,47.12796037,3.516693453,52.23880821,3.512356701,46.75334268,3.504820365,48.00732036,0.498053509,47.79928636,3.502650101,47.63630709,0.500530724
1507,2275.35,45.86120474,0.498053509,50.86759895,3.499642597,50.82599266,3.500470875,47.0236014,3.516693453,52.33688805,3.512356701,46.59972305,3.504820365,47.90657332,0.498053509,47.71827874,3.502650101,47.50425863,0.500530724
1508,2275.4,45.74332336,0.498053509,50.95119569,3.499921597,50.89414245,3.500470875,46.91916373,3.516693453,52.4371408,3.512356701,46.44183077,3.504820365,47.80580979,0.498053509,47.6350982,3.502650101,47.36788004,0.500530724
1509,2275.45,45.62326906,0.498053509,51.03351469,3.499924644,50.9653321,3.500470875,46.81466469,3.516693453,52.53956649,3.512356701,46.27965638,3.504820365,47.70503127,0.498053509,47.54974472,3.502650101,47.22716987,0.500530724
1510,2275.5,45.50104183,0.498053509,51.1156669,3.499939521,51.04067789,3.500470875,46.7101266,3.516693453,52.64416511,3.512356701,46.11319206,3.504820365,47.60423914,0.498053509,47.46221832,3.502650101,47.08212681,0.500530724
1511,2275.55,45.37664167,0.498053509,51.19721034,3.499964911,51.11974024,3.500470875,46.60553597,3.516693453,52.75093665,3.512356701,45.94243131,3.504820365,47.50343468,0.498053509,47.37251899,3.502650101,46.93274963,0.500530724
1512,2275.6,45.25006859,0.498053509,51.27834859,3.499999891,51.20272444,3.500470875,46.50089878,3.516693453,52.85988113,3.512356701,45.76736864,3.504820365,47.40261905,0.498053509,47.28064673,3.502650101,46.77903722,0.500530724
1513,2275.65,45.12132257,0.498053509,51.35900257,3.500010329,51.28955256,3.500470875,46.39622006,3.516693453,52.97099853,3.512356701,45.5885336,3.504820365,47.30179329,0.498053509,47.18660154,3.502650101,46.62098861,0.500530724
1514,2275.7,44.99040363,0.498053509,51.43966532,3.500010329,51.38071753,3.500470875,46.29096946,3.516693453,53.08428886,3.512356701,45.40752563,3.504820365,47.20095833,0.498053509,47.09038343,3.502650101,46.45860292,0.500530724
1515,2275.75,44.85731176,0.498053509,51.52033745,3.500010329,51.47621848,3.500470875,46.18354593,3.516693453,53.19975212,3.512356701,45.22434473,3.504820365,47.100115,0.498053509,46.99199238,3.502650101,46.29242072,0.500530724
1516,2275.8,44.72204695,0.498053509,51.60099338,3.500010329,51.57602706,3.500470875,46.07394947,3.516693453,53.31738831,3.512356701,45.0389909,3.504820365,46.9987226,0.498053509,46.89142841,3.502650101,46.12406559,0.500530724
1517,2275.85,44.58460922,0.498053509,51.68120703,3.500010329,51.67971182,3.500470875,45.96218009,3.516693453,53.43719742,3.512356701,44.85146414,3.504820365,46.89515727,0.498053509,46.78869151,3.502650101,45.95353753,0.500530724
1518,2275.9,44.44499857,0.498053509,51.76031403,3.500010329,51.78659501,3.500470875,45.84823777,3.516693453,53.55917947,3.512356701,44.66176445,3.504820365,46.78941901,0.498053509,46.68378168,3.502650101,45.78083655,0.500530724
1519,2275.95,44.30321498,0.498053509,51.83945857,3.500010329,51.89661027,3.500470875,45.73212253,3.516693453,53.68333444,3.512356701,44.46989184,3.504820365,46.68150782,0.498053509,46.57669892,3.502650101,45.60596264,0.500530724
1520,2276,44.15925846,0.498053509,51.91917268,3.500010329,52.00690617,3.500470875,45.61383435,3.516693453,53.80966234,3.512356701,44.2758463,3.504820365,46.5714237,0.498053509,46.46744323,3.502650101,45.42891579,0.500530724
1521,2276.05,44.01312902,0.498053509,52.00042838,3.500010329,52.12002654,3.500470875,45.49337325,3.516693453,53.93816317,3.512356701,44.07962783,3.504820365,46.45916666,0.498053509,46.35601462,3.502650101,45.24969602,0.500530724
1522,2276.1,43.86482665,0.498053509,52.08245894,3.500010329,52.23672224,3.500470875,45.37073922,3.516693453,54.06883693,3.512356701,43.88123643,3.504820365,46.34473668,0.498053509,46.24241307,3.502650101,45.06830333,0.500530724
1523,2276.15,43.71435135,0.498053509,52.16749416,3.500010329,52.35476108,3.500470875,45.24605985,3.516693453,54.20168362,3.512356701,43.6806721,3.504820365,46.22813378,0.498053509,46.1266386,3.502650101,44.8847377,0.500530724
1524,2276.2,43.56170312,0.498053509,52.25580041,3.500010329,52.47387572,3.500470875,45.11959029,3.516693453,54.33670324,3.512356701,43.47793484,3.504820365,46.10935795,0.498053509,46.0086912,3.502650101,44.69899914,0.500530724
1525,2276.25,43.40688196,0.498053509,52.34782584,3.500010329,52.59361763,3.500470875,44.99094781,3.516693453,54.47389578,3.512356701,43.27302465,3.504820365,45.98840919,0.498053509,45.88857087,3.502650101,44.51108766,0.500530724
1526,2276.3,43.24988787,0.498053509,52.44200575,3.500010329,52.71555131,3.500470875,44.8601324,3.516693453,54.61326125,3.512356701,43.06594154,3.504820365,45.8652875,0.498053509,45.76627761,3.502650101,44.32100325,0.500530724
1527,2276.35,43.09072086,0.498053509,52.53897055,3.500010329,52.83904624,3.500470875,44.72714406,3.516693453,54.75479966,3.512356701,42.8566855,3.504820365,45.73999288,0.498053509,45.64181142,3.502650101,44.1287459,0.500530724
1528,2276.4,42.92938092,0.498053509,52.6381023,3.500010329,52.9647203,3.500470875,44.5919828,3.516693453,54.89851099,3.512356701,42.64525653,3.504820365,45.61252534,0.498053509,45.51517231,3.502650101,43.93431563,0.500530724
1529,2276.45,42.76586804,0.498053509,52.7411086,3.500010329,53.09086585,3.500470875,44.4546486,3.516693453,55.04439524,3.512356701,42.43165463,3.504820365,45.48288486,0.498053509,45.38636026,3.502650101,43.73771244,0.500530724
1530,2276.5,42.60018224,0.498053509,52.84830599,3.500010329,53.21716628,3.500470875,44.31514148,3.516693453,55.19245243,3.512356701,42.2158798,3.504820365,45.35107146,0.498053509,45.25537529,3.502650101,43.53893631,0.500530724
1531,2276.55,42.43232351,0.498053509,52.9593776,3.500010329,53.34393846,3.500470875,44.17346142,3.516693453,55.34268255,3.512356701,41.99793204,3.504820365,45.21708513,0.498053509,45.12221739,3.502650101,43.33798725,0.500530724
1532,2276.6,42.26229186,0.498053509,53.07451558,3.500010329,53.47099018,3.500470875,44.02960844,3.516693453,55.49508559,3.512356701,41.77781136,3.504820365,45.08092587,0.498053509,44.98688656,3.502650101,43.13486527,0.500530724
1533,2276.65,42.09008727,0.498053509,53.19282168,3.500010329,53.59921969,3.500470875,43.88358253,3.516693453,55.64966156,3.512356701,41.55551774,3.504820365,44.94259368,0.498053509,44.8493828,3.502650101,42.92957036,0.500530724
1534,2276.7,41.91570976,0.498053509,53.31447789,3.500010329,53.72844498,3.500470875,43.73538369,3.516693453,55.80641047,3.512356701,41.3310512,3.504820365,44.80208857,0.498053509,44.70970611,3.502650101,42.72210252,0.500530724
1535,2276.75,41.73915931,0.498053509,53.44047136,3.500010329,53.85767889,3.500470875,43.58501193,3.516693453,55.9653323,3.512356701,41.10441173,3.504820365,44.65941052,0.498053509,44.5678565,3.502650101,42.51246175,0.500530724
1536,2276.8,41.56043594,0.498053509,53.570313,3.500010329,53.98741048,3.500470875,43.43246723,3.516693453,56.12642705,3.512356701,40.87559933,3.504820365,44.51455955,0.498053509,44.42383395,3.502650101,42.30064805,0.500530724
1537,2276.85,41.37953964,0.498053509,53.70310503,3.500010329,54.11853754,3.500470875,43.27774961,3.516693453,56.28969474,3.512356701,40.644614,3.504820365,44.36753565,0.498053509,44.27763848,3.502650101,42.08666142,0.500530724
1538,2276.9,41.19647041,0.498053509,53.83995977,3.500010329,54.24994774,3.500470875,43.12085906,3.516693453,56.45513536,3.512356701,40.41145574,3.504820365,44.21833882,0.498053509,44.12927008,3.502650101,41.87050187,0.500530724
1539,2276.95,41.01122825,0.498053509,53.97923533,3.500010329,54.38328294,3.500470875,42.96190456,3.516693453,56.6227489,3.512356701,40.17612456,3.504820365,44.06696906,0.498053509,43.97872875,3.502650101,41.65216938,0.500530724
1540,2277,40.82381317,0.498053509,54.11918764,3.500010329,54.5202872,3.500470875,42.80110409,3.516693453,56.79253537,3.512356701,39.93862045,3.504820365,43.91342637,0.498053509,43.82601449,3.502650101,41.43166397,0.500530724
1541,2277.05,40.63422515,0.498053509,54.26204299,3.500010329,54.65873427,3.500470875,42.63813069,3.516693453,56.96449477,3.512356701,39.6989434,3.504820365,43.75771075,0.498053509,43.67112731,3.502650101,41.20953082,0.500532681
1542,2277.1,40.44191898,0.498053509,54.40883303,3.500010329,54.79759248,3.500470875,42.47298436,3.516693453,57.1386271,3.512356701,39.45709343,3.504820365,43.59982221,0.498053509,43.51406719,3.502650101,40.98740559,0.50054256
1543,2277.15,40.24525883,0.498053509,54.55873104,3.500010329,54.93768853,3.500470875,42.3056651,3.516693453,57.31493236,3.512356701,39.21307053,3.504820365,43.43976074,0.498053509,43.35483415,3.502650101,40.76528865,0.500560736
1544,2277.2,40.04424434,0.498053509,54.71087972,3.500010329,55.0798797,3.500470875,42.13617292,3.516693453,57.49341055,3.512356701,38.96687471,3.504820365,43.27752633,0.498053509,43.19342818,3.502650101,40.5431804,0.500587586
1545,2277.25,39.83887514,0.498053509,54.86545282,3.500010329,55.22399225,3.500470875,41.96537031,3.516693453,57.67406166,3.512356701,38.71850595,3.504820365,43.113119,0.498053509,43.02984928,3.502650101,40.32108119,0.500623485
1546,2277.3,39.62915084,0.498053509,55.02279612,3.500010329,55.36968038,3.500470875,41.79540573,3.516693453,57.85688571,3.512356701,38.46796426,3.504820365,42.94653875,0.498053509,42.86409745,3.502650101,40.09899139,0.500668794
1547,2277.35,39.4150711,0.498053509,55.18300251,3.500010329,55.51685118,3.500470875,41.62453862,3.516693453,58.04188268,3.512356701,38.21524965,3.504820365,42.77778556,0.498053509,42.69617269,3.502650101,39.87691134,0.500723856
1548,2277.4,39.1966356,0.498053509,55.34755855,3.500010329,55.66401808,3.500470875,41.4515534,3.516693453,58.22905258,3.512356701,37.96036211,3.504820365,42.60685944,0.498053509,42.526075,3.502650101,39.65484136,0.500788987
1549,2277.45,38.97384401,0.498053509,55.51637588,3.500010329,55.81126937,3.500470875,41.2765968,3.516693453,58.41839541,3.512356701,37.70330164,3.504820365,42.4337604,0.498053509,42.35380439,3.502650101,39.43278174,0.50086447
1550,2277.5,38.7466961,0.498053509,55.68869505,3.500010329,55.95936444,3.500470875,41.09957851,3.516693453,58.60991117,3.512356701,37.44406824,3.504820365,42.25848842,0.498053509,42.17936085,3.502650101,39.2107327,0.500950547
1551,2277.55,38.51519163,0.498053509,55.86324028,3.500010329,56.10957898,3.500470875,40.92038729,3.516693453,58.80359985,3.512356701,37.18266191,3.504820365,42.08104352,0.498053509,42.00274437,3.502650101,38.98869447,0.501047418
1552,2277.6,38.27933042,0.498053509,56.04092241,3.500010329,56.261002,3.500470875,40.73902314,3.516693453,58.99946147,3.512356701,36.91908266,3.504820365,41.90142569,0.498053509,41.82395497,3.502650101,38.76666718,0.501155235
1553,2277.65,38.03911235,0.498053509,56.22270621,3.500010329,56.4126685,3.500470875,40.55553974,3.516693453,59.19749601,3.512356701,36.65333047,3.504820365,41.71963493,0.498053509,41.64299264,3.502650101,38.54465094,0.501274105
1554,2277.7,37.79453734,0.498053509,56.40866613,3.500010329,56.56450339,3.500470875,40.37004444,3.516693453,59.39770348,3.512356701,36.38540536,3.504820365,41.53567125,0.498053509,41.45985739,3.502650101,38.32264581,0.50140409
1555,2277.75,37.54560533,0.498053509,56.59803763,3.500010329,56.71726905,3.500470875,40.1823762,3.516693453,59.60008388,3.512356701,36.11530732,3.504820365,41.34953463,0.498053509,41.2745492,3.502650101,38.10065182,0.50154521
1556,2277.8,37.29231635,0.498053509,56.79053052,3.500010329,56.87120173,3.500470875,39.99253504,3.516693453,59.80463721,3.512356701,35.84303635,3.504820365,41.16122509,0.498053509,41.08706809,3.502650101,37.87866895,0.501697447
1557,2277.85,37.0352164,0.498053509,56.98614022,3.500010329,57.02590864,3.500470875,39.80052095,3.516693453,60.01136347,3.512356701,35.56859245,3.504820365,40.97074262,0.498053509,40.89741404,3.502650101,37.65615116,0.501314765
1558,2277.9,36.77594352,0.498053509,57.1812196,3.500010329,57.18435946,3.500470875,39.60633393,3.516693453,60.22026266,3.512356701,35.29197562,3.504820365,40.77808721,0.498053509,40.70558707,3.502650101,37.43146044,0.499805482
1559,2277.95,36.51449772,0.498053509,57.37560964,3.500010329,57.34643901,3.500470875,39.40997398,3.516693453,60.43133477,3.512356701,35.01318587,3.504820365,40.58325888,0.498053509,40.51158717,3.502650101,37.2045968,0.499805482
1560,2278,36.25087899,0.498053509,57.56857697,3.500010329,57.51142316,3.500470875,39.21207854,3.516693453,60.64457981,3.512356701,34.73222318,3.504820365,40.38625763,0.498053509,40.31541434,3.502650101,36.97556022,0.499805482
1561,2278.05,35.98508733,0.498053509,57.75991224,3.500010329,57.6791066,3.500470875,39.0140018,3.516693453,60.85999779,3.512356701,34.44908757,3.504820365,40.18708344,0.498053509,40.11706859,3.502650101,36.74435071,0.499805482
1562,2278.1,35.71712274,0.498053509,57.94978105,3.500010329,57.84965722,3.500470875,38.81399008,3.516693453,61.07758869,3.512356701,34.16377903,3.504820365,39.98573632,0.498053509,39.9165499,3.502650101,36.51096828,0.499805482
1563,2278.15,35.44698522,0.498053509,58.13960147,3.500010329,58.02449446,3.500470875,38.61180544,3.516693453,61.29735251,3.512356701,33.87629756,3.504820365,39.78221628,0.498053509,39.71385829,3.502650101,36.27541292,0.499805482
1564,2278.2,35.17467477,0.498053509,58.32942694,3.500010329,58.2036727,3.500470875,38.40744787,3.516693453,61.51928927,3.512356701,33.58664316,3.504820365,39.57652331,0.498053509,39.50899374,3.502650101,36.03768463,0.499805482
1565,2278.25,34.9001914,0.498053509,58.51913543,3.500010329,58.38707051,3.500470875,38.20091737,3.516693453,61.74339896,3.512356701,33.29481583,3.504820365,39.36865741,0.498053509,39.30195627,3.502650101,35.79778341,0.499805482
1566,2278.3,34.62353509,0.498053509,58.70848335,3.500010329,58.57444465,3.500470875,37.99221395,3.516693453,61.96968157,3.512356701,33.00081558,3.504820365,39.15861858,0.498053509,39.09274587,3.502650101,35.55570926,0.499805482
1567,2278.35,34.34470586,0.498053509,58.89783567,3.500010329,58.76616026,3.500470875,37.78133759,3.516693453,62.19813712,3.512356701,32.70464239,3.504820365,38.94640682,0.498053509,38.88136254,3.502650101,35.31146219,0.499805482
1568,2278.4,34.0637037,0.498053509,59.08719239,3.500010329,58.96221731,3.500470875,37.56829851,3.516693453,62.42876559,3.512356701,32.40629628,3.504820365,38.73202213,0.498053509,38.66780629,3.502650101,35.06504218,0.499805482
1569,2278.45,33.78052861,0.498053509,59.27655357,3.500010329,59.16261569,3.500470875,37.35311713,3.516693453,62.66156699,3.512356701,32.10577724,3.504820365,38.51546452,0.498053509,38.4520771,3.502650101,34.81644925,0.499805482
1570,2278.5,33.49518059,0.498053509,59.46490995,3.500010329,59.36634576,3.500470875,37.13576282,3.516693453,62.89654131,3.512356701,31.80308527,3.504820365,38.29673397,0.498053509,38.23417499,3.502650101,34.56568339,0.499805482
1571,2278.55,33.20765965,0.498053509,59.64996397,3.500010329,59.57110931,3.500470875,36.91623558,3.516693453,63.13368857,3.512356701,31.49822037,3.504820365,38.0758305,0.498053509,38.01409995,3.502650101,34.3127446,0.499805482
1572,2278.6,32.91796577,0.498053509,59.83398677,3.500010329,59.77917638,3.500470875,36.69453542,3.516693453,63.37300876,3.512356701,31.19118254,3.504820365,37.8527541,0.498053509,37.79185198,3.502650101,34.05763288,0.499805482
1573,2278.65,32.62609897,0.498053509,60.01684619,3.500010329,59.99041322,3.500470875,36.47079652,3.516693453,63.61450187,3.512356701,30.88197179,3.504820365,37.62750477,0.498053509,37.56743108,3.502650101,33.80034823,0.499805482
1574,2278.7,32.33205924,0.498053509,60.19734725,3.500010329,60.20362212,3.500470875,36.24528732,3.516693453,63.85816791,3.512356701,30.57058811,3.504820365,37.40008251,0.498053509,37.34083725,3.502650101,33.54089066,0.499805482
1575,2278.75,32.03584657,0.498053509,60.37556729,3.500010329,60.41887507,3.500470875,36.01760519,3.516693453,64.10400688,3.512356701,30.25703149,3.504820365,37.17048733,0.498053509,37.11207049,3.502650101,33.27926015,0.499805482
1576,2278.8,31.73746099,0.498053509,60.55216007,3.500010329,60.63681021,3.500470875,35.78775012,3.516693453,64.35201878,3.512356701,29.94130195,3.504820365,36.93871921,0.498053509,36.88113081,3.502650101,33.01545672,0.499805482
1577,2278.85,31.43690247,0.498053509,60.72651882,3.500010329,60.85635366,3.500470875,35.55572213,3.516693453,64.60220361,3.512356701,29.62339948,3.504820365,36.70477817,0.498053509,36.64801819,3.502650101,32.74948036,0.499805482
1578,2278.9,31.13417102,0.498053509,60.90115651,3.500010329,61.07697036,3.500470875,35.32152122,3.516693453,64.85456137,3.512356701,29.30332409,3.504820365,36.4686642,0.498053509,36.41273265,3.502650101,32.48133107,0.499805482
1579,2278.95,30.82926665,0.498053509,61.07973877,3.500010329,61.29799481,3.500470875,35.08533627,3.516693453,65.10909205,3.512356701,28.98107576,3.504820365,36.2303773,0.498053509,36.17527418,3.502650101,32.21100885,0.499805482
1580,2279,30.52218934,0.498053509,61.26141295,3.500010329,61.5202751,3.500470875,34.8475451,3.516693453,65.36579567,3.512356701,28.6566545,3.504820365,35.98991747,0.498053509,35.93564278,3.502650101,31.93851371,0.499805482
1581,2279.05,30.21293911,0.498053509,61.44692345,3.500010329,61.74306585,3.500470875,34.60758099,3.516693453,65.62467221,3.512356701,28.33006032,3.504820365,35.74728471,0.498053509,35.69383845,3.502650101,31.66384563,0.499805482
1582,2279.1,29.90151595,0.498053509,61.63523489,3.500010329,61.96740205,3.500470875,34.36544396,3.516693453,65.88572168,3.512356701,28.00129321,3.504820365,35.50247903,0.498053509,35.4498612,3.502650101,31.38700463,0.499805482
1583,2279.15,29.58791986,0.498053509,61.82761337,3.500010329,62.19201744,3.500470875,34.12113401,3.516693453,66.14894408,3.512356701,27.67035317,3.504820365,35.25550041,0.498053509,35.20371101,3.502650101,31.10799069,0.499805482
1584,2279.2,29.27215085,0.498053509,62.02280332,3.500010329,62.41816745,3.500470875,33.87465112,3.516693453,66.41433941,3.512356701,27.3372402,3.504820365,35.00634887,0.498053509,34.9553879,3.502650101,30.82680383,0.499805482
1585,2279.25,28.9542089,0.498053509,62.22021875,3.500010329,62.64643802,3.500470875,33.6259953,3.516693453,66.68190767,3.512356701,27.0019543,3.504820365,34.7550244,0.498053509,34.70489186,3.502650101,30.54344404,0.499805482
1586,2279.3,28.63409403,0.498053509,62.42180108,3.500010329,62.87488771,3.500470875,33.3757848,3.516693453,66.95164885,3.512356701,26.66449548,3.504820365,34.501527,0.498053509,34.45222289,3.502650101,30.25791133,0.499805482
1587,2279.35,28.31180622,0.498053509,62.62773227,3.500010329,63.10333449,3.500470875,33.1252561,3.516693453,67.22356296,3.512356701,26.32486372,3.504820365,34.24585667,0.498053509,34.19738099,3.502650101,29.97020568,0.499805482
1588,2279.4,27.98734549,0.498053509,62.83783862,3.500010329,63.33195205,3.500470875,32.87255446,3.516693453,67.49765001,3.512356701,25.98305904,3.504820365,33.98801341,0.498053509,33.94036616,3.502650101,29.6803271,0.499805482
1589,2279.45,27.66071183,0.498053509,63.05177295,3.500010329,63.56108755,3.500470875,32.6176799,3.516693453,67.77390998,3.512356701,25.63908143,3.504820365,33.72799723,0.498053509,33.6811784,3.502650101,29.3882756,0.499805482
1590,2279.5,27.33190524,0.498053509,63.27005569,3.500010329,63.79022053,3.500470875,32.36091286,3.516693453,68.05234288,3.512356701,25.29293089,3.504820365,33.46580811,0.498053509,33.41981772,3.502650101,29.09405117,0.499805482
1591,2279.55,27.00092573,0.498053509,63.49268678,3.500010329,64.01935106,3.500470875,32.10304998,3.516693453,68.3329487,3.512356701,24.94460742,3.504820365,33.20144607,0.498053509,33.15628411,3.502650101,28.79765381,0.499805482
1592,2279.6,26.66777328,0.498053509,63.71942362,3.500010329,64.24872169,3.500470875,31.8437214,3.516693453,68.61572746,3.512356701,24.59411102,3.504820365,32.9349111,0.498053509,32.89057757,3.502650101,28.49908352,0.499805482
1593,2279.65,26.33244791,0.498053509,63.94978114,3.500010329,64.47881751,3.500470875,31.5822297,3.516693453,68.90067914,3.512356701,24.24144169,3.504820365,32.6662032,0.498053509,32.6226981,3.502650101,28.1983403,0.499805482
1594,2279.7,25.9949496,0.498053509,64.18407961,3.500010329,64.70931824,3.500470875,31.31859446,3.516693453,69.18780376,3.512356701,23.88659944,3.504820365,32.39532237,0.498053509,32.3526457,3.502650101,27.89542416,0.499805482
1595,2279.75,25.65527837,0.498053509,64.42150437,3.500010329,64.9410385,3.500470875,31.0527863,3.516693453,69.4771013,3.512356701,23.52958426,3.504820365,32.12226861,0.498053509,32.08042037,3.502650101,27.59033508,0.499805482
1596,2279.8,25.31343421,0.498053509,64.66263076,3.500010329,65.17340297,3.500470875,30.7848052,3.516693453,69.76857177,3.512356701,23.17039615,3.504820365,31.84704193,0.498053509,31.80602211,3.502650101,27.28307308,0.499805482
1597,2279.85,24.96941713,0.498053509,64.90616545,3.500010329,65.40770497,3.500470875,30.51489478,3.516693453,70.06221517,3.512356701,22.80903511,3.504820365,31.56964231,0.498053509,31.52945093,3.502650101,26.97363815,0.499805482
1598,2279.9,48.99945677,0.999456768,49.00054323,2.000543232,49.00054323,3.000543232,49.99945677,1.000543232,50.00054323,2.000543232,49.99945677,2.999503063,50.99945677,0.999456768,50.99945677,2.000543232,50.99945677,2.999456768
1599,2279.95,48.99674061,0.996740607,49.00291401,2.003259393,49.00325939,3.003259393,49.99674061,1.003259393,50.00325939,2.003259393,49.99674061,2.997198359,50.99674061,0.996740607,50.99674061,2.003259393,50.99674061,2.996740607
1600,2280,48.99185152,0.991851518,49.00642154,2.008148482,49.00814848,3.008148482,49.99185152,1.008148482,50.00814848,2.008148482,49.99185152,2.994486024,50.99185152,0.991851518,50.99185152,2.008148482,50.99185152,2.991851518
1601,2280.05,48.9847895,0.9847895,49.01210201,2.0152105,49.0152105,3.0152105,49.9847895,1.0152105,50.0152105,2.0152105,49.9847895,2.993946618,50.9847895,0.9847895,50.9847895,2.0152105,50.9847895,2.9847895
1602,2280.1,48.97555455,0.975554554,49.01949223,2.024445446,49.02444545,3.024445446,49.97565763,1.024445446,50.02444545,2.024445446,49.97555455,2.99558014,50.97555455,0.975554554,50.97555455,2.024445446,50.97555455,2.975554554
1603,2280.15,48.96414668,0.964146679,49.02748066,2.035853321,49.03585332,3.035853321,49.96487915,1.035853321,50.03585332,2.035853321,49.96414668,2.999386591,50.96414668,0.964146679,50.96414668,2.035853321,50.96414668,2.964146679
1604,2280.2,48.95056588,0.950565876,49.03708644,2.049434124,49.04943412,3.049434124,49.95257898,1.049434124,50.04943412,2.049434124,49.95056588,3.005365971,50.95056588,0.950565876,50.95056588,2.049434124,50.95056588,2.950565876
1605,2280.25,48.93481214,0.934812144,49.04886516,2.065187856,49.06518786,3.065187856,49.93810588,1.065187856,50.06518786,2.065187856,49.93481214,3.013518279,50.93481214,0.934812144,50.93481214,2.065187856,50.93481214,2.934812144
1606,2280.3,48.91688548,0.916885484,49.06256925,2.083114516,49.08311452,3.083114516,49.92145986,1.083114516,50.08311452,2.083114516,49.91688548,3.023843515,50.91688548,0.916885484,50.91688548,2.083114516,50.91688548,2.916885484
1607,2280.35,48.89678589,0.896785895,49.07770363,2.103214105,49.10321411,3.103214105,49.90270198,1.103214105,50.10321411,2.103214105,49.89678589,3.03634168,50.89678589,0.896785895,50.89678589,2.103214105,50.89678589,2.896785895
1608,2280.4,48.87451338,0.874513377,49.09491509,2.125486623,49.12548662,3.125486623,49.88267596,1.125486623,50.12548662,2.125486623,49.87451338,3.051012774,50.87451338,0.874513377,50.87451338,2.125486623,50.87451338,2.874513377
1609,2280.45,48.85006793,0.850067931,49.11401196,2.149932069,49.14993207,3.149932069,49.86264162,1.149932069,50.14993207,2.149932069,49.85006793,3.067856796,50.85006793,0.850067931,50.85006793,2.149932069,50.85006793,2.850067931
1610,2280.5,48.82344956,0.823449557,49.13528176,2.176550443,49.17602064,3.176020641,49.84043436,1.176550443,50.175997,2.175997003,49.82299271,3.085813145,50.82344956,0.823449557,50.82236369,2.17546458,50.8229185,2.822918498
1611,2280.55,48.79465825,0.794658254,49.15872448,2.205341746,49.20206923,3.202069225,49.81617977,1.205341746,50.20201982,2.202019818,49.79193462,3.1023212,50.79465825,0.794658254,50.78814155,2.198825045,50.79147748,2.791477479
1612,2280.6,48.76369402,0.763694022,49.18399739,2.236305978,49.22778763,3.227787628,49.79012909,1.236305978,50.22799303,2.227993027,49.75696777,3.119241887,50.76369402,0.763694022,50.74739562,2.220007575,50.75577069,2.755770685
1613,2280.65,48.73055686,0.730556862,49.21014713,2.269443138,49.25312821,3.253128208,49.76190548,1.269443138,50.25389888,2.253898883,49.71818522,3.136619297,50.73055686,0.730556862,50.70012147,2.239007744,50.71507117,2.715071165
1614,2280.7,48.69524677,0.695246773,49.23766612,2.304753227,49.27801128,3.278011278,49.73150894,1.304753227,50.27893685,2.278936849,49.67570511,3.154645002,50.69524677,0.695246773,50.64631953,2.255825981,50.66713498,2.667134977
1615,2280.75,48.65776376,0.657763756,49.26701481,2.342236244,49.30236049,3.302360491,49.69893948,1.342236244,50.30075103,2.300751033,49.62968304,3.173474603,50.65776376,0.657763756,50.58600067,2.270473161,50.61204348,2.612043482
1616,2280.8,48.61810781,0.618107811,49.29750672,2.381892189,49.32608689,3.326086894,49.66419708,1.381892189,50.31927063,2.319270626,49.58033403,3.193323123,50.61810781,0.618107811,50.5191965,2.282980881,50.5499109,2.549910901
1617,2280.85,48.57627894,0.576278936,49.33012448,2.423721064,49.34908903,3.349089031,49.62748916,1.423721064,50.334392,2.334392003,49.5279736,3.214506073,50.57627894,0.576278936,50.44599957,2.293441694,50.48091698,2.480916977
1618,2280.9,48.53227713,0.532277134,49.36477392,2.467722866,49.37126388,3.371263883,49.5892305,1.467722866,50.34594108,2.34594108,49.47309622,3.237517935,50.53227713,0.532277134,50.36677244,2.302218174,50.40539556,2.405395556
1619,2280.95,48.4861024,0.498053509,49.40114251,2.513897598,49.39256331,3.392563306,49.54879891,1.513897598,50.35374662,2.353746617,49.41650281,3.263159626,50.4861024,0.498053509,50.28295723,2.310752423,50.32412895,2.324128951
1620,2281,48.43775474,0.498053509,49.43832263,2.562245257,49.41319469,3.413194687,49.5061944,1.562245257,50.36029366,2.360293665,49.35933855,3.292576329,50.43775474,0.498053509,50.19701765,2.321508169,50.24033378,2.240333782
1621,2281.05,48.38723415,0.498053509,49.47697888,2.612765846,49.43397023,3.433970225,49.46141695,1.612765846,50.37299906,2.372999056,49.30266671,3.326831295,50.38723415,0.498053509,50.10986095,2.335392646,50.16035926,2.160359257
1622,2281.1,48.33454064,0.498053509,49.51436481,2.664731641,49.45624307,3.456243074,49.41446658,1.665459363,50.39255697,2.392556973,49.2468625,3.366299756,50.33454064,0.498053509,50.02366061,2.354579338,50.08425559,2.084255595
1623,2281.15,48.27967419,0.498053509,49.54874835,2.715932237,49.48116818,3.481168181,49.36534328,1.720325808,50.41915995,2.419159948,49.19181826,3.410874054,50.27967419,0.498053509,49.94000783,2.380659448,50.0118709,2.011870898
1624,2281.2,48.22263482,0.498053509,49.58118583,2.766272781,49.50944303,3.501683069,49.31404705,1.777365182,50.45289155,2.452891549,49.13731931,3.460339481,50.22263482,0.498053509,49.85859092,2.413321283,49.94346813,1.943468134
1625,2281.25,48.16342252,0.498053509,49.61227675,2.815726106,49.5409804,3.501683069,49.2599352,1.835934799,50.49303117,2.493031174,49.08311838,3.500092834,50.16342252,0.498053509,49.77948782,2.452642788,49.87942095,1.879420954
1626,2281.3,48.10203728,0.498053509,49.64165929,2.864849077,49.57462752,3.501683069,49.20116725,1.894194167,50.53680967,2.536809674,49.02897427,3.500092834,50.10203728,0.498053509,49.70327152,2.499196949,49.81783006,1.817830061
1627,2281.35,48.03847912,0.498053509,49.67146126,2.915300269,49.61062415,3.501683069,49.13811216,1.952512247,50.5827611,2.582761103,48.97483656,3.500092834,50.03847912,0.498053509,49.62781465,2.550856404,49.75841215,1.758412146
1628,2281.4,47.97274804,0.498053509,49.70030588,2.967520481,49.64873376,3.501683069,49.07135526,2.011318446,50.63088546,2.63088546,48.92015987,3.49993885,49.97274804,0.498053509,49.55246848,2.606972402,49.69880096,1.698800958
1629,2281.45,47.90484402,0.498053509,49.73132785,3.02211713,49.68875203,3.501683069,49.00187852,2.071282836,50.68118275,2.681182746,48.86331026,3.499866146,49.90484402,0.498053509,49.47760363,2.667915594,49.63701684,1.637016841
1630,2281.5,47.83476708,0.498053509,49.7642611,3.079757512,49.72892334,3.501683069,48.93022885,2.133420155,50.73365296,2.733652961,48.80428771,3.500255394,49.83476708,0.498053509,49.4029108,2.73337665,49.5730598,1.573059796
1631,2281.55,47.7625172,0.498053509,49.79840981,3.14105261,49.76907729,3.501683069,48.85640625,2.197730402,50.7882961,2.788296104,48.74309224,3.500255394,49.7625172,0.498053509,49.32743521,2.802400805,49.50692982,1.506929822
1632,2281.6,47.6880944,0.498053509,49.83420097,3.206491299,49.80921633,3.501683069,48.7806578,2.264213578,50.84511217,2.845112175,48.67972384,3.500255394,49.6880944,0.498053509,49.2509455,2.874756706,49.43862692,1.43862692
1633,2281.65,47.61149867,0.498053509,49.87420897,3.276243459,49.84971764,3.501683069,48.70347764,2.332869682,50.90410117,2.904101175,48.61418251,3.500255394,49.61149867,0.498053509,49.17454575,2.951548414,49.36815109,1.368151089
1634,2281.7,47.53273001,0.498053509,49.91762328,3.3499006,49.89063598,3.501683069,48.62419136,2.403698715,50.9652631,2.965263103,48.54646825,3.499926982,49.53273001,0.498053509,49.09597307,3.03051305,49.29550233,1.29550233
1635,2281.75,47.45178842,0.498053509,49.96403003,3.427209902,49.93232311,3.501683069,48.54293257,2.476700677,51.02859796,3.02859796,48.47658107,3.4980701,49.45178842,0.498053509,49.01522746,3.111650615,49.22068064,1.220680642
1636,2281.8,47.36867391,0.498053509,50.01295196,3.487042575,49.97592226,3.501683069,48.45950086,2.551875567,51.09410575,3.094105746,48.40376731,3.494373113,49.36867391,0.498053509,48.93305403,3.195706218,49.14368603,1.143686026
1637,2281.85,47.28338646,0.498053509,50.06237175,3.487182642,50.02257518,3.501683069,48.37389622,2.629223385,51.16178646,3.16178646,48.32578669,3.489272711,49.28301159,0.498053509,48.85142432,3.284651396,49.06488604,1.064886042
1638,2281.9,47.19592609,0.498053509,50.1117047,3.487872417,50.07242315,3.501683069,48.28611865,2.708744132,51.2316401,3.231640103,48.24274055,3.481267185,49.19369173,0.498053509,48.76961762,3.37776545,48.9853679,0.9853679
1639,2281.95,47.10629278,0.498053509,50.16013438,3.489073202,50.12473681,3.501683069,48.19655031,2.790437808,51.30366667,3.303666674,48.15427038,3.470868786,49.10077523,0.498053509,48.6878779,3.475292328,48.90506787,0.905067874
1640,2282,47.01448655,0.498053509,50.2081963,3.490757974,50.18008999,3.501683069,48.1064964,2.874845304,51.37786617,3.377866174,48.05904042,3.45805645,49.00432959,0.498053509,48.60621968,3.500519407,48.82391338,0.823913377
1641,2282.05,46.9205074,0.498053509,50.2564039,3.492903101,50.23903093,3.501683069,48.01643792,2.963594074,51.4542386,3.454238602,47.95736294,3.443142448,48.90443439,0.498053509,48.52438641,3.500519407,48.74181504,0.741815036
1642,2282.1,46.82435531,0.498053509,50.30453572,3.495486587,50.30138319,3.501683069,47.92640405,3.056713322,51.53278396,3.512740195,47.8493118,3.42620065,48.80119317,0.498053509,48.44232587,3.500519407,48.65864796,0.658647963
1643,2282.15,46.72603029,0.498053509,50.35235141,3.498489712,50.36694533,3.501683069,47.83657655,3.154150833,51.61350224,3.512740195,47.73485974,3.407203783,48.69476485,0.498053509,48.35996351,3.500519407,48.57419443,0.574194427
1644,2282.2,46.62553235,0.498053509,50.40002765,3.499469852,50.4347153,3.501683069,47.74710852,3.25559181,51.69639346,3.512740195,47.61388023,3.386025332,48.58548223,0.498053509,48.27704018,3.500519407,48.48785423,0.509979855
1645,2282.25,46.52286147,0.498053509,50.44933681,3.499928848,50.50194942,3.501683069,47.6572103,3.360948441,51.7814576,3.512740195,47.48656146,3.36285347,48.47424115,0.498053509,48.19320045,3.500519407,48.39849932,0.50912745
1646,2282.3,46.41801767,0.498053509,50.5030022,3.499928848,50.56929896,3.501683069,47.56624702,3.469585882,51.86869467,3.512740195,47.35517029,3.339955066,48.36216087,0.498053509,48.10890319,3.500519407,48.30603391,0.505164543
1647,2282.35,46.31100094,0.498053509,50.55993953,3.499928848,50.63774348,3.501683069,47.47209195,3.497049538,51.95810467,3.512740195,47.22133991,3.318963311,48.24796394,0.498053509,48.0245144,3.500519407,48.21206906,0.500947471
1648,2282.4,46.20181128,0.498053509,50.62016256,3.499928848,50.70725732,3.501683069,47.37370554,3.497185098,52.0496876,3.512740195,47.08517329,3.299981177,48.12926553,0.498053509,47.94011308,3.500519407,48.11862718,0.500989185
1649,2282.45,46.0904487,0.498053509,50.68382763,3.499928848,50.77767979,3.501683069,47.27120138,3.497548763,52.14344345,3.512740195,46.94657189,3.282910108,48.005999,0.498053509,47.85570024,3.500519407,48.02533471,0.501180308
1650,2282.5,45.97691318,0.498053509,50.7501041,3.499928848,50.84983888,3.501683069,47.16470763,3.498225656,52.23937224,3.512740195,46.80549257,3.267706985,47.87827451,0.498053509,47.77123469,3.500519407,47.93213237,0.50146156
1651,2282.55,45.86120474,0.498053509,50.82048077,3.499928848,50.92224533,3.501683069,47.05437769,3.499283133,52.33747395,3.512740195,46.66193956,3.254376034,47.74612843,0.498053509,47.68663328,3.500519407,47.83899576,0.501808542
1652,2282.6,45.74332336,0.498053509,50.89405295,3.499928848,50.99580189,3.501683069,46.94035283,3.500314783,52.4377486,3.512740195,46.5159292,3.242933581,47.60957811,0.498053509,47.60148565,3.500519407,47.74591198,0.502208358
1653,2282.65,45.62326906,0.498053509,50.97112946,3.499928848,51.07019883,3.501683069,46.8236561,3.500314783,52.54019617,3.512740195,46.36775506,3.233673206,47.46863345,0.498053509,47.51416509,3.500519407,47.6528732,0.502653174
1654,2282.7,45.50104183,0.498053509,51.05226871,3.499928848,51.14487633,3.501683069,46.70533089,3.500314783,52.64481666,3.512740195,46.2168318,3.22600957,47.32330078,0.498053509,47.4246716,3.500519407,47.55987421,0.503137773
1655,2282.75,45.37664167,0.498053509,51.13706015,3.499928848,51.22024181,3.501683069,46.58547559,3.500314783,52.75161009,3.512740195,46.06312189,3.219905139,47.17358447,0.498053509,47.33300518,3.500519407,47.46691129,0.503658449
1656,2282.8,45.25006859,0.498053509,51.22627654,3.499928848,51.29551648,3.501683069,46.46422613,3.500314783,52.86057645,3.512740195,45.90661326,3.215347849,47.0194877,0.498053509,47.23916584,3.500519407,47.37398168,0.504212437
1657,2282.85,45.12132257,0.498053509,51.31962761,3.499928848,51.37095745,3.501683069,46.34156783,3.500314783,52.97171573,3.512740195,45.74714715,3.212146795,46.8610129,0.498053509,47.14315357,3.500519407,47.28108325,0.504797595
1658,2282.9,44.99040363,0.498053509,51.41601804,3.499928848,51.44747137,3.501683069,46.21760597,3.500314783,53.08502795,3.512740195,45.58464962,3.210163742,46.69816198,0.498053509,47.04496836,3.500519407,47.18821427,0.505412208
1659,2282.95,44.85731176,0.498053509,51.5140293,3.499985128,51.52565204,3.501683069,46.09236695,3.500314783,53.20051309,3.512740195,45.41904608,3.209420541,46.53093648,0.498053509,46.94461023,3.500519407,47.09537334,0.506054872
1660,2283,44.72204695,0.498053509,51.61062802,3.500041409,51.60645225,3.501683069,45.96592542,3.500314783,53.31817116,3.512740195,45.25026183,3.209842489,46.35933768,0.498053509,46.84207917,3.500519407,47.00255928,0.50672441
1661,2283.05,44.58460922,0.498053509,51.70536415,3.500041409,51.68956922,3.501683069,45.83819542,3.500314783,53.43800216,3.512740195,45.07850691,3.211639624,46.18391631,0.498053509,46.73737519,3.500519407,46.90922157,0.506870287
1662,2283.1,44.44499857,0.498053509,51.8001527,3.500041409,51.77695721,3.501683069,45.70863631,3.500314783,53.56000609,3.512740195,44.90457906,3.215609687,46.00632202,0.498053509,46.63049827,3.500519407,46.81371092,0.504843235
1663,2283.15,44.30321498,0.498053509,51.89408834,3.500041409,51.86773003,3.501683069,45.57690427,3.500314783,53.68418294,3.512740195,44.72847828,3.221752679,45.82655479,0.498053509,46.52144843,3.500519407,46.71602735,0.500643255
1664,2283.2,44.15925846,0.498053509,51.98525571,3.500041409,51.95998012,3.501683069,45.4429993,3.500314783,53.81053273,3.512740195,44.55020458,3.2300686,45.64461464,0.498053509,46.41022565,3.500519407,46.61617085,0.499185836
1665,2283.25,44.01312902,0.498053509,52.07528707,3.500041409,52.0553391,3.501683069,45.3069214,3.500314783,53.93905544,3.512740195,44.36975795,3.240557449,45.46050156,0.498053509,46.29682995,3.500519407,46.51414142,0.499185836
1666,2283.3,43.86482665,0.498053509,52.1637659,3.500041409,52.15338451,3.501683069,45.16867058,3.500314783,54.06975108,3.512740195,44.18713838,3.253219226,45.27421555,0.498053509,46.18126132,3.500519407,46.40993906,0.499185836
1667,2283.35,43.71435135,0.498053509,52.25198217,3.500041409,52.25539048,3.501683069,45.02841802,3.500314783,54.20261965,3.512740195,44.00234589,3.267775073,45.08575661,0.498053509,46.06351976,3.500519407,46.30356377,0.499185836
1668,2283.4,43.56170312,0.498053509,52.33965054,3.500041409,52.3610375,3.501683069,44.88650613,3.500314783,54.33766115,3.512740195,43.81538047,3.283667272,44.89512475,0.498053509,45.94360527,3.500519407,46.19501555,0.499185836
1669,2283.45,43.40688196,0.498053509,52.42661131,3.500041409,52.47004704,3.501683069,44.74242131,3.500314783,54.47487558,3.512740195,43.62624213,3.3017324,44.70231995,0.498053509,45.82151786,3.500519407,46.08429441,0.499185836
1670,2283.5,43.24988787,0.498053509,52.51440942,3.500041409,52.58233499,3.501683069,44.59616356,3.500314783,54.61426293,3.512740195,43.43493085,3.321970456,44.50734223,0.498053509,45.69725751,3.500519407,45.97140034,0.499185836
1671,2283.55,43.09072086,0.498053509,52.60545584,3.500041409,52.69540064,3.501683069,44.44820015,3.500314783,54.75582322,3.512740195,43.24144665,3.344381441,44.31019158,0.498053509,45.57082424,3.500519407,45.85633334,0.499185836
1672,2283.6,42.92938092,0.498053509,52.70094647,3.500041409,52.80840522,3.501683069,44.29946563,3.500314783,54.89955643,3.512740195,43.04578951,3.368965354,44.110868,0.498053509,45.44221804,3.500519407,45.7390934,0.499185836
1673,2283.65,42.76586804,0.498053509,52.80056604,3.500041409,52.92163779,3.501683069,44.14855818,3.500314783,55.04546257,3.512740195,42.84795945,3.395722196,43.90937149,0.498053509,45.31143891,3.500519407,45.61968055,0.499185836
1674,2283.7,42.60018224,0.498053509,52.90339047,3.500041409,53.03601622,3.501683069,43.9954778,3.500314783,55.19354164,3.512740195,42.64795646,3.424651967,43.70570205,0.498053509,45.17848685,3.500519407,45.49809476,0.499185836
1675,2283.75,42.43232351,0.498053509,53.00965305,3.500041409,53.15130524,3.501683069,43.8402245,3.500314783,55.34379364,3.512740195,42.44578054,3.455754666,43.49985968,0.498053509,45.04336186,3.500519407,45.37433604,0.499185836
1676,2283.8,42.26229186,0.498053509,53.11949378,3.500041409,53.26736366,3.501683069,43.68279826,3.500314783,55.49621856,3.512740195,42.2414317,3.489030293,43.29184439,0.498053509,44.90606395,3.500519407,45.2484044,0.499185836
1677,2283.85,42.09008727,0.498053509,53.23103094,3.500041409,53.38607222,3.501683069,43.5231991,3.500314783,55.65081642,3.512740195,42.03490992,3.498299856,43.08165616,0.498053509,44.7665931,3.500519407,45.12029983,0.499185836
1678,2283.9,41.91570976,0.498053509,53.34594133,3.500041409,53.50575435,3.501683069,43.36142701,3.500314783,55.8075872,3.512740195,41.82621522,3.499929553,42.86929501,0.498053509,44.62494933,3.500519407,44.99002233,0.499185836
1679,2283.95,41.73915931,0.498053509,53.46425313,3.500041409,53.62638134,3.501683069,43.19768182,3.500314783,55.96653092,3.512740195,41.61534758,3.499929553,42.65476093,0.498053509,44.48113263,3.500519407,44.8575719,0.499185836
1680,2284,41.56043594,0.498053509,53.5856395,3.500041409,53.74827957,3.501683069,43.03236317,3.500314783,56.12764756,3.512740195,41.40230702,3.499929553,42.43805392,0.498053509,44.335143,3.500519407,44.72294854,0.499185836
1681,2284.05,41.37953964,0.498053509,53.70889543,3.500041409,53.87265369,3.501683069,42.86498292,3.500314783,56.29093713,3.512740195,41.18709353,3.499929553,42.21917399,0.498053509,44.18698044,3.500519407,44.58615225,0.499185836
1682,2284.1,41.19647041,0.498053509,53.8333592,3.500041409,54.00016551,3.501683069,42.69576367,3.500314783,56.45639962,3.512740195,40.96970711,3.499929553,41.99812112,0.498053509,44.03664496,3.500519407,44.44718303,0.499185836
1683,2284.15,41.01122825,0.498053509,53.96048451,3.500041409,54.12936171,3.501683069,42.52437149,3.500314783,56.62403505,3.512740195,40.75014777,3.499929553,41.77489533,0.498053509,43.88413654,3.500519407,44.30604089,0.499185836
1684,2284.2,40.82381317,0.498053509,54.09029263,3.500041409,54.26022087,3.501683069,42.35080639,3.500314783,56.79384341,3.512740195,40.52841549,3.499929553,41.5494966,0.498053509,43.7294552,3.500519407,44.16272582,0.499185836
1685,2284.25,40.63422515,0.498053509,54.2235716,3.500041409,54.3919548,3.501683069,42.17546786,3.500314783,56.96582469,3.512740195,40.30451029,3.499929553,41.32192495,0.498053509,43.57260092,3.500519407,44.01723782,0.499185836
1686,2284.3,40.44246421,0.498053509,54.35925924,3.500041409,54.5256252,3.501683069,41.99915492,3.500314783,57.1399789,3.512740195,40.07843215,3.499929553,41.09218037,0.498053509,43.41357372,3.500519407,43.86957689,0.499185836
1687,2284.35,40.24853034,0.498053509,54.49932812,3.500041409,54.65925946,3.501683069,41.82066906,3.500314783,57.31630604,3.512740195,39.85018109,3.499929553,40.86026286,0.498053509,43.25237359,3.500519407,43.71974303,0.499185836
1688,2284.4,40.05242354,0.498053509,54.64378024,3.500041409,54.79285451,3.501683069,41.64001026,3.500314783,57.49480611,3.512740195,39.6197571,3.499929553,40.62671566,0.498053509,43.08900054,3.500519407,43.56773624,0.499185836
1689,2284.45,39.85360058,0.498053509,54.79198086,3.500041409,54.92704328,3.501683069,41.45717854,3.500314783,57.67547911,3.512740195,39.38716018,3.499929553,40.39316845,0.498053509,42.92345455,3.500519407,43.41355653,0.499185836
1690,2284.5,39.65043176,0.498053509,54.94223982,3.500041409,55.06351291,3.501683069,41.27253721,3.500314783,57.85832504,3.512740195,39.15239034,3.499929553,40.15962125,0.498053509,42.75573563,3.500519407,43.25720388,0.499185836
1691,2284.55,39.44291709,0.498053509,55.09556965,3.500041409,55.2012465,3.501683069,41.08681294,3.500314783,58.04334389,3.512740195,38.91544756,3.499929553,39.92607404,0.498053509,42.58584379,3.500519407,43.09867831,0.499185836
1692,2284.6,39.23105656,0.498053509,55.25310008,3.500041409,55.33909423,3.501683069,40.89902723,3.500314783,58.23053567,3.512740195,38.67633186,3.499929553,39.69252684,0.498053509,42.41377902,3.500519407,42.93797981,0.499185836
1693,2284.65,39.01485017,0.498053509,55.41444959,3.500041409,55.47700073,3.501683069,40.70940311,3.500314783,58.41990039,3.512740195,38.43504323,3.499929553,39.45897963,0.498053509,42.23954132,3.500519407,42.77510838,0.499185836
1694,2284.7,38.79429792,0.498053509,55.57662447,3.500041409,55.61596574,3.501683069,40.51760606,3.500314783,58.61143803,3.512740195,38.19158167,3.499929553,39.22543243,0.498053509,42.06313069,3.500519407,42.61006402,0.499185836
1695,2284.75,38.56939982,0.498053509,55.73684315,3.500041409,55.75704504,3.501683069,40.32363608,3.500314783,58.80514859,3.512740195,37.94594718,3.499956986,38.99188522,0.498053509,41.88454713,3.500519407,42.44284674,0.499185836
1696,2284.8,38.34015586,0.498053509,55.89634484,3.500041409,55.90160484,3.501683069,40.12749318,3.500314783,59.00103209,3.512740195,37.69813976,3.49998442,38.75833802,0.498053509,41.70379064,3.500519407,42.27345652,0.499185836
1697,2284.85,38.10656604,0.498053509,56.05560338,3.500041409,56.05015848,3.501683069,39.92917734,3.500314783,59.19908852,3.512740195,37.44815941,3.49998442,38.52479081,0.498053509,41.52086123,3.500519407,42.10189338,0.499185836
1698,2284.9,37.86863037,0.498053509,56.21348671,3.500041409,56.20159213,3.501683069,39.72868857,3.500314783,59.39931787,3.512740195,37.19600614,3.49998442,38.29124361,0.498053509,41.33575889,3.500519407,41.92815731,0.499185836
1699,2284.95,37.62634884,0.498053509,56.36985244,3.500041409,56.35577188,3.501683069,39.52602688,3.500314783,59.60172016,3.512740195,36.94167993,3.49998442,38.0576964,0.498053509,41.14848361,3.500519407,41.75224831,0.499185836
1700,2285,37.37972145,0.498053509,56.52625788,3.500041409,56.51425826,3.501683069,39.32119226,3.500314783,59.80629537,3.512740195,36.6851808,3.49998442,37.8241492,0.498053509,40.95903541,3.500519407,41.57416638,0.499185836
1701,2285.05,37.1287482,0.498053509,56.68227985,3.500041409,56.67662815,3.501683069,39.11418471,3.500314783,60.01304351,3.512740195,36.42650874,3.49998442,37.59060199,0.498053509,40.76741429,3.500519407,41.39391152,0.499185836
1702,2285.1,36.8734291,0.498053509,56.83636585,3.500041409,56.84132494,3.501683069,38.90500423,3.500314783,60.22196458,3.512740195,36.16566375,3.49998442,37.35705479,0.498053509,40.57362023,3.500519407,41.21148373,0.499185836
1703,2285.15,36.61376414,0.498053509,56.98833679,3.500041409,57.00815887,3.501683069,38.69390077,3.500314783,60.43305857,3.512740195,35.90264583,3.49998442,37.12350758,0.498053509,40.37765324,3.500519407,41.02688302,0.499185836
1704,2285.2,36.34975332,0.498053509,57.14025913,3.500041409,57.1791744,3.501683069,38.4814579,3.500314783,60.6463255,3.512740195,35.63745499,3.49998442,36.88996038,0.498053509,40.17951333,3.500519407,40.84010938,0.499185836
1705,2285.25,36.08139665,0.498053509,57.29118821,3.500041409,57.3533773,3.501683069,38.26709311,3.500314783,60.86176535,3.512740195,35.37009121,3.49998442,36.65641317,0.498053509,39.97920048,3.500519407,40.6511628,0.499185836
1706,2285.3,35.80923735,0.498053509,57.43834533,3.500041409,57.52789285,3.501683069,38.05055539,3.500314783,61.07937814,3.512740195,35.10055451,3.49998442,36.42232273,0.498053509,39.77671471,3.500519407,40.4600433,0.499185836
1707,2285.35,35.53490512,0.498053509,57.58469735,3.500041409,57.70344713,3.501683069,37.83184473,3.500314783,61.29916385,3.512740195,34.82884488,3.49998442,36.18605937,0.498053509,39.57205601,3.500519407,40.26675088,0.499185836
1708,2285.4,35.25839997,0.498053509,57.73556476,3.500041409,57.87890168,3.501683069,37.61096115,3.500314783,61.52112249,3.512740195,34.55496232,3.49998442,35.94762307,0.498053509,39.36522438,3.500519407,40.07128552,0.499185836
1709,2285.45,34.97972188,0.498053509,57.89085112,3.500041409,58.05429722,3.501683069,37.38790465,3.500314783,61.74525405,3.512740195,34.27890683,3.49998442,35.70701385,0.498053509,39.15621983,3.500519407,39.87364723,0.499185836
1710,2285.5,34.69887087,0.498053509,58.05034464,3.500041409,58.22983722,3.501683069,37.16267521,3.500314783,61.97155855,3.512740195,34.00067841,3.49998442,35.4642317,0.498053509,38.94504234,3.500519407,39.67383602,0.499185836
1711,2285.55,34.41584693,0.498053509,58.21296984,3.500041409,58.40659431,3.501683069,36.93527284,3.500314783,62.20003598,3.512740195,33.72027707,3.49998442,35.21927662,0.498053509,38.73169193,3.500519407,39.47185188,0.499185836
1712,2285.6,34.13065006,0.498053509,58.37719398,3.500041409,58.58610014,3.501683069,36.70569755,3.500314783,62.43068633,3.512740195,33.43770279,3.49998442,34.97214861,0.498053509,38.51616858,3.500519407,39.2676948,0.499185836
1713,2285.65,33.84328026,0.498053509,58.54363626,3.500041409,58.76773526,3.501683069,36.47394933,3.500314783,62.66350961,3.512740195,33.15295559,3.49998442,34.72284768,0.498053509,38.29847231,3.500519407,39.0613648,0.499185836
1714,2285.7,33.55373754,0.498053509,58.71402689,3.500041409,58.9497692,3.501683069,36.24016326,3.500314783,62.89850582,3.512740195,32.86603546,3.49998442,34.47137381,0.498053509,38.07860311,3.500519407,38.85286188,0.499185836
1715,2285.75,33.26202188,0.498053509,58.88751363,3.500041409,59.13305366,3.501683069,36.00460952,3.500314783,63.13567496,3.512740195,32.5769424,3.49998442,34.21772702,0.498053509,37.85656099,3.500519407,38.64218602,0.499185836
1716,2285.8,32.9681333,0.498053509,59.06512054,3.500041409,59.31656438,3.501683069,35.76688286,3.500314783,63.37501703,3.512740195,32.28567641,3.49998442,33.96190729,0.498053509,37.63234593,3.500519407,38.42933723,0.499185836
1717,2285.85,32.67207178,0.498053509,59.2462538,3.500041409,59.50089485,3.501683069,35.52698326,3.500314783,63.61653203,3.512740195,31.99223749,3.49998442,33.70391464,0.498053509,37.40595794,3.500519407,38.21431552,0.499185836
1718,2285.9,32.37383734,0.498053509,59.43147108,3.500041409,59.68548723,3.501683069,35.28491074,3.500314783,63.86021995,3.512740195,31.69662565,3.49998442,33.44374906,0.498053509,37.17739703,3.500519407,37.99712088,0.499185836
1719,2285.95,32.07342997,0.498053509,59.62049137,3.500041409,59.87062225,3.501683069,35.04066528,3.500314783,64.10608081,3.512740195,31.39884087,3.49998442,33.18141055,0.498053509,36.94666319,3.500519407,37.77775331,0.499185836
1720,2286,31.77084968,0.498053509,59.8118671,3.500041409,60.05774721,3.501683069,34.7942469,3.500314783,64.35411459,3.512740195,31.09888317,3.49998442,32.91689912,0.498053509,36.71375642,3.500519407,37.55621281,0.499185836
1721,2286.05,31.46609645,0.498053509,60.00635918,3.500041409,60.24610116,3.501683069,34.54565559,3.500314783,64.6043213,3.512740195,30.79675254,3.49998442,32.65021475,0.498053509,36.47867672,3.500519407,37.33249938,0.499185836
1722,2286.1,31.15917029,0.498053509,60.20421674,3.500041409,60.43543475,3.501683069,34.29490641,3.500314783,64.85670094,3.512740195,30.49244898,3.49998442,32.38135746,0.498053509,36.24142409,3.500519407,37.10661302,0.499185836
1723,2286.15,30.85007121,0.498053509,60.40610651,3.500041409,60.62508096,3.501683069,34.04202948,3.500314783,65.11125351,3.512740195,30.18597249,3.49998442,32.11032724,0.498053509,36.00199853,3.500519407,36.87855374,0.499185836
1724,2286.2,30.5387992,0.498053509,60.6121998,3.500041409,60.81486779,3.501683069,33.78697962,3.500314783,65.367979,3.512740195,29.87732307,3.49998442,31.83712409,0.498053509,35.76040005,3.500519407,36.64832152,0.499185836
1725,2286.25,30.22535426,0.498053509,60.82177126,3.500041409,61.00551934,3.501683069,33.52975684,3.500314783,65.62687743,3.512740195,29.56650073,3.49998442,31.56174801,0.498053509,35.51662863,3.500519407,36.41591638,0.499185836
1726,2286.3,29.90973639,0.498053509,61.03456085,3.500041409,61.19729353,3.501683069,33.27036112,3.500314783,65.88794878,3.512740195,29.25350545,3.49998442,31.284199,0.498053509,35.27068429,3.500519407,36.18133831,0.499185836
1727,2286.35,29.59194559,0.498053509,61.25174632,3.500041409,61.38900712,3.501683069,33.00879248,3.500314783,66.15119306,3.512740195,28.93833725,3.49998442,31.00447706,0.498053509,35.02256702,3.500519407,35.94458731,0.499185836
1728,2286.4,29.27198186,0.498053509,61.47260014,3.500041409,61.5813409,3.501683069,32.74505091,3.500314783,66.41661027,3.512740195,28.62099612,3.49998442,30.7225822,0.498053509,34.77227682,3.500519407,35.70566338,0.499185836
1729,2286.45,28.94984521,0.498053509,61.69388246,3.500041409,61.77567469,3.501683069,32.4791364,3.500314783,66.68420041,3.512740195,28.30148206,3.49998442,30.4385144,0.498053509,34.51981369,3.500519407,35.46456653,0.499185836
1730,2286.5,28.62553563,0.498053509,61.9124435,3.500041409,61.97012904,3.501683069,32.21104898,3.500314783,66.95396348,3.512740195,27.97979507,3.49998442,30.15227368,0.498053509,34.26517764,3.500519407,35.22129674,0.499185836
1731,2286.55,28.29905311,0.498053509,62.1285064,3.500041409,62.16623298,3.501683069,31.94078862,3.500314783,67.22589948,3.512740195,27.65593516,3.49998442,29.86386003,0.498053509,34.00836865,3.500519407,34.97585403,0.499185836
1732,2286.6,27.97039767,0.498053509,62.34323325,3.500041409,62.36522417,3.501683069,31.66835533,3.500314783,67.5000084,3.512740195,27.32990231,3.499995213,29.57327345,0.498053509,33.74938674,3.500519407,34.72823839,0.499185836
1733,2286.65,27.63956931,0.498053509,62.55577942,3.500041409,62.56628694,3.501683069,31.39374912,3.500314783,67.77629025,3.512740195,27.00169654,3.500006007,29.28051395,0.498053509,33.4882319,3.500519407,34.47844981,0.499185836
1734,2286.7,27.30656801,0.498053509,62.76746931,3.500041409,62.77075911,3.501683069,31.11696997,3.500314783,68.05474504,3.512740195,26.67131784,3.500006007,28.98558151,0.498053509,33.22490413,3.500519407,34.22648832,0.499185836
1735,2286.75,26.97139378,0.498053509,62.97740517,3.500041409,62.97775042,3.501683069,30.8380179,3.500314783,68.33537275,3.512740195,26.33876621,3.500006007,28.68847615,0.498053509,32.95940343,3.500519407,33.97235389,0.499185836
1736,2286.8,26.63404663,0.498053509,63.1858724,3.500041409,63.18754932,3.501683069,30.5568929,3.500314783,68.61817339,3.512740195,26.00404165,3.500006007,28.38919785,0.498053509,32.6917298,3.500519407,33.71604653,0.499185836
1737,2286.85,26.29452654,0.498053509,63.39382093,3.500041409,63.40110574,3.501683069,30.27359497,3.500314783,68.90314695,3.512740195,25.66714416,3.500006007,28.08774663,0.498053509,32.42188324,3.500519407,33.45756625,0.499185836
1738,2286.9,25.95283353,0.498053509,63.59924303,3.500041409,63.61640932,3.501683069,29.98850677,3.500314783,69.19029345,3.512740195,25.32807374,3.500006007,27.78412248,0.498053509,32.14986376,3.500519407,33.19691303,0.499185836
1739,2286.95,25.60896759,0.498053509,63.80199841,3.500041409,63.83331225,3.501683069,29.70242166,3.500314783,69.47961287,3.512740195,24.9868304,3.500006007,27.4783254,0.498053509,31.87567135,3.500519407,32.93408689,0.499185836
1740,2287,25.26292872,0.498053509,64.00479874,3.500041409,64.05451152,3.501683069,29.41424778,3.500314783,69.77110523,3.512740195,24.64341413,3.500006007,27.17035539,0.498053509,31.599306,3.500519407,32.66908782,0.499185836
1741,2287.05,24.91471693,0.498053509,64.20765519,3.500041409,64.27999033,3.501683069,29.12398955,3.500314783,70.06477051,3.512740195,24.29782492,3.500006007,26.86021246,0.498053509,31.32076773,3.500519407,32.40191582,0.499185836
1742,2287.1,48.99945677,0.999456768,49.00054323,2.000543232,49.00054323,3.000543232,49.99945677,1.000543232,50.00054323,2.000543232,49.99945677,3.000543232,50.99945677,0.999456768,50.99952141,2.000543232,50.99945677,2.999456768
1743,2287.15,48.99674061,0.996740607,49.00325939,2.003259393,49.00325939,3.003259393,49.99674061,1.003259393,50.00325939,2.003259393,49.99674061,3.003259393,50.99674061,0.996740607,50.99706384,2.003259393,50.99674061,2.996740607
1744,2287.2,48.99185152,0.991851518,49.00814848,2.008148482,49.00814848,3.008148482,49.99185152,1.008148482,50.00814848,2.008148482,49.99185152,3.0076829,50.99185152,0.991851518,50.99243334,2.008148482,50.99185152,2.991851518
1745,2287.25,48.9847895,0.9847895,49.01438934,2.0152105,49.0152105,3.0152105,49.9847895,1.0152105,50.0152105,2.0152105,49.9847895,3.012882592,50.9847895,0.9847895,50.98562991,2.0152105,50.9847895,2.9847895
1746,2287.3,48.97555455,0.975554554,49.02033963,2.024445446,49.02444545,3.024445446,49.97566354,1.024445446,50.02444545,2.024445446,49.97555455,3.020255212,50.97555455,0.975554554,50.97665355,2.024445446,50.97555455,2.975554554
1747,2287.35,48.96414668,0.964146679,49.02819143,2.035853321,49.03585332,3.035853321,49.96469162,1.035853321,50.03585332,2.035853321,49.96414668,3.02980076,50.96414668,0.964146679,50.96550426,2.035853321,50.96414668,2.964146679
1748,2287.4,48.95056588,0.950565876,49.03716911,2.049434124,49.04943412,3.049434124,49.95154677,1.049434124,50.04943412,2.049434124,49.95056588,3.041269871,50.95056588,0.950565876,50.95218204,2.049434124,50.95056588,2.950565876
1749,2287.45,48.93481214,0.934812144,49.04709698,2.065187856,49.06518786,3.065187856,49.93622899,1.065187856,50.06518786,2.065187856,49.93481214,3.054001511,50.93481214,0.934812144,50.9366869,2.065187856,50.93481214,2.934812144
1750,2287.5,48.91688548,0.916885484,49.05762425,2.083114516,49.08311452,3.083114516,49.91873828,1.083114516,50.08311452,2.083114516,49.91688548,3.068419175,50.91688548,0.916885484,50.91901882,2.083114516,50.91688548,2.916885484
1751,2287.55,48.89678589,0.896785895,49.06953304,2.103214105,49.10321411,3.103214105,49.89907464,1.103214105,50.10321411,2.103214105,49.89678589,3.085009769,50.89678589,0.896785895,50.89917782,2.103214105,50.89678589,2.896785895
1752,2287.6,48.87451338,0.874513377,49.08119276,2.125486623,49.12548662,3.125486623,49.87723808,1.125486623,50.12548662,2.125486623,49.87451338,3.103523828,50.87451338,0.874513377,50.87716389,2.125486623,50.87451338,2.874513377
1753,2287.65,48.85006793,0.850067931,49.09488202,2.149932069,49.14993207,3.149932069,49.85335616,1.149932069,50.14993207,2.149932069,49.85006793,3.123462429,50.85006793,0.850067931,50.85297703,2.149932069,50.85006793,2.850067931
1754,2287.7,48.82344956,0.823449557,49.11016166,2.176550443,49.17597692,3.175976923,49.82768405,1.176550443,50.17599705,2.175997046,49.82294163,3.145066029,50.82344956,0.823449557,50.82553369,2.175466891,50.82291585,2.822915846
1755,2287.75,48.79465825,0.794658254,49.12579169,2.205341746,49.2018947,3.201894696,49.79983901,1.205341746,50.20202009,2.20202009,49.79161804,3.166818199,50.79465825,0.794658254,50.79158206,2.198839278,50.79146105,2.791461053
1756,2287.8,48.76369402,0.763694022,49.14336997,2.236305978,49.22766065,3.22766065,49.76982103,1.236305978,50.2279938,2.227993804,49.75612819,3.188749966,50.76369402,0.763694022,50.75111775,2.22004484,50.75572717,2.755727172
1757,2287.85,48.73055686,0.730556862,49.16312117,2.269443138,49.25324561,3.253245608,49.73763014,1.269443138,50.25390066,2.253900664,49.71651033,3.210899584,50.73055686,0.730556862,50.70413794,2.239080772,50.71498437,2.714984365
1758,2287.9,48.69524677,0.695246773,49.1847705,2.304753227,49.27861415,3.278614148,49.70326631,1.304753227,50.27894059,2.278940593,49.67281353,3.233316121,50.69524677,0.695246773,50.65064469,2.255949112,50.66698477,2.666984774
1759,2287.95,48.65776376,0.657763756,49.20749298,2.342236244,49.3037217,3.303721699,49.66672955,1.342236244,50.3007586,2.300758597,49.62510417,3.256065949,50.65776376,0.657763756,50.5906502,2.270662064,50.6118042,2.611804201
1760,2288,48.61810781,0.618107811,49.2312587,2.381892189,49.3285694,3.328569396,49.62801987,1.381892189,50.31928554,2.31928554,49.57347916,3.278932425,50.61810781,0.618107811,50.52418635,2.283251523,50.54954853,2.54954853
1761,2288.05,48.57627894,0.576278936,49.25628655,2.423721064,49.35319388,3.353193883,49.58713725,1.423721064,50.33442114,2.334421141,49.51810116,3.301451114,50.57627894,0.576278936,50.451341,2.293805336,50.48038412,2.480384122
1762,2288.1,48.53227713,0.532277134,49.28348732,2.467722866,49.37728599,3.377285985,49.54408171,1.467722866,50.34599848,2.345998484,49.4593074,3.324899896,50.53227713,0.532277134,50.37244052,2.302649875,50.40462245,2.404622451
1763,2288.15,48.4861024,0.498053509,49.31247446,2.513897598,49.40065135,3.400651352,49.49885324,1.513897598,50.35381851,2.353818507,49.39801689,3.350197784,50.4861024,0.498053509,50.28885902,2.311159242,50.32302361,2.323023612
1764,2288.2,48.43775474,0.498053509,49.34247486,2.562245257,49.42347726,3.423477259,49.45145184,1.562245257,50.36026118,2.360261181,49.33615117,3.379266326,50.43775474,0.498053509,50.20311335,2.321850312,50.23884381,2.238843812
1765,2288.25,48.38723415,0.498053509,49.37464819,2.612765846,49.44745233,3.447452332,49.40187751,1.612765846,50.37278063,2.372780629,49.27511289,3.413508163,50.38723415,0.498053509,50.1162233,2.335742854,50.1585147,2.1585147
1766,2288.3,48.33454064,0.498053509,49.40889784,2.665459363,49.4746118,3.474611797,49.35013026,1.665459363,50.39213815,2.392138152,49.214623,3.452644242,50.33454064,0.498053509,50.03011098,2.354758977,50.08202114,2.08202114
1767,2288.35,48.27967419,0.498053509,49.44377856,2.719586424,49.50558906,3.497087788,49.29627526,1.720325808,50.41853711,2.418537114,49.15443785,3.496430919,50.27967419,0.498053509,49.94569709,2.379819394,50.00920687,2.009206875
1768,2288.4,48.22263482,0.498053509,49.47630714,2.772907398,49.54067964,3.498173282,49.24072074,1.777365182,50.45206265,2.452062646,49.09435224,3.508220636,50.22263482,0.498053509,49.86370438,2.41164684,49.9399788,1.939978803
1769,2288.45,48.16342252,0.498053509,49.50755965,2.825350644,49.57956882,3.499800896,49.18382684,1.836577485,50.49199194,2.49199194,49.03421787,3.508220636,50.16342252,0.498053509,49.78366208,2.449770556,49.8735114,1.873511396
1770,2288.5,48.10203728,0.498053509,49.53733478,2.877499874,49.62058972,3.500343016,49.12476001,1.897962716,50.53555627,2.535556269,48.97404968,3.508220636,50.10203728,0.498053509,49.70606632,2.494686677,49.80746197,1.807461966
1771,2288.55,48.03847912,0.498053509,49.5683485,2.931235802,49.66362872,3.500343016,49.06354784,1.961520875,50.58129353,2.581293527,48.9133173,3.508220636,50.03847912,0.498053509,49.62878079,2.544258877,49.74116385,1.74116385
1772,2288.6,47.97274804,0.498053509,49.59994177,2.986868616,49.70822792,3.500343016,49.0002455,2.027251963,50.62920371,2.629203714,48.850412,3.508220636,49.97274804,0.498053509,49.55117693,2.597858602,49.67269281,1.672692805
1773,2288.65,47.90484402,0.498053509,49.63115058,3.044910047,49.75295332,3.500343016,48.93477023,2.09515598,50.67928683,2.679286828,48.78533376,3.508220636,49.90484402,0.498053509,49.4735943,2.655825427,49.60204883,1.602048832
1774,2288.7,47.83476708,0.498053509,49.66449948,3.106032627,49.79744265,3.500343016,48.86712203,2.165232925,50.73154287,2.731542872,48.71808259,3.508220636,49.83476708,0.498053509,49.39633188,2.718458306,49.52923193,1.52923193
1775,2288.75,47.7625172,0.498053509,49.70165369,3.170960524,49.84140073,3.500343016,48.79730091,2.237482799,50.78597184,2.785971844,48.6486585,3.508220636,49.7625172,0.498053509,49.31987307,2.786240653,49.4542421,1.4542421
1776,2288.8,47.6880944,0.498053509,49.74269067,3.240371282,49.88497934,3.500343016,48.72530686,2.311905601,50.84257374,2.842573744,48.57706148,3.508220636,49.6880944,0.498053509,49.24385788,2.858812483,49.37707934,1.377079341
1777,2288.85,47.61149867,0.498053509,49.78690288,3.314849288,49.92862257,3.500343016,48.65113987,2.388501331,50.90134857,2.901348573,48.50329153,3.508220636,49.61149867,0.498053509,49.16663891,2.934526389,49.29774365,1.297743653
1778,2288.9,47.53273001,0.498053509,49.83623491,3.394722246,49.97156698,3.500343016,48.57479996,2.467269991,50.96229633,2.96229633,48.42734865,3.508220636,49.53273001,0.498053509,49.08724701,3.012413225,49.21623504,1.216235037
1779,2288.95,47.45178842,0.498053509,49.89077465,3.479802914,50.0137414,3.500343016,48.49628713,2.548211579,51.02541702,3.025417016,48.34923284,3.508220636,49.45178842,0.498053509,49.00568219,3.092472989,49.13255349,1.132553493
1780,2289,47.36867391,0.498053509,49.95020621,3.502038031,50.05568153,3.500343016,48.41560136,2.631326095,51.09071063,3.090710631,48.2689441,3.508220636,49.36839429,0.498053509,48.92194444,3.174705682,49.04695926,1.046959258
1781,2289.05,47.28338646,0.498053509,50.01380777,3.502038031,50.09780308,3.500343016,48.33274266,2.71661354,51.15817717,3.158177174,48.18648244,3.508220636,49.28174975,0.498053509,48.83603375,3.259111303,48.96018713,0.960187134
1782,2289.1,47.19592609,0.498053509,50.08139977,3.502038031,50.14029316,3.500343016,48.24771104,2.804073913,51.22781665,3.227816646,48.10184785,3.508220636,49.19202977,0.498053509,48.74795014,3.345689852,48.87203961,0.872039609
1783,2289.15,47.10629278,0.498053509,50.15188486,3.502038031,50.18430588,3.500343016,48.16112671,2.894327442,51.29962905,3.299629046,48.01441511,3.508220636,49.09946001,0.498053509,48.65832104,3.435068769,48.78225564,0.782255641
1784,2289.2,47.01448655,0.498053509,50.22338351,3.502038031,50.23054226,3.500343016,48.07470109,2.989085535,51.37361437,3.373614374,47.92169554,3.508220636,49.00434621,0.498053509,48.56895879,3.504736964,48.6904731,0.690473102
1785,2289.25,46.9205074,0.498053509,50.29240514,3.502038031,50.27940392,3.500343016,47.98816785,3.088081856,51.44977263,3.449772632,47.82187453,3.508220636,48.90712117,0.498053509,48.4791916,3.504736964,48.59617291,0.59617291
1786,2289.3,46.82435531,0.498053509,50.36009055,3.502038031,50.33148026,3.500343016,47.90198387,3.191568239,51.52810382,3.508113597,47.71560764,3.508220636,48.80840425,0.498053509,48.38755391,3.504736964,48.49863065,0.523747259
1787,2289.35,46.72603029,0.498053509,50.42586326,3.502038031,50.38612586,3.500343016,47.81556838,3.298553768,51.60860793,3.508113597,47.60451301,3.508220636,48.70895545,0.498053509,48.29409749,3.504736964,48.3971337,0.522716726
1788,2289.4,46.62553235,0.498053509,50.4915601,3.502038031,50.44515048,3.500343016,47.72811734,3.408849608,51.69128497,3.508113597,47.48822876,3.508220636,48.60928522,0.498053509,48.19982532,3.504736964,48.29150692,0.517556367
1789,2289.45,46.52286147,0.498053509,50.55699901,3.502038031,50.50835918,3.500343016,47.63983169,3.493687756,51.77613495,3.508113597,47.36697971,3.508220636,48.50941422,0.498053509,48.10521804,3.504736964,48.18171045,0.508226325
1790,2289.5,46.41801767,0.498053509,50.62085097,3.502038031,50.57441817,3.500343016,47.54985741,3.494276319,51.86315785,3.508113597,47.24124704,3.508220636,48.40940031,0.498053509,48.01056397,3.504736964,48.0676701,0.498855057
1791,2289.55,46.31100094,0.498053509,50.6810211,3.502038031,50.64123434,3.500343016,47.45788195,3.497209562,51.95235367,3.508113597,47.11105776,3.508220636,48.30932416,0.498053509,47.91586785,3.504736964,47.949308,0.498855057
1792,2289.6,46.20181128,0.498053509,50.73993858,3.502038031,50.71124403,3.500343016,47.36386193,3.500712227,52.04372243,3.508113597,46.97644749,3.508220636,48.20924213,0.498053509,47.82114293,3.504736964,47.82660577,0.498855057
1793,2289.65,46.0904487,0.498053509,50.79763405,3.502038031,50.78449377,3.500343016,47.26774847,3.500712227,52.13726412,3.508113597,46.83744233,3.508220636,48.10915456,0.498053509,47.72640063,3.504736964,47.69956301,0.498855057
1794,2289.7,45.97691318,0.498053509,50.85173067,3.502038031,50.85864621,3.500343016,47.16952565,3.500712227,52.23297873,3.508113597,46.69404769,3.508220636,48.00906184,0.498053509,47.631641,3.504736964,47.56817935,0.498855057
1795,2289.75,45.86120474,0.498053509,50.90353329,3.502038031,50.93516817,3.500343016,47.06919231,3.500712227,52.33086627,3.508113597,46.546272,3.508220636,47.90896438,0.498053509,47.53686031,3.504736964,47.43245438,0.498855057
1796,2289.8,45.74332336,0.498053509,50.9557658,3.502038031,51.01498998,3.500343016,46.96675184,3.500712227,52.43092674,3.508113597,46.39412689,3.508220636,47.80886254,0.498053509,47.44205099,3.504736964,47.29238774,0.498855057
1797,2289.85,45.62326906,0.498053509,51.01158864,3.502038031,51.09520152,3.500343016,46.86218879,3.500712227,52.53316014,3.508113597,46.23760401,3.508220636,47.70875671,0.498053509,47.34722495,3.504736964,47.14797907,0.498855057
1798,2289.9,45.50104183,0.498053509,51.07099161,3.502038031,51.17615116,3.500343016,46.7554998,3.500712227,52.63756647,3.508113597,46.07670623,3.508220636,47.60864722,0.498053509,47.25238252,3.504736964,46.99922804,0.498855057
1799,2289.95,45.37664167,0.498053509,51.13467253,3.502038031,51.25715919,3.500343016,46.64668186,3.500712227,52.74414573,3.508113597,45.91143604,3.508220636,47.50853439,0.498053509,47.15752406,3.504736964,46.84613434,0.498855057
1800,2290,45.25006859,0.498053509,51.2022269,3.502038031,51.33863506,3.500343016,46.53573224,3.500712227,52.85289791,3.508113597,45.74234457,3.508220636,47.40841851,0.498053509,47.06264999,3.504736964,46.6886977,0.498855057
1801,2290.05,45.12132257,0.498053509,51.27271696,3.502038031,51.4215183,3.500343016,46.42209975,3.500712227,52.96382303,3.508113597,45.57108017,3.508220636,47.30829985,0.498053509,46.96776076,3.504736964,46.52691786,0.498855057
1802,2290.1,44.99040363,0.498053509,51.3470712,3.502038031,51.50488141,3.500343016,46.30413632,3.500712227,53.07692107,3.508113597,45.39764284,3.508220636,47.207636,0.498053509,46.87285688,3.504736964,46.36133726,0.498855057
1803,2290.15,44.85731176,0.498053509,51.42500118,3.502038031,51.58901355,3.500343016,46.1818414,3.500712227,53.19219204,3.508113597,45.22203258,3.508220636,47.10479923,0.498053509,46.7779389,3.504736964,46.19358374,0.498855057
1804,2290.2,44.72204695,0.498053509,51.50586866,3.502038031,51.6745533,3.500343016,46.05521442,3.500712227,53.30963594,3.508113597,45.04424939,3.508220636,46.99978952,0.498053509,46.68300746,3.504736964,46.02365729,0.498855057
1805,2290.25,44.58460922,0.498053509,51.58890425,3.502038031,51.76227019,3.500343016,45.92425473,3.500712227,53.42925277,3.508113597,44.86429328,3.508220636,46.89260689,0.498053509,46.58752304,3.504736964,45.85155791,0.498855057
1806,2290.3,44.44499857,0.498053509,51.67469744,3.502038031,51.85157484,3.500343016,45.78950191,3.500712227,53.55104252,3.508113597,44.68216423,3.508220636,46.78325133,0.498053509,46.4898657,3.504736964,45.6772856,0.498855057
1807,2290.35,44.30321498,0.498053509,51.76435568,3.502038031,51.94136008,3.500343016,45.65257616,3.500712227,53.67500521,3.508113597,44.49786226,3.508220636,46.67172284,0.498053509,46.39003542,3.504736964,45.50084036,0.498855057
1808,2290.4,44.15925846,0.498053509,51.8569555,3.502038031,52.03254964,3.500343016,45.51347748,3.500712227,53.80114082,3.508113597,44.31138736,3.508220636,46.55802142,0.498053509,46.28803222,3.504736964,45.32222219,0.498855057
1809,2290.45,44.01312902,0.498053509,51.95150198,3.502038031,52.12613845,3.500343016,45.37220588,3.500712227,53.92944936,3.508113597,44.12273953,3.508220636,46.44214707,0.498053509,46.18385609,3.504736964,45.1414311,0.498855057
1810,2290.5,43.86482665,0.498053509,52.05006782,3.502038031,52.22005407,3.500343016,45.22885423,3.500712227,54.05993083,3.508113597,43.93191877,3.508220636,46.3240998,0.498053509,46.07750703,3.504736964,44.95846708,0.498855057
1811,2290.55,43.71435135,0.498053509,52.15205699,3.502038031,52.31489293,3.500343016,45.08387817,3.500712227,54.19258523,3.508113597,43.73892509,3.508220636,46.2038796,0.498053509,45.96898504,3.504736964,44.77333012,0.498855057
1812,2290.6,43.56170312,0.498053509,52.2578827,3.502038031,52.41024235,3.500343016,44.93753885,3.500712227,54.32741256,3.508113597,43.54375847,3.508220636,46.08148646,0.498053509,45.85829013,3.504736964,44.58602024,0.498855057
1813,2290.65,43.40688196,0.498053509,52.36658673,3.502038031,52.50706121,3.500343016,44.7890266,3.500712227,54.46441282,3.508113597,43.34641893,3.508220636,45.9569204,0.498053509,45.74542228,3.504736964,44.39653744,0.498855057
1814,2290.7,43.24988787,0.498053509,52.47959734,3.502038031,52.60392261,3.500343016,44.63834142,3.500712227,54.603586,3.508113597,43.14690646,3.508220636,45.83018141,0.498053509,45.63038151,3.504736964,44.2048817,0.498855057
1815,2290.75,43.09072086,0.498053509,52.59690671,3.502038031,52.70083766,3.500343016,44.48548331,3.500712227,54.74493211,3.508113597,42.94522106,3.508220636,45.7012695,0.498053509,45.51316781,3.504736964,44.01105303,0.498855057
1816,2290.8,42.92938092,0.498053509,52.71838632,3.502038031,52.79794552,3.500343016,44.33045227,3.500712227,54.88845116,3.508113597,42.74136273,3.508220636,45.57018465,0.498053509,45.39378117,3.504736964,43.81505144,0.498855057
1817,2290.85,42.76586804,0.498053509,52.84328461,3.502038031,52.89620012,3.500343016,44.17349294,3.500712227,55.03414313,3.508113597,42.53533147,3.508220636,45.43692687,0.498053509,45.27222161,3.504736964,43.61687691,0.498855057
1818,2290.9,42.60018224,0.498053509,52.96978082,3.502038031,52.99773877,3.500343016,44.01509457,3.500712227,55.18200803,3.508113597,42.32712728,3.508220636,45.30149617,0.498053509,45.14848913,3.504736964,43.41652946,0.498855057
1819,2290.95,42.43232351,0.498053509,53.09601001,3.502038031,53.1037566,3.500343016,43.85452328,3.500712227,55.33204585,3.508113597,42.11675017,3.508220636,45.16389254,0.498053509,45.02258371,3.504736964,43.21400908,0.498855057
1820,2291,42.26229186,0.498053509,53.22202885,3.502038031,53.21407634,3.500343016,43.69177906,3.500712227,55.48425661,3.508113597,41.90420013,3.508220636,45.02411598,0.498053509,44.89450537,3.504736964,43.00931577,0.498855057
1821,2291.05,42.09008727,0.498053509,53.34702941,3.502038031,53.32784068,3.500343016,43.52686191,3.500712227,55.63864029,3.508113597,41.68947715,3.508220636,44.88216649,0.498053509,44.76425409,3.504736964,42.80244954,0.498855057
1822,2291.1,41.91570976,0.498053509,53.46996097,3.502038031,53.44397877,3.500343016,43.35977183,3.500712227,55.79519691,3.508113597,41.47258125,3.508220636,44.73804407,0.498053509,44.63182989,3.504736964,42.59341037,0.498855057
1823,2291.15,41.73915931,0.498053509,53.59172292,3.502038031,53.56338032,3.500343016,43.19050882,3.500712227,55.95392645,3.508113597,41.25351242,3.508220636,44.59174873,0.498053509,44.49723276,3.504736964,42.38219828,0.498855057
1824,2291.2,41.56043594,0.498053509,53.71188716,3.502038031,53.68561332,3.500343016,43.01907289,3.500712227,56.11482892,3.508113597,41.03227067,3.508220636,44.44328045,0.498053509,44.3604627,3.504736964,42.16881325,0.498855057
1825,2291.25,41.37899579,0.498053509,53.8316879,3.502038031,53.81191229,3.500343016,42.84546402,3.500712227,56.27790432,3.508113597,40.80885598,3.508220636,44.29263925,0.498053509,44.22151971,3.504736964,41.95379917,0.498855057
1826,2291.3,41.19320725,0.498053509,53.95064221,3.502038031,53.94179907,3.500343016,42.66995236,3.500712227,56.44315264,3.508113597,40.58326837,3.508220636,44.13982512,0.498053509,44.0804038,3.504736964,41.73878767,0.498855057
1827,2291.35,41.00307022,0.498053509,54.06840824,3.502038031,54.07494342,3.500343016,42.49307815,3.500712227,56.6105739,3.508113597,40.35550782,3.508220636,43.98483806,0.498053509,43.93711495,3.504736964,41.52377886,0.498855057
1828,2291.4,40.8085846,0.498053509,54.18409327,3.502038031,54.21047809,3.500343016,42.31447471,3.500712227,56.78016808,3.508113597,40.12557435,3.508220636,43.82767807,0.498053509,43.79165318,3.504736964,41.30877284,0.498855057
1829,2291.45,40.60975027,0.498053509,54.29733876,3.502038031,54.3481172,3.500343016,42.13502941,3.500712227,56.95193519,3.508113597,39.89346795,3.508220636,43.66834515,0.498053509,43.64401848,3.504736964,41.09376971,0.498855057
1830,2291.5,40.40656716,0.498053509,54.40888847,3.502038031,54.48781083,3.500343016,41.95341119,3.500712227,57.12587524,3.508113597,39.65918862,3.508220636,43.5068393,0.498053509,43.49421085,3.504736964,40.87876954,0.498855057
1831,2291.55,40.19903521,0.498053509,54.52105118,3.502038031,54.62785903,3.500343016,41.76962003,3.500712227,57.30198821,3.508113597,39.42273637,3.508220636,43.34316053,0.498053509,43.34223029,3.504736964,40.66377238,0.498855057
1832,2291.6,39.98715437,0.498053509,54.63691491,3.502038031,54.76850271,3.500343016,41.58365595,3.500712227,57.4802741,3.508113597,39.18411118,3.508220636,43.17730883,0.498053509,43.1880768,3.504736964,40.44877826,0.498855057
1833,2291.65,39.77092462,0.498053509,54.75554378,3.502038031,54.91071356,3.500343016,41.39551894,3.500712227,57.66073293,3.508113597,38.94331307,3.508220636,43.0092842,0.498053509,43.03175038,3.504736964,40.2337872,0.498855057
1834,2291.7,39.55034596,0.498053509,54.87839891,3.502038031,55.05303793,3.500343016,41.205209,3.500712227,57.84336469,3.508113597,38.70034202,3.508220636,42.83908664,0.498053509,42.87325104,3.504736964,40.01879918,0.498855057
1835,2291.75,39.32541842,0.498053509,55.00534791,3.502038031,55.19561111,3.500343016,41.01285461,3.500712227,58.02816937,3.508113597,38.45519805,3.508220636,42.66671615,0.498053509,42.71257877,3.504736964,39.80381417,0.498855057
1836,2291.8,39.09614203,0.498053509,55.13651888,3.502038031,55.33830632,3.500343016,40.81871273,3.500712227,58.21514698,3.508113597,38.20788115,3.508220636,42.49217273,0.498053509,42.54973357,3.504736964,39.58883212,0.498855057
1837,2291.85,38.86251686,0.498053509,55.27080484,3.502038031,55.48223121,3.500343016,40.62239792,3.500712227,58.40429752,3.508113597,37.95839132,3.508220636,42.31545639,0.498053509,42.38471544,3.504736964,39.37385295,0.498855057
1838,2291.9,38.62454301,0.498053509,55.40595907,3.502038031,55.62963255,3.500343016,40.42423612,3.500712227,58.59562099,3.508113597,37.70672857,3.508220636,42.13656711,0.498053509,42.21752438,3.504736964,39.15887656,0.498855057
1839,2291.95,38.38222056,0.498053509,55.54278995,3.502038031,55.77970199,3.500343016,40.22487916,3.500712227,58.78911739,3.508113597,37.45289288,3.508220636,41.95550491,0.498053509,42.04816039,3.504736964,38.94390285,0.498855057
1840,2292,38.13554963,0.498053509,55.68182628,3.502038031,55.93191085,3.500343016,40.02334928,3.500712227,58.98478672,3.508113597,37.19688427,3.508220636,41.77226978,0.498053509,41.87662347,3.504736964,38.72838787,0.498855057
1841,2292.05,37.88507416,0.498053509,55.82443146,3.502038031,56.08489598,3.500343016,39.81964648,3.500712227,59.18262897,3.508113597,36.93870273,3.508220636,41.58686172,0.498053509,41.70291363,3.504736964,38.51069995,0.498855057
1842,2292.1,37.63242576,0.498053509,55.97043471,3.502038031,56.23882837,3.500343016,39.61377074,3.500712227,59.38264415,3.508113597,36.67834826,3.508220636,41.39928073,0.498053509,41.52703086,3.504736964,38.29083911,0.498855057
1843,2292.15,37.37760444,0.498053509,56.11886805,3.502038031,56.39467612,3.500343016,39.40572207,3.500712227,59.58483227,3.508113597,36.41582086,3.508220636,41.20952681,0.498053509,41.34897516,3.504736964,38.06880534,0.498855057
1844,2292.2,37.12061019,0.498053509,56.27053899,3.502038031,56.5516318,3.500343016,39.19550048,3.500712227,59.78919331,3.508113597,36.15112053,3.508220636,41.01759997,0.498053509,41.16874653,3.504736964,37.84459864,0.498855057
1845,2292.25,36.861443,0.498053509,56.42488998,3.502038031,56.71025306,3.500343016,38.98310595,3.500712227,59.99572728,3.508113597,35.88424727,3.508220636,40.82350019,0.498053509,40.98634497,3.504736964,37.61821901,0.498855057
1846,2292.3,36.60010289,0.498053509,56.57969297,3.502038031,56.87276786,3.500343016,38.7690566,3.500712227,60.20443417,3.508113597,35.61520109,3.508220636,40.62722749,0.498053509,40.80177048,3.504736964,37.38966646,0.498855057
1847,2292.35,36.33658986,0.498053509,56.73697498,3.502038031,57.03714918,3.500343016,38.55438862,3.500712227,60.415314,3.508113597,35.34398197,3.508220636,40.42878186,0.498053509,40.61502307,3.504736964,37.15894097,0.498855057
1848,2292.4,36.07090389,0.498053509,56.89828829,3.502038031,57.20184485,3.500343016,38.33754771,3.500712227,60.62836675,3.508113597,35.07058993,3.508220636,40.2281633,0.498053509,40.42610272,3.504736964,36.92604256,0.498855057
1849,2292.45,35.80304499,0.498053509,57.0630383,3.502038031,57.36744958,3.500343016,38.11853387,3.500712227,60.84359244,3.508113597,34.79502496,3.508220636,40.02537181,0.498053509,40.23500945,3.504736964,36.69097122,0.498855057
1850,2292.5,35.53301317,0.498053509,57.23192049,3.502038031,57.53326803,3.500343016,37.8973471,3.500712227,61.06099105,3.508113597,34.51728706,3.508220636,39.8204074,0.498053509,40.04174325,3.504736964,36.45372695,0.498855057
1851,2292.55,35.26080842,0.498053509,57.40454074,3.502038031,57.69969445,3.500343016,37.67409268,3.500712227,61.28056259,3.508113597,34.23737623,3.508220636,39.61327005,0.498053509,39.84630412,3.504736964,36.21430975,0.498855057
1852,2292.6,34.98643074,0.498053509,57.58148953,3.502038031,57.86613854,3.500343016,37.44898116,3.500712227,61.50230706,3.508113597,33.95529248,3.508220636,39.40395978,0.498053509,39.64869206,3.504736964,35.97271962,0.498855057
1853,2292.65,34.70988013,0.498053509,57.76234713,3.502038031,58.03302024,3.500343016,37.22169672,3.500712227,61.72622446,3.508113597,33.67103579,3.508220636,39.19247658,0.498053509,39.44890708,3.504736964,35.72895656,0.498855057
1854,2292.7,34.43115659,0.498053509,57.94627446,3.502038031,58.20117885,3.500343016,36.99278414,3.500712227,61.95231478,3.508113597,33.38460618,3.508220636,38.97882045,0.498053509,39.24694916,3.504736964,35.48302058,0.498855057
1855,2292.75,34.15026012,0.498053509,58.13430085,3.502038031,58.3695854,3.500343016,36.76339595,3.500712227,62.18057804,3.508113597,33.09600364,3.508220636,38.76299139,0.498053509,39.04281832,3.504736964,35.23491167,0.498855057
1856,2292.8,33.86719073,0.498053509,58.32597253,3.502038031,58.53869427,3.500343016,36.53202358,3.500712227,62.41101422,3.508113597,32.80522817,3.508220636,38.5449894,0.498053509,38.83651454,3.504736964,34.98462983,0.498855057
1857,2292.85,33.5819484,0.498053509,58.52150672,3.502038031,58.70828936,3.500343016,36.29907765,3.500712227,62.64362333,3.508113597,32.51227977,3.508220636,38.32481448,0.498053509,38.62803784,3.504736964,34.73217506,0.498855057
1858,2292.9,33.29453315,0.498053509,58.7192045,3.502038031,58.88007148,3.500343016,36.06575689,3.500712227,62.87840537,3.508113597,32.21715844,3.508220636,38.10246664,0.498053509,38.41738821,3.504736964,34.47754736,0.498855057
1859,2292.95,33.00494497,0.498053509,58.91885778,3.502038031,59.05425338,3.500343016,35.8302632,3.500712227,63.11536034,3.508113597,31.91986418,3.508220636,37.87794587,0.498053509,38.20456566,3.504736964,34.22074673,0.498855057
1860,2293,32.71318386,0.498053509,59.12268632,3.502038031,59.22864173,3.500343016,35.59259659,3.500712227,63.35448824,3.508113597,31.620397,3.508220636,37.65125216,0.498053509,37.98957017,3.504736964,33.96177317,0.498855057
1861,2293.05,32.41924982,0.498053509,59.33010037,3.502038031,59.40462254,3.500343016,35.35281674,3.500712227,63.59578906,3.508113597,31.31875689,3.508220636,37.42238553,0.498053509,37.77240176,3.504736964,33.70062669,0.498855057
1862,2293.1,32.12314286,0.498053509,59.53958942,3.502038031,59.58515271,3.500343016,35.11104305,3.500712227,63.83926282,3.508113597,31.01494385,3.508220636,37.19134597,0.498053509,37.55306041,3.504736964,33.43730728,0.498855057
1863,2293.15,31.82486296,0.498053509,59.74827865,3.502038031,59.76940577,3.500343016,34.86709642,3.500712227,64.0849095,3.508113597,30.70895788,3.508220636,36.95813349,0.498053509,37.33154614,3.504736964,33.17181493,0.498855057
1864,2293.2,31.52441014,0.498053509,59.95482335,3.502038031,59.95596601,3.500343016,34.62097687,3.500712227,64.33272911,3.508113597,30.40079898,3.508220636,36.72274807,0.498053509,37.10785894,3.504736964,32.90414966,0.498855057
1865,2293.25,31.22178439,0.498053509,60.16103644,3.502038031,60.14662056,3.500343016,34.37268439,3.500712227,64.58272165,3.508113597,30.09046715,3.508220636,36.48518973,0.498053509,36.88199881,3.504736964,32.63431147,0.498855057
1866,2293.3,30.91698571,0.498053509,60.36634667,3.502038031,60.34078516,3.500343016,34.12221898,3.500712227,64.83488712,3.508113597,29.77796239,3.508220636,36.24545845,0.498053509,36.65396575,3.504736964,32.36230034,0.498855057
1867,2293.35,30.6100141,0.498053509,60.57162635,3.502038031,60.5393248,3.500343016,33.86960309,3.500712227,65.08922551,3.508113597,29.46328471,3.508220636,36.00355425,0.498053509,36.42375977,3.504736964,32.08811628,0.498855057
1868,2293.4,30.30086956,0.498053509,60.77668345,3.502038031,60.74204341,3.500343016,33.61488161,3.500712227,65.34573684,3.508113597,29.1464341,3.508220636,35.75947712,0.498053509,36.19138085,3.504736964,31.8117593,0.498855057
1869,2293.45,29.98955209,0.498053509,60.98031594,3.502038031,60.94773726,3.500343016,33.35798721,3.500712227,65.60442109,3.508113597,28.82741056,3.508220636,35.51322706,0.498053509,35.95682901,3.504736964,31.53322939,0.498855057
1870,2293.5,29.6760617,0.498053509,61.18116406,3.502038031,61.15504702,3.500343016,33.09924003,3.500712227,65.86527828,3.508113597,28.50621409,3.508220636,35.26480408,0.498053509,35.72010424,3.504736964,31.25252655,0.498855057
1871,2293.55,29.36039838,0.498053509,61.38091787,3.502038031,61.36566491,3.500343016,32.83928042,3.500712227,66.12830839,3.508113597,28.18284469,3.508220636,35.01420816,0.498053509,35.48120654,3.504736964,30.96965078,0.498855057
1872,2293.6,29.04256212,0.498053509,61.58010725,3.502038031,61.58012515,3.500343016,32.57714787,3.500712227,66.39351143,3.508113597,27.85730236,3.508220636,34.76143932,0.498053509,35.24013591,3.504736964,30.68460208,0.498855057
1873,2293.65,28.72255294,0.498053509,61.77868305,3.502038031,61.79838638,3.500343016,32.31301807,3.500712227,66.66088739,3.508113597,27.52958711,3.508220636,34.50649755,0.498053509,34.99689235,3.504736964,30.39738045,0.498855057
1874,2293.7,28.40037084,0.498053509,61.97639102,3.502038031,62.02020881,3.500343016,32.04724237,3.500712227,66.93043629,3.508113597,27.19969892,3.508220636,34.24938284,0.498053509,34.75147587,3.504736964,30.1079859,0.498855057
1875,2293.75,28.0760158,0.498053509,62.1717824,3.502038031,62.24417576,3.500343016,31.77947882,3.500712227,67.20215812,3.508113597,26.86763781,3.508220636,33.99009521,0.498053509,34.50388645,3.504736964,29.81641841,0.498855057
1876,2293.8,27.74948783,0.498053509,62.36485437,3.502038031,62.47043669,3.500343016,31.51009759,3.500712227,67.47605287,3.508113597,26.53340377,3.508220636,33.72863466,0.498053509,34.25412411,3.504736964,29.522678,0.498855057
1877,2293.85,27.42078694,0.498053509,62.55745131,3.502038031,62.69897499,3.500343016,31.23854342,3.500712227,67.75212055,3.508113597,26.1969968,3.508220636,33.46500117,0.498053509,34.00218884,3.504736964,29.22676466,0.498855057
1878,2293.9,27.08991312,0.498053509,62.75336266,3.502038031,62.92834062,3.500343016,30.96481633,3.500712227,68.03036116,3.508113597,25.8584169,3.508220636,33.19919475,0.498053509,33.74808064,3.504736964,28.92867839,0.498855057
1879,2293.95,26.75686636,0.498053509,62.9504106,3.502038031,63.16089465,3.500343016,30.68891631,3.500712227,68.3107747,3.508113597,25.51766407,3.508220636,32.93121541,0.498053509,33.49179951,3.504736964,28.62841919,0.498855057
1880,2294,26.42164668,0.498053509,63.14846909,3.502038031,63.39677552,3.500343016,30.41084336,3.500712227,68.59336117,3.508113597,25.17473832,3.508220636,32.66106314,0.498053509,33.23334545,3.504736964,28.32598707,0.498855057
1881,2294.05,26.08425408,0.498053509,63.34986079,3.502038031,63.63366478,3.500343016,30.13059749,3.500712227,68.87812056,3.508113597,24.82963963,3.508220636,32.38873794,0.498053509,32.97271847,3.504736964,28.02138201,0.498855057
1882,2294.1,25.74468854,0.498053509,63.55426888,3.502038031,63.87188107,3.500343016,29.84817868,3.500712227,69.16505289,3.508113597,24.48236802,3.508220636,32.11423981,0.498053509,32.70991856,3.504736964,27.71460403,0.498855057
1883,2294.15,25.40295007,0.498053509,63.75987961,3.502038031,64.11323887,3.500343016,29.56358695,3.500712227,69.45415814,3.508113597,24.13292348,3.508220636,31.83756875,0.498053509,32.44494571,3.504736964,27.40565312,0.498855057
1884,2294.2,25.05903868,0.498053509,63.96629146,3.502038031,64.3581401,3.500343016,29.27682228,3.500712227,69.74543632,3.508113597,23.78130601,3.508220636,31.55872476,0.498053509,32.17779994,3.504736964,27.09452928,0.498855057
1885,2294.25,24.71295436,0.498053509,64.17469776,3.502038031,64.60539173,3.500343016,28.98788469,3.500712227,70.03888743,3.508113597,23.42751562,3.508220636,31.27770785,0.498053509,31.90848124,3.504736964,26.78123251,0.498855057
1886,2294.3,48.99945677,0.999456768,49.00030539,2.000543232,49.00054323,3.000543232,49.99945677,1.000543232,50.00054323,2.000543232,49.99945677,2.999653979,50.99945677,0.999456768,50.99945677,2.000543232,50.99945677,2.999456768
1887,2294.35,48.99674061,0.996740607,49.00199859,2.003259393,49.00325939,3.003259393,49.99674061,1.003259393,50.00325939,2.003259393,49.99674061,2.998107359,50.99674061,0.996740607,50.99674061,2.003259393,50.99674061,2.996740607
1888,2294.4,48.99185152,0.991851518,49.00552054,2.008148482,49.00814848,3.008148482,49.99185152,1.008148482,50.00814848,2.008148482,49.99185152,2.996616362,50.99185152,0.991851518,50.99185152,2.008148482,50.99185152,2.991851518
1889,2294.45,48.9847895,0.9847895,49.0106959,2.0152105,49.0152105,3.0152105,49.98487781,1.0152105,50.0152105,2.0152105,49.9847895,2.997298294,50.9847895,0.9847895,50.9847895,2.0152105,50.9847895,2.9847895
1890,2294.5,48.97555455,0.975554554,49.01690899,2.024445446,49.02444545,3.024445446,49.97599611,1.024445446,50.02444545,2.024445446,49.97555455,3.000153155,50.97555455,0.975554554,50.97555455,2.024445446,50.97555455,2.975554554
1891,2294.55,48.96414668,0.964146679,49.0223077,2.035853321,49.03585332,3.035853321,49.96539002,1.035853321,50.03585332,2.035853321,49.96414668,3.004937559,50.96414668,0.964146679,50.96414668,2.035853321,50.96414668,2.964146679
1892,2294.6,48.95056588,0.950565876,49.02723646,2.049434124,49.04943412,3.049434124,49.95432334,1.049434124,50.04943412,2.049434124,49.95056588,3.011164736,50.95056588,0.950565876,50.95056588,2.049434124,50.95056588,2.950565876
1893,2294.65,48.93481214,0.934812144,49.03276199,2.065187856,49.06518786,3.065187856,49.94218391,1.065187856,50.06518786,2.065187856,49.93481214,3.019564841,50.93481214,0.934812144,50.93481214,2.065187856,50.93481214,2.934812144
1894,2294.7,48.91688548,0.916885484,49.03829358,2.083114516,49.08311452,3.083114516,49.92787156,1.083114516,50.08311452,2.083114516,49.91688548,3.030137875,50.91688548,0.916885484,50.91688548,2.083114516,50.91688548,2.916885484
1895,2294.75,48.89678589,0.896785895,49.04427402,2.103214105,49.10321411,3.103214105,49.91138627,1.103214105,50.10321411,2.103214105,49.89678589,3.042883837,50.89678589,0.896785895,50.89678589,2.103214105,50.89678589,2.896785895
1896,2294.8,48.87451338,0.874513377,49.05120424,2.125486623,49.12548662,3.125486623,49.89272806,1.125486623,50.12548662,2.125486623,49.87451338,3.057802728,50.87451338,0.874513377,50.87451338,2.125486623,50.87451338,2.874513377
1897,2294.85,48.85006793,0.850067931,49.05658525,2.149932069,49.14993207,3.149932069,49.87193805,1.149932069,50.14993207,2.149932069,49.85006793,3.074894548,50.85006793,0.850067931,50.85006793,2.149932069,50.85006793,2.850067931
1898,2294.9,48.82344956,0.823449557,49.062316,2.176550443,49.17594255,3.175942551,49.84948809,1.176550443,50.175997,2.175997003,49.8229861,3.093695842,50.82344956,0.823449557,50.82236369,2.17546458,50.8229185,2.822918498
1899,2294.95,48.79465825,0.794658254,49.06800944,2.205341746,49.20168446,3.201684456,49.82603394,1.205341746,50.20201982,2.202019818,49.79189187,3.112830587,50.79465825,0.794658254,50.78814155,2.198825045,50.79147748,2.791477479
1900,2295,48.76369402,0.763694022,49.0727938,2.236305978,49.22711664,3.227116644,49.80056247,1.236305978,50.22799303,2.227993027,49.75684565,3.132359202,50.76369402,0.763694022,50.74739562,2.220007575,50.75577069,2.755770685
1901,2295.05,48.73055686,0.730556862,49.07805017,2.269443138,49.25234547,3.252345466,49.77338494,1.269443138,50.25389888,2.253898883,49.71792164,3.151600727,50.73055686,0.730556862,50.70012147,2.239007744,50.71507117,2.715071165
1902,2295.1,48.69524677,0.695246773,49.08258458,2.304753227,49.27762181,3.277621809,49.74403447,1.304753227,50.27893685,2.278936849,49.67521882,3.16914379,50.69524677,0.695246773,50.64631953,2.255825981,50.66713498,2.667134977
1903,2295.15,48.65776376,0.657763756,49.08577232,2.342236244,49.30241321,3.302413207,49.7127206,1.342236244,50.30075103,2.300751033,49.62888245,3.18739916,50.65776376,0.657763756,50.58600067,2.270473161,50.61204348,2.612043482
1904,2295.2,48.61810781,0.618107811,49.08926589,2.381892189,49.32662708,3.326627077,49.68030912,1.381892189,50.31927063,2.319270626,49.57912019,3.206574505,50.61810781,0.618107811,50.5191965,2.282980881,50.5499109,2.549910901
1905,2295.25,48.57627894,0.576278936,49.09077525,2.423721064,49.35016088,3.350160879,49.64706506,1.423721064,50.334392,2.334392003,49.52624338,3.22696749,50.57627894,0.576278936,50.44599957,2.293441694,50.48091698,2.480916977
1906,2295.3,48.53227713,0.532277134,49.0907968,2.467722866,49.37291042,3.372910418,49.61164806,1.467722866,50.34594108,2.34594108,49.47075619,3.249054974,50.53227713,0.532277134,50.36677244,2.302218174,50.40539556,2.405395556
1907,2295.35,48.4861024,0.498053509,49.09008877,2.513897598,49.3947888,3.394788796,49.57405814,1.513897598,50.35374662,2.353746617,49.41350893,3.273728252,50.4861024,0.498053509,50.28295723,2.310752423,50.32412895,2.324128951
1908,2295.4,48.43775474,0.498053509,49.09046721,2.562245257,49.41601223,3.416012226,49.53429529,1.562245257,50.36029366,2.360293665,49.35573687,3.302222578,50.43775474,0.498053509,50.19701765,2.321508169,50.24033378,2.240333782
1909,2295.45,48.38723415,0.498053509,49.08975918,2.612765846,49.43747887,3.437478871,49.49235951,1.612765846,50.37299906,2.372999056,49.29852964,3.335627598,50.38723415,0.498053509,50.10986095,2.335392646,50.16035926,2.160359257
1910,2295.5,48.33454064,0.498053509,49.09120125,2.665459363,49.46074162,3.460741616,49.44899059,1.665459363,50.39255697,2.392556973,49.24219176,3.37403941,50.33454064,0.498053509,50.02331703,2.354235758,50.08425611,2.08425611
1911,2295.55,48.27967419,0.498053509,49.09470866,2.720740016,49.48715937,3.487159373,49.4056681,1.720325808,50.41915948,2.41915948,49.18603667,3.416354619,50.27967419,0.498053509,49.9380878,2.378739412,50.01187588,2.011875883
1912,2295.6,48.22263482,0.498053509,49.10073767,2.779902943,49.51700024,3.49532473,49.35946178,1.776654268,50.45288717,2.452887171,49.12815651,3.461290614,50.22263482,0.498053509,49.85442586,2.409156227,49.94347468,1.943474685
1913,2295.65,48.16342252,0.498053509,49.10967363,2.842671435,49.55074146,3.498145293,49.30829935,1.832372479,50.4930132,2.493013201,49.06821767,3.496290524,50.16342252,0.498053509,49.77244737,2.445602339,49.87939568,1.879395682
1914,2295.7,48.10203728,0.498053509,49.11894243,2.908291941,49.58880648,3.499229743,49.2524522,1.887751836,50.53676738,2.536767379,49.00616965,3.496857321,50.10203728,0.498053509,49.69162026,2.487545687,49.81777024,1.817770245
1915,2295.75,48.03847912,0.498053509,49.13104394,2.978423261,49.63120849,3.500314192,49.19230262,1.943174606,50.58269448,2.582694485,48.94208931,3.499684611,50.03847912,0.498053509,49.6100523,2.533094045,49.75833915,1.758339149
1916,2295.8,47.97274804,0.498053509,49.14644088,3.053013697,49.67663796,3.500314192,49.12830625,1.999096454,50.63079452,2.63079452,48.87581984,3.500811511,49.97274804,0.498053509,49.52711747,2.581621397,49.69944135,1.699441353
1917,2295.85,47.90484402,0.498053509,49.16536809,3.132058076,49.72194479,3.500314192,49.06122928,2.055983893,50.68106748,2.681067483,48.80604056,3.500811511,49.90484402,0.498053509,49.44257353,2.632885492,49.64052563,1.640525632
1918,2295.9,47.83476708,0.498053509,49.18585816,3.216336273,49.76951054,3.500314192,48.99232763,2.114493553,50.73351337,2.733513374,48.73150977,3.500811511,49.83476708,0.498053509,49.35752122,2.687987073,49.57943698,1.579436984
1919,2295.95,47.7625172,0.498053509,49.20850999,3.305912951,49.81919392,3.500314192,48.92176671,2.17560496,50.78813219,2.788132195,48.65291073,3.500811511,49.7625172,0.498053509,49.27221722,2.74718282,49.51617541,1.516175407
1920,2296,47.6880944,0.498053509,49.23489119,3.400714852,49.86979311,3.500314192,48.84975844,2.239360385,50.84492394,2.844923943,48.57212858,3.500811511,49.6880944,0.498053509,49.18619167,2.810002875,49.4507409,1.450740901
1921,2296.05,47.61149867,0.498053509,49.26549724,3.474688557,49.92095053,3.500314192,48.77609142,2.305802923,50.90388862,2.903888621,48.48997553,3.500811511,49.61149867,0.498053509,49.09968122,2.876683887,49.38313347,1.383133467
1922,2296.1,47.53273001,0.498053509,49.29861465,3.475435398,49.97392858,3.500314192,48.70080906,2.374975979,50.96502623,2.965026227,48.40564955,3.500811511,49.53273001,0.498053509,49.01245714,2.94699712,49.3133531,1.313353104
1923,2296.15,47.45178842,0.498053509,49.33146948,3.479325355,50.03023182,3.500314192,48.62401218,2.44692265,51.02833676,3.028336761,48.31915065,3.500811511,49.45178842,0.498053509,48.92393342,3.020356575,49.24139981,1.241399812
1924,2296.2,47.36867391,0.498053509,49.36762347,3.486991332,50.08695114,3.500314192,48.54585936,2.521686068,51.09382022,3.093820224,48.23047881,3.500811511,49.36867391,0.498053509,48.83523401,3.097886199,49.16727359,1.167273592
1925,2296.25,47.28338646,0.498053509,49.40714178,3.499080633,50.14429643,3.500314192,48.46622103,2.599309849,51.16147662,3.161476615,48.13963405,3.500811511,49.28298354,0.498053509,48.74586718,3.17909426,49.09137387,1.091373874
1926,2296.3,47.19592609,0.498053509,49.4474302,3.503016929,50.20381465,3.500314192,48.38513971,2.679836488,51.23130594,3.231305935,48.04661636,3.500811511,49.19351519,0.498053509,48.65357658,3.261724408,49.01489308,1.014893078
1927,2296.35,47.10629278,0.498053509,49.48726626,3.503016929,50.2655058,3.500314192,48.3026579,2.763308494,51.30330818,3.303308184,47.95072906,3.500811511,49.1002937,0.498053509,48.55899498,3.34640941,48.93780977,0.937809766
1928,2296.4,47.01448655,0.498053509,49.52654517,3.503016929,50.32936988,3.500314192,48.21885277,2.849771068,51.37748336,3.377483361,47.84992583,3.500811511,49.00333641,0.498053509,48.46403958,3.435066475,48.86011168,0.860111677
1929,2296.45,46.9205074,0.498053509,49.56706575,3.503016929,50.39540688,3.500314192,48.13454906,2.939985043,51.45383147,3.453831466,47.74365146,3.49999084,48.90264919,0.498053509,48.36841174,3.503661609,48.78180121,0.781801215
1930,2296.5,46.82435531,0.498053509,49.60873639,3.503016929,50.46361681,3.500314192,48.05186755,3.036167067,51.5323525,3.512314818,47.62988427,3.495949512,48.79821856,0.498053509,48.27192865,3.503661609,48.70290725,0.702907248
1931,2296.55,46.72603029,0.498053509,49.65201684,3.503016929,50.53399968,3.500314192,47.97088893,3.138397842,51.61304646,3.512314818,47.50927172,3.489408676,48.68999319,0.498053509,48.17414418,3.503661609,48.62351586,0.623515858
1932,2296.6,46.62553235,0.498053509,49.69555923,3.503016929,50.60655547,3.500314192,47.89138879,3.246452948,51.69591335,3.512314818,47.38344995,3.481967236,48.57782876,0.498053509,48.07373471,3.503661609,48.54387896,0.543878964
1933,2296.65,46.52286147,0.498053509,49.74035023,3.503016929,50.68128419,3.500314192,47.81263393,3.359599198,51.78095317,3.512314818,47.25259282,3.473063885,48.46127704,0.498053509,47.97117855,3.503661609,48.46442012,0.484231773
1934,2296.7,46.41801767,0.498053509,49.78640601,3.503016929,50.75818583,3.500314192,47.73330605,3.476518283,51.86816592,3.512314818,47.11706418,3.461852743,48.33994141,0.498053509,47.86733064,3.503661609,48.3850791,0.484231773
1935,2296.75,46.31100094,0.498053509,49.83397025,3.503016929,50.83726041,3.500314192,47.65290302,3.506392356,51.9575516,3.512314818,46.97746506,3.450916988,48.21471879,0.498053509,47.76303718,3.503661609,48.30539467,0.484231773
1936,2296.8,46.20181128,0.498053509,49.88232873,3.503016929,50.91850792,3.500314192,47.57071875,3.506392356,52.0491102,3.512314818,46.83431629,3.440777429,48.08542245,0.498053509,47.65817488,3.503661609,48.22548642,0.484231773
1937,2296.85,46.0904487,0.498053509,49.93019999,3.503016929,51.00192835,3.500314192,47.48626594,3.506392356,52.14284174,3.512314818,46.6875196,3.431335814,47.95196919,0.498053509,47.55320983,3.503661609,48.1454156,0.484231773
1938,2296.9,45.97691318,0.498053509,49.976918,3.503016929,51.08752171,3.500314192,47.39932875,3.506392356,52.2387462,3.512314818,46.53854998,3.424067127,47.81431207,0.498053509,47.4478565,3.503661609,48.06521924,0.484231773
1939,2296.95,45.86120474,0.498053509,50.02469237,3.503016929,51.175288,3.500314192,47.30799012,3.506392356,52.33682359,3.512314818,46.38740743,3.418971369,47.67242115,0.498053509,47.34256326,3.503661609,47.98492205,0.484231773
1940,2297,45.74332336,0.498053509,50.07423272,3.503016929,51.26522722,3.500314192,47.21224101,3.506392356,52.43707391,3.512314818,46.23409196,3.41604854,47.52627576,0.498053509,47.23733898,3.503661609,47.90454155,0.484231773
1941,2297.05,45.62326906,0.498053509,50.12534204,3.503016929,51.35733937,3.500314192,47.11207315,3.506392356,52.53949716,3.512314818,46.07860355,3.415298639,47.37586084,0.498053509,47.13219095,3.503661609,47.82409078,0.484231773
1942,2297.1,45.50104183,0.498053509,50.17666729,3.503016929,51.45162444,3.500314192,47.00748068,3.506392356,52.64409334,3.512314818,45.92094222,3.416721666,47.22116501,0.498053509,47.0271231,3.503661609,47.74357976,0.484231773
1943,2297.15,45.37664167,0.498053509,50.2293518,3.503016929,51.54808245,3.500314192,46.89846188,3.506392356,52.75086244,3.512314818,45.76110796,3.420317622,47.0621794,0.498053509,46.92213483,3.503661609,47.66301639,0.484231773
1944,2297.2,45.25006859,0.498053509,50.28257979,3.503016929,51.64671338,3.500314192,46.78501967,3.506392356,52.85980447,3.512314818,45.59910077,3.426086507,46.89889694,0.498053509,46.81722115,3.503661609,47.58187429,0.484231773
1945,2297.25,45.12132257,0.498053509,50.33542999,3.503016929,51.74751724,3.500314192,46.66716073,3.506392356,52.97091944,3.512314818,45.43492065,3.43402832,46.7318452,0.498053509,46.71237413,3.503661609,47.49855926,0.484231773
1946,2297.3,44.99040363,0.498053509,50.38668902,3.503016929,51.85049403,3.500314192,46.54489372,3.506392356,53.08420733,3.512314818,45.2685676,3.444143062,46.56262054,0.498053509,46.60758478,3.503661609,47.4130713,0.484231773
1947,2297.35,44.85731176,0.498053509,50.43748381,3.503016929,51.95564375,3.500314192,46.41822766,3.506392356,53.19966815,3.512314818,45.10004163,3.456430732,46.39122295,0.498053509,46.50284436,3.503661609,47.32541041,0.484231773
1948,2297.4,44.72204695,0.498053509,50.48716265,3.503016929,52.0629664,3.500314192,46.28717084,3.506392356,53.31730189,3.512314818,44.92934272,3.47089133,46.21765244,0.498053509,46.39814509,3.503661609,47.23557659,0.484231773
1949,2297.45,44.58460922,0.498053509,50.53707155,3.503016929,52.17246197,3.500314192,46.15173043,3.506392356,53.43710857,3.512314818,44.75647089,3.487524858,46.04190899,0.498053509,46.29348043,3.503661609,47.14356984,0.484231773
1950,2297.5,44.44499857,0.498053509,50.58640822,3.503016929,52.28413048,3.500314192,46.01191239,3.506392356,53.55908817,3.512314818,44.58142613,3.501222275,45.86399261,0.498053509,46.18884498,3.503661609,47.04939017,0.484231773
1951,2297.55,44.30321498,0.498053509,50.63596291,3.503016929,52.39797191,3.500314192,45.86772162,3.506392356,53.68324071,3.512314818,44.40420844,3.501222275,45.68390331,0.498053509,46.0842343,3.503661609,46.95303756,0.484231773
1952,2297.6,44.15925846,0.498053509,50.68660407,3.503016929,52.51398627,3.500314192,45.7191621,3.506392356,53.80956617,3.512314818,44.22481782,3.501222275,45.50164108,0.498053509,45.97964482,3.503661609,46.85451203,0.484231773
1953,2297.65,44.01312902,0.498053509,50.73599192,3.503016929,52.63217356,3.500314192,45.56623707,3.506392356,53.93806456,3.512314818,44.04325428,3.501222275,45.31720592,0.498053509,45.8750736,3.503661609,46.75381357,0.484231773
1954,2297.7,43.86482665,0.498053509,50.78615906,3.503016929,52.75253378,3.500314192,45.40894918,3.506392356,54.06873588,3.512314818,43.8595178,3.501222275,45.13059783,0.498053509,45.77051822,3.503661609,46.65094218,0.484231773
1955,2297.75,43.71435135,0.498053509,50.83535503,3.503016929,52.87506693,3.500314192,45.24730063,3.506392356,54.20158013,3.512314818,43.6736084,3.501222275,44.94181681,0.498053509,45.66597671,3.503661609,46.54589787,0.484231773
1956,2297.8,43.56170312,0.498053509,50.88475495,3.503016929,52.999773,3.500314192,45.08129323,3.506392356,54.3365973,3.512314818,43.48552607,3.501222275,44.75086286,0.498053509,45.56144739,3.503661609,46.43868062,0.484231773
1957,2297.85,43.40688196,0.498053509,50.93351682,3.503016929,53.12665201,3.500314192,44.9109285,3.506392356,54.47378741,3.512314818,43.2952708,3.501222275,44.55773599,0.498053509,45.45692889,3.503661609,46.32929045,0.484231773
1958,2297.9,43.24988787,0.498053509,50.98060086,3.503016929,53.25570394,3.500314192,44.73620771,3.506392356,54.61315044,3.512314818,43.10284262,3.501222275,44.36243618,0.498053509,45.35242002,3.503661609,46.21772734,0.484231773
1959,2297.95,43.09072086,0.498053509,51.02804793,3.503016929,53.3869288,3.500314192,44.55767728,3.506392356,54.7546864,3.512314818,42.9082415,3.501222275,44.16496345,0.498053509,45.24737457,3.503661609,46.10399131,0.484231773
1960,2298,42.92938092,0.498053509,51.0773297,3.503016929,53.52032659,3.500314192,44.37697392,3.506392356,54.89839529,3.512314818,42.71146745,3.501222275,43.96531779,0.498053509,45.14015618,3.503661609,45.98808235,0.484231773
1961,2298.05,42.76586804,0.498053509,51.1273853,3.503016929,53.65589731,3.500314192,44.19453062,3.506392356,55.04427711,3.512314818,42.51252048,3.501222275,43.7634992,0.498053509,45.03076487,3.503661609,45.87000046,0.484231773
1962,2298.1,42.60018224,0.498053509,51.17667812,3.503016929,53.79364095,3.500314192,44.01121334,3.506392356,55.19233186,3.512314818,42.31140057,3.501222275,43.55950768,0.498053509,44.91920063,3.503661609,45.74974565,0.484231773
1963,2298.15,42.43232351,0.498053509,51.22507718,3.503016929,53.93355753,3.500314192,43.82572312,3.506392356,55.34255953,3.512314818,42.10810774,3.501222275,43.35334324,0.498053509,44.80546346,3.503661609,45.6273179,0.484231773
1964,2298.2,42.26229186,0.498053509,51.27363065,3.503016929,54.07564703,3.500314192,43.63806966,3.506392356,55.49496014,3.512314818,41.90264198,3.501222275,43.14500586,0.498053509,44.68955336,3.503661609,45.50271723,0.484231773
1965,2298.25,42.09008727,0.498053509,51.32336781,3.503016929,54.21990946,3.500314192,43.44827229,3.506392356,55.64953367,3.512314818,41.69500329,3.501222275,42.93449556,0.498053509,44.57147034,3.503661609,45.37594363,0.484231773
1966,2298.3,41.91570976,0.498053509,51.37314369,3.503016929,54.36634482,3.500314192,43.256302,3.506392356,55.80628013,3.512314818,41.48519167,3.501222275,42.72181233,0.498053509,44.45121438,3.503661609,45.24699709,0.484231773
1967,2298.35,41.73915931,0.498053509,51.42227732,3.503016929,54.51495311,3.500314192,43.06215877,3.506392356,55.96519952,3.512314818,41.27320713,3.501222275,42.50695617,0.498053509,44.3287855,3.503661609,45.11587763,0.484231773
1968,2298.4,41.56043594,0.498053509,51.46996669,3.503016929,54.66573433,3.500314192,42.86584262,3.506392356,56.12629184,3.512314818,41.05904965,3.501222275,42.28992708,0.498053509,44.20418368,3.503661609,44.98258525,0.484231773
1969,2298.45,41.37953964,0.498053509,51.51778559,3.503016929,54.81868848,3.500314192,42.66735354,3.506392356,56.28955708,3.512314818,40.84271925,3.501222275,42.07072506,0.498053509,44.07740894,3.503661609,44.84711993,0.484231773
1970,2298.5,41.19647041,0.498053509,51.56437432,3.503016929,54.97381555,3.500314192,42.46669153,3.506392356,56.45499526,3.512314818,40.62421592,3.501222275,41.84935012,0.498053509,43.94846127,3.503661609,44.70948168,0.484231773
1971,2298.55,41.01122825,0.498053509,51.61156563,3.503016929,55.13111556,3.500314192,42.26385659,3.506392356,56.62260636,3.512314818,40.40353966,3.501222275,41.62580224,0.498053509,43.81734068,3.503661609,44.56967051,0.484231773
1972,2298.6,40.82381317,0.498053509,51.66024314,3.503016929,55.29058849,3.500314192,42.05884873,3.506392356,56.7923904,3.512314818,40.18069047,3.501222275,41.40062467,0.498053509,43.68404715,3.503661609,44.42768641,0.484231773
1973,2298.65,40.63368192,0.498053509,51.70972417,3.503016929,55.45223435,3.500314192,41.85166793,3.506392356,56.96434736,3.512314818,39.95566835,3.501222275,41.1754471,0.498053509,43.5485807,3.503661609,44.28352938,0.484231773
1974,2298.7,40.43920482,0.498053509,51.7604801,3.503016929,55.61605314,3.500314192,41.64231421,3.506392356,57.13847725,3.512314818,39.72847331,3.501222275,40.95026953,0.498053509,43.41094131,3.503661609,44.13719942,0.484231773
1975,2298.75,40.24038186,0.498053509,51.81145785,3.503016929,55.78204485,3.500314192,41.43078755,3.506392356,57.31478006,3.512314818,39.49910533,3.501222275,40.72509196,0.498053509,43.271129,3.503661609,43.98869653,0.484231773
1976,2298.8,40.03721304,0.498053509,51.86267889,3.503016929,55.9502095,3.500314192,41.21708797,3.506392356,57.49325581,3.512314818,39.26756443,3.501222275,40.49991439,0.498053509,43.12914376,3.503661609,43.83802071,0.484231773
1977,2298.85,39.82969837,0.498053509,51.91407502,3.503016929,56.12054707,3.500314192,41.00121546,3.506392356,57.67390449,3.512314818,39.0338506,3.501222275,40.27473682,0.498053509,42.98498559,3.503661609,43.68517197,0.484231773
1978,2298.9,39.61783783,0.498053509,51.96708921,3.503016929,56.29305758,3.500314192,40.78317003,3.506392356,57.85672609,3.512314818,38.79796384,3.501222275,40.04955925,0.498053509,42.83865449,3.503661609,43.5301503,0.484231773
1979,2298.95,39.40163145,0.498053509,52.0207622,3.503016929,56.46774101,3.500314192,40.56295166,3.506392356,58.04172062,3.512314818,38.55990415,3.501222275,39.82438168,0.498053509,42.69015047,3.503661609,43.37295569,0.484231773
1980,2299,39.1810792,0.498053509,52.07264311,3.503016929,56.64459737,3.500314192,40.34062516,3.506392356,58.22888808,3.512314818,38.31967153,3.501222275,39.5992041,0.498053509,42.53947351,3.503661609,43.21358816,0.484231773
1981,2299.05,38.9561811,0.498053509,52.12401522,3.503016929,56.82362666,3.500314192,40.11632012,3.506392356,58.41822847,3.512314818,38.07726599,3.501222275,39.37402653,0.498053509,42.38662363,3.503661609,43.0520477,0.484231773
1982,2299.1,38.72693714,0.498053509,52.17517957,3.503016929,57.00482888,3.500314192,39.89002249,3.506392356,58.60974179,3.512314818,37.83268752,3.501222275,39.14884896,0.498053509,42.23160082,3.503661609,42.88833432,0.484231773
1983,2299.15,38.49334732,0.498053509,52.22624289,3.503016929,57.18820402,3.500314192,39.66209294,3.506392356,58.80342804,3.512314818,37.58593611,3.501222275,38.92367139,0.498053509,42.07440508,3.503661609,42.722448,0.484231773
1984,2299.2,38.25541164,0.498053509,52.27846979,3.503016929,57.3737521,3.500314192,39.43199046,3.506392356,58.99928721,3.512314818,37.33701178,3.501222275,38.69849382,0.498053509,41.91503641,3.503661609,42.55438876,0.484231773
1985,2299.25,38.01313011,0.498053509,52.33089076,3.503016929,57.5614731,3.500314192,39.19971505,3.506392356,59.19731931,3.512314818,37.08591452,3.501222275,38.47331625,0.498053509,41.75349481,3.503661609,42.38415658,0.484231773
1986,2299.3,37.76650273,0.498053509,52.38176479,3.503016929,57.75136703,3.500314192,38.96565309,3.506392356,59.39752435,3.512314818,36.83264433,3.501222275,38.24813868,0.498053509,41.58978029,3.503661609,42.21175148,0.484231773
1987,2299.35,37.51552948,0.498053509,52.43144527,3.503016929,57.94343389,3.500314192,38.73057734,3.506392356,59.59990231,3.512314818,36.57720122,3.501222275,38.02296111,0.498053509,41.42389283,3.503661609,42.03717345,0.484231773
1988,2299.4,37.26021038,0.498053509,52.48195471,3.503016929,58.13767368,3.500314192,38.49332866,3.506392356,59.80445319,3.512314818,36.31958517,3.501222275,37.79778354,0.498053509,41.25583245,3.503661609,41.86042249,0.484231773
1989,2299.45,37.00054542,0.498053509,52.53262118,3.503016929,58.33408639,3.500314192,38.25390705,3.506392356,60.01117701,3.512314818,36.0597962,3.501222275,37.57260597,0.498053509,41.08559914,3.503661609,41.68149861,0.484231773
1990,2299.5,36.73707783,0.498053509,52.58520061,3.503016929,58.53267204,3.500314192,38.01231251,3.506392356,60.22007376,3.512314818,35.7978343,3.501222275,37.34688516,0.498053509,40.9131929,3.503661609,41.50040179,0.484231773
1991,2299.55,36.47143732,0.498053509,52.63917306,3.503016929,58.73343061,3.500314192,37.76854505,3.506392356,60.43114343,3.512314818,35.53369947,3.501222275,37.11899143,0.498053509,40.73861373,3.503661609,41.31713205,0.484231773
1992,2299.6,36.20362388,0.498053509,52.69466406,3.503016929,58.93636212,3.500314192,37.52260465,3.506392356,60.64438604,3.512314818,35.26739171,3.501222275,36.88892477,0.498053509,40.56186163,3.503661609,41.13168937,0.484231773
1993,2299.65,35.93363751,0.498053509,52.74995498,3.503016929,59.14146655,3.500314192,37.27449133,3.506392356,60.85980157,3.512314818,34.99891102,3.501222275,36.65668518,0.498053509,40.38293661,3.503661609,40.94407377,0.484231773
1994,2299.7,35.66147821,0.498053509,52.80540226,3.503016929,59.34874391,3.500314192,37.0242505,3.506392356,61.07739003,3.512314818,34.7282574,3.501222275,36.42227267,0.498053509,40.20183865,3.503661609,40.75428524,0.484231773
1995,2299.75,35.38714598,0.498053509,52.86025071,3.503016929,59.5581942,3.500314192,36.771973,3.506392356,61.29715142,3.512314818,34.45543086,3.501222275,36.18568722,0.498053509,40.01856777,3.503661609,40.56232378,0.484231773
1996,2299.8,35.11064083,0.498053509,52.91594228,3.503016929,59.76981741,3.500314192,36.51752257,3.506392356,61.51908573,3.512314818,34.18043138,3.501222275,35.94692885,0.498053509,39.83312396,3.503661609,40.3681894,0.484231773
1997,2299.85,34.83196274,0.498053509,52.97242821,3.503016929,59.98361356,3.500314192,36.26089921,3.506392356,61.74319298,3.512314818,33.90325898,3.501222275,35.70599754,0.498053509,39.64550722,3.503661609,40.17188208,0.484231773
1998,2299.9,34.55111173,0.498053509,53.02719742,3.503016929,60.19958263,3.500314192,36.00210293,3.506392356,61.96947315,3.512314818,33.62391365,3.501222275,35.46289331,0.498053509,39.45571755,3.503661609,39.97340184,0.484231773
1999,2299.95,34.26808779,0.498053509,53.08184577,3.503016929,60.41772463,3.500314192,35.74113371,3.506392356,62.19792626,3.512314818,33.34239539,3.501222275,35.21761615,0.498053509,39.26375495,3.503661609,39.77274866,0.484231773
2000,2300,33.98289092,0.498053509,53.13690836,3.503016929,60.63803956,3.500314192,35.47799157,3.506392356,62.42855229,3.512314818,33.05870421,3.501222275,34.97016606,0.498053509,39.06961943,3.503661609,39.56992256,0.484231773
2001,2300.05,33.69552112,0.498053509,53.19224983,3.503016929,60.86052742,3.500314192,35.2126765,3.506392356,62.66135125,3.512314818,32.77284009,3.501222275,34.72054305,0.498053509,38.87331097,3.503661609,39.36492353,0.484231773
