,timestep,location_0_x,location_0_y,location_1_x,location_1_y,location_2_x,location_2_y,location_3_x,location_3_y,location_4_x,location_4_y,location_5_x,location_5_y,location_6_x,location_6_y,location_7_x,location_7_y,location_8_x,location_8_y
0,0,39.85936629,0.498053509,63.82326648,3.506075536,68.22706185,3.501946491,32.06033959,3.499835598,64.19721103,3.511962882,64.75102255,3.505456401,35.73531883,0.498053509,63.96308806,3.506328821,34.77061716,3.500630337
1,0.05,39.73363554,0.498053509,64.01970164,3.506075536,68.52822919,3.501946491,31.77068359,3.499835598,64.45082945,3.511962882,64.98621406,3.505456401,35.48071427,0.498053509,64.22820906,3.506328821,34.51164864,3.500630337
2,0.1,39.60604601,0.498053509,64.22269101,3.506075536,68.83156945,3.501946491,31.47885465,3.499835598,64.70439092,3.511962882,65.22144008,3.505456401,35.22393679,0.498053509,64.49553104,3.506328821,34.2505072,3.500630337
3,0.15,39.47644945,0.498053509,64.43147952,3.506075536,69.13708264,3.501946491,31.18485279,3.499835598,64.9586086,3.511962882,65.45670222,3.505456401,34.96498638,0.498053509,64.76429662,3.506328821,33.98719282,3.500630337
4,0.2,39.34473137,0.498053509,64.64434129,3.506075536,69.44476876,3.501946491,30.888678,3.499835598,65.21520269,3.511962882,65.69200239,3.505456401,34.70386305,0.498053509,65.03318239,3.506328821,33.72170552,3.500630337
5,0.25,39.21162378,0.498053509,64.8631625,3.506075536,69.75462781,3.501946491,30.59033029,3.499835598,65.47228729,3.511962882,65.92734293,3.505456401,34.44056678,0.498053509,65.30486861,3.506328821,33.45404529,3.500630337
6,0.3,39.07870283,0.498053509,65.08850122,3.506075536,70.06665979,3.501946491,30.28980964,3.499835598,65.72931114,3.511962882,66.1627265,3.505456401,34.17509759,0.498053509,65.57879586,3.506328821,33.18421212,3.500630337
7,0.35,48.99945677,0.999456768,49.00054323,2.000543232,49.00054323,3.000543232,49.99945677,1.000543232,50.00054323,2.000543232,50.00054323,3.000543232,50.99945677,0.999456768,51.00054323,2.000543232,50.99945677,3.000543232
8,0.4,48.99762616,0.996740607,49.00325939,2.003259393,49.00325939,3.003259393,49.99674061,1.003259393,50.00325939,2.003259393,50.00325939,3.003259393,50.99674061,0.996740607,51.00325939,2.002510837,50.99674061,3.003112021
9,0.45,48.99671886,0.991851518,49.00798337,2.008148482,49.00814848,3.008148482,49.99185152,1.008148482,50.00814848,2.008148482,50.00814848,3.008148482,50.99185152,0.991851518,51.00814848,2.003634704,50.99185152,3.007411623
10,0.5,48.99497084,0.9847895,49.01438494,2.0152105,49.0152105,3.0152105,49.9847895,1.0152105,50.0152105,2.0152105,50.0152105,3.0152105,50.9847895,0.9847895,51.0152105,2.004618506,50.9847895,3.013832536
11,0.55,48.9916251,0.975554554,49.02295943,2.024445446,49.02444545,3.024445446,49.97555455,1.024445446,50.02444545,2.024445446,50.02444545,3.024445446,50.97555455,0.975554554,51.02385602,2.007615229,50.97555455,3.022271525
12,0.6,48.98782098,0.964146679,49.03370686,2.035853321,49.03585332,3.035853321,49.96414668,1.035853321,50.03585332,2.035853321,50.03585332,3.035853321,50.96414668,0.964146679,51.0323334,2.01193196,50.96414668,3.032883443
13,0.65,48.98253116,0.950565876,49.04662721,2.049434124,49.04943412,3.049434124,49.95056588,1.049434124,50.04943412,2.049434124,50.04943412,3.049434124,50.95056588,0.950565876,51.04126542,2.017302924,50.95056588,3.045668289
14,0.7,48.97664275,0.934812144,49.06139983,2.065187856,49.06518786,3.065187856,49.93481214,1.065187856,50.06518786,2.065187856,50.06518786,3.065187856,50.93481214,0.934812144,51.05194575,2.024846818,50.93481214,3.059997399
15,0.75,48.97029596,0.916885484,49.07738341,2.083114516,49.08311452,3.083114516,49.91688548,1.083114516,50.08311452,2.083114516,50.08311452,3.083114516,50.91688548,0.916885484,51.06352515,2.033970364,50.91688548,3.074613442
16,0.8,48.96241487,0.896785895,49.09492199,2.103214105,49.10321411,3.103214105,49.89678589,1.103214105,50.10321411,2.103214105,50.10321411,3.103214105,50.89678589,0.896785895,51.07619101,2.043487009,50.89678589,3.091402414
17,0.85,48.95266615,0.874513377,49.11277974,2.125486623,49.12548662,3.125486623,49.87451338,1.125486623,50.12548662,2.125486623,50.12548662,3.125486623,50.87451338,0.874513377,51.08745566,2.054669505,50.87451338,3.110364314
18,0.9,48.94187175,0.850067931,49.13272691,2.149932069,49.14993207,3.149932069,49.85006793,1.149932069,50.14993207,2.149932069,50.14993207,3.149932069,50.85006793,0.850067931,51.09955816,2.066503694,50.85006793,3.131499143
19,0.95,48.92975296,0.823449557,49.15459647,2.176550443,49.17655044,3.176550443,49.82344956,1.176550443,50.17655044,2.176550443,50.17598292,3.175982925,50.82344956,0.823449557,51.11259158,2.079925457,50.82293417,3.154291516
20,1,48.91610458,0.794658254,49.1781168,2.205341746,49.20534175,3.205341746,49.79465825,1.205341746,50.20534175,2.205341746,50.20193206,3.201932061,50.79465825,0.794658254,51.12758935,2.09302886,50.79157147,3.177200803
21,1.05,48.90028328,0.763694022,49.20181189,2.236305978,49.23630598,3.236305978,49.76369402,1.236305978,50.23630598,2.236305978,50.22776037,3.227760365,50.76369402,0.763694022,51.14476004,2.105079142,50.75600312,3.200250302
22,1.1,48.88228905,0.730556862,49.22637196,2.269443138,49.26944314,3.269443138,49.73055686,1.269443138,50.26944314,2.269443138,50.25344517,3.253445166,50.73055686,0.730556862,51.16374924,2.116241224,50.71625783,3.223468712
23,1.15,48.86212189,0.695246773,49.25306671,2.304753227,49.30475323,3.304753227,49.69524677,1.304753227,50.30475323,2.304753227,50.27895872,3.278958724,50.69524677,0.695246773,51.18378922,2.129576234,50.67237241,3.24689285
24,1.2,48.83978181,0.657763756,49.2819344,2.342236244,49.34223624,3.342236244,49.65776376,1.342236244,50.34223624,2.342236244,50.304391,3.304390999,50.65776376,0.657763756,51.20568959,2.145084172,50.62439697,3.269499821
25,1.25,48.81628019,0.618107811,49.31261303,2.381892189,49.38189219,3.381892189,49.61810781,1.381892189,50.38189219,2.381892189,50.32994301,3.329943015,50.61810781,0.618107811,51.22897956,2.162662894,50.57241401,3.289226089
26,1.3,48.79363982,0.576278936,49.34420107,2.423721064,49.42372106,3.423721064,49.57627894,1.423721064,50.42372106,2.423721064,50.35526382,3.355263823,50.57627894,0.576307156,51.25331515,2.181789339,50.51659092,3.308978977
27,1.35,48.76991298,0.532277134,49.37737022,2.467722866,49.46772287,3.467722866,49.53227713,1.467722866,50.46772287,2.467722866,50.38042139,3.380421389,50.53227713,0.532418234,51.27982366,2.202132395,50.45729617,3.32816873
28,1.4,48.74727261,0.498053509,49.41253504,2.513897598,49.5138976,3.501946491,49.4861024,1.513897598,50.5138976,2.513897598,50.40486801,3.404868011,50.4861024,0.498279269,51.30822373,2.22464838,50.3955852,3.349288129
29,1.45,48.72245932,0.498053509,49.44987279,2.562245257,49.56224526,3.501946491,49.43775474,1.562245257,50.56224526,2.562245257,50.42882714,3.428827138,50.43775474,0.498279269,51.33741786,2.249337293,50.33351467,3.374393819
30,1.5,48.69564565,0.498053509,49.48902038,2.612765846,49.61276585,3.501946491,49.38723415,1.612765846,50.61276585,2.612765846,50.45406759,3.454067588,50.38723415,0.498279269,51.36701623,2.275854904,50.2718408,3.404242029
31,1.55,48.6676521,0.498053509,49.52925163,2.665459363,49.66483962,3.501946491,49.33454064,1.665459363,50.66545936,2.665459363,50.48235652,3.482356524,50.33454064,0.498279269,51.39829417,2.303414069,50.2089901,3.437259275
32,1.6,48.63891164,0.498053509,49.57056935,2.720325808,49.71662076,3.501946491,49.27967419,1.720325808,50.72032581,2.720325808,50.51428617,3.505581213,50.27967419,0.498279269,51.43174503,2.332464862,50.14469762,3.473180581
33,1.65,48.60835774,0.498053509,49.61080061,2.777365182,49.76817524,3.501946491,49.22263482,1.777365182,50.77736518,2.777365182,50.55014523,3.505581213,50.22263482,0.498279269,51.46729956,2.362532842,50.07866261,3.50164259
34,1.7,48.57670941,0.498053509,49.65292297,2.836577485,49.81903142,3.501946491,49.16342252,1.836577485,50.83657748,2.836577485,50.59020413,3.505581213,50.16342252,0.498279269,51.5046544,2.394773749,50.01055552,3.50164259
35,1.75,48.54288816,0.498053509,49.69693023,2.898613044,49.8674938,3.501946491,49.10203728,1.897962716,50.8982451,2.898245097,50.63433253,3.505581213,50.10203728,0.498279269,51.54368763,2.428933406,49.93961213,3.50164259
36,1.8,48.50689397,0.498053509,49.74575655,2.965746377,49.91338096,3.501946491,49.03847912,1.961520875,50.96316729,2.963167292,50.6812672,3.505581213,50.03847912,0.498279269,51.58489379,2.464503452,49.86434811,3.50164259
37,1.85,48.46919954,0.498053509,49.80009781,3.039080468,49.95786204,3.501946491,48.97274804,2.027251963,51.0311413,3.031141298,50.72961451,3.505581213,49.97274804,0.498279269,51.62827288,2.502246426,49.78657363,3.50164259
38,1.9,48.43151457,0.498053509,49.85914566,3.119178629,50.00455436,3.501946491,48.90484402,2.09515598,51.10191519,3.101915187,50.77965693,3.505581213,49.90484402,0.498279269,51.6738249,2.542042499,49.70683174,3.50164259
39,1.95,48.39476968,0.498053509,49.92560721,3.20669049,50.05285044,3.501946491,48.83476708,2.165232925,51.17517385,3.175173853,50.83174362,3.505581213,49.83476708,0.498279269,51.72097913,2.583652011,49.625938,3.50164259
40,2,48.35831194,0.498053509,49.99994482,3.302078417,50.10264084,3.501946491,48.7625172,2.237482799,51.25053365,3.250533654,50.88629156,3.505581213,49.7625172,0.498279269,51.76859415,2.627397645,49.54507996,3.50164259
41,2.05,48.3198565,0.498053509,50.0821396,3.40532351,50.15372884,3.501946491,48.6880944,2.311905601,51.32754727,3.327547273,50.94377308,3.505581213,49.6880944,0.498279269,51.8183821,2.672453378,49.46521706,3.50164259
42,2.1,48.28046908,0.498053509,50.17199906,3.48710199,50.20571374,3.501946491,48.61149867,2.388501331,51.40572492,3.405724917,51.00468576,3.505581213,49.61149867,0.498279269,51.86925652,2.717088456,49.38615094,3.50164259
43,2.15,48.24165503,0.498053509,50.26800063,3.487667083,50.257943,3.501946491,48.53273001,2.467269991,51.48457225,3.484572247,51.06950933,3.505581213,49.53273001,0.498279269,51.91904447,2.762402419,49.30491188,3.50164259
44,2.2,48.20269669,0.498053509,50.36571397,3.490058987,50.31362151,3.501946491,48.45178842,2.548211579,51.56365789,3.504343288,51.13859917,3.505581213,49.45178842,0.498279269,51.97018362,2.808434482,49.22149989,3.50164259
45,2.25,48.16224675,0.498053509,50.46364018,3.492904452,50.37310797,3.501946491,48.36867391,2.631326095,51.64274943,3.504343288,51.21202903,3.505581213,49.36867391,0.498279269,52.0210305,2.855944212,49.13591498,3.50164259
46,2.3,48.12023448,0.498053509,50.5615495,3.496508767,50.43602119,3.501946491,48.28338646,2.71661354,51.72184675,3.504343288,51.28930234,3.505581213,49.28338646,0.498279269,52.07405031,2.903541088,49.04815713,3.50164259
47,2.35,48.07823231,0.498053509,50.66160064,3.500521425,50.5030581,3.501946491,48.19592609,2.804073913,51.80089936,3.504343288,51.36887847,3.505581213,49.19592609,0.498279269,52.12881699,2.952996025,48.95822636,3.50164259
48,2.4,48.03511095,0.498053509,50.76387378,3.500521425,50.57442532,3.501946491,48.10629278,2.893707215,51.87957689,3.504343288,51.45060526,3.505581213,49.10629278,0.498279269,52.18470633,3.003907206,48.86612266,3.50164259
49,2.45,47.98981667,0.498053509,50.86835102,3.500521425,50.65012505,3.501946491,48.01448655,2.985513445,51.95734709,3.504343288,51.53448212,3.505581213,49.01448655,0.498279269,52.2436715,3.057894217,48.77184603,3.50164259
50,2.5,47.94234946,0.498053509,50.9750311,3.500521425,50.73015884,3.501946491,47.9205074,3.079492604,52.03449879,3.504343288,51.62050839,3.505581213,48.9205074,0.498279269,52.30555658,3.114552562,48.67539647,3.50164259
51,2.55,47.89287563,0.498053509,51.0839133,3.500521425,50.81452785,3.501946491,47.82435531,3.175644692,52.11194755,3.504343288,51.70868332,3.505581213,48.82435531,0.498279269,52.37005588,3.172693612,48.57677399,3.50164259
52,2.6,47.84267904,0.498053509,51.1949973,3.500521425,50.90323295,3.501946491,47.72603029,3.273969708,52.18997695,3.504343288,51.79900607,3.505581213,48.72603029,0.498279269,52.437135,3.231898148,48.47597857,3.50164259
53,2.65,47.79316328,0.498053509,51.30824661,3.500521425,50.99623841,3.501946491,47.62553235,3.374467653,52.26823917,3.504343288,51.89161564,3.505581213,48.62553235,0.498279269,52.50565217,3.291642334,48.37301023,3.50164259
54,2.7,47.7421013,0.498053509,51.42351387,3.500521425,51.09339725,3.501946491,47.52286147,3.477138526,52.34572104,3.504343288,51.98700469,3.505581213,48.52286147,0.498279269,52.57458361,3.352524667,48.26786896,3.50164259
55,2.75,47.69089732,0.498053509,51.54075944,3.500521425,51.19466993,3.501946491,47.41801767,3.503213668,52.42313955,3.504343288,52.0856904,3.505581213,48.41801767,0.498279269,52.64344896,3.413410564,48.16055476,3.50164259
56,2.8,47.63851861,0.498053509,51.66014951,3.500521425,51.30022253,3.501946491,47.31100094,3.503213668,52.50186158,3.504343288,52.18821044,3.505581213,48.31100094,0.498279269,52.71154225,3.471885636,48.05106763,3.50164259
57,2.85,47.58553203,0.498053509,51.78156825,3.500521425,51.40993896,3.501946491,47.20181128,3.503213668,52.58137129,3.504343288,52.29386661,3.505581213,48.20188363,0.498279269,52.7769842,3.513821193,47.93940757,3.50164259
58,2.9,47.52981978,0.498053509,51.90519083,3.500521425,51.52399403,3.501946491,47.0904487,3.503213668,52.66280514,3.504343288,52.40374654,3.505581213,48.09114616,0.498279269,52.8402747,3.513821193,47.82557459,3.50164259
59,2.95,47.47106191,0.498053509,52.03152338,3.500521425,51.64234718,3.501946491,46.97691318,3.503213668,52.74586602,3.504343288,52.51794532,3.505581213,47.9791085,0.498279269,52.90117678,3.513821193,47.70956867,3.50164259
60,3,47.41088838,0.498053509,52.1621239,3.500521425,51.76491706,3.501946491,46.86120474,3.503213668,52.82842881,3.504343288,52.63592499,3.505581213,47.86414067,0.498279269,52.95901875,3.513821193,47.59138983,3.50164259
61,3.05,47.34906019,0.498053509,52.29711623,3.500521425,51.89182609,3.501946491,46.74332336,3.503213668,52.90884197,3.504343288,52.75600344,3.505581213,47.74648169,0.498279269,53.01162808,3.513821193,47.47103806,3.50164259
62,3.1,47.28306598,0.498053509,52.43693838,3.500521425,52.02304391,3.501946491,46.62326906,3.503213668,52.98775372,3.504343288,52.87881177,3.505581213,47.62864295,0.498279269,53.05787335,3.513821193,47.34851336,3.50164259
63,3.15,47.2142715,0.498053509,52.58300645,3.500521425,52.1585097,3.501946491,46.50104183,3.503213668,53.06626283,3.504343288,53.00551112,3.505581213,47.50925869,0.498279269,53.0986544,3.513821193,47.22381573,3.50164259
64,3.2,47.14522867,0.498053509,52.73516115,3.500521425,52.2983151,3.501946491,46.37664167,3.503213668,53.14406957,3.504343288,53.13600014,3.505581213,47.38577703,0.498279269,53.135426,3.513821193,47.09694517,3.50164259
65,3.25,47.07545242,0.498053509,52.89234193,3.500521425,52.44232954,3.501946491,46.25006859,3.503213668,53.21933476,3.504343288,53.26840461,3.505581213,47.25868308,0.498279269,53.17361124,3.513821193,46.96790169,3.50164259
66,3.3,47.00289774,0.498053509,53.05549157,3.500521425,52.59054151,3.501946491,46.12132257,3.503213668,53.29191015,3.504343288,53.400452,3.505581213,47.13002193,0.498279269,53.21510659,3.513821193,46.83668527,3.50164259
67,3.35,46.9275349,0.498053509,53.22432505,3.500521425,52.74492693,3.501946491,45.99040363,3.503213668,53.36330702,3.504343288,53.52894702,3.505581213,46.99982348,0.498279269,53.25718648,3.513821193,46.70329593,3.50164259
68,3.4,46.84830741,0.498053509,53.39954481,3.500521425,52.90708184,3.501946491,45.85731176,3.503213668,53.43359927,3.504343288,53.65338119,3.505581213,46.86914457,0.498279269,53.30060106,3.513821193,46.56773366,3.50164259
69,3.45,46.7666035,0.498053509,53.57890192,3.499997543,53.07572355,3.501946491,45.72204695,3.503213668,53.50621317,3.504343288,53.77396215,3.505581213,46.73659857,0.498279269,53.34730966,3.513821193,46.42999846,3.50164259
70,3.5,46.68243856,0.498053509,53.75651065,3.497725275,53.25492942,3.501946491,45.58460922,3.503213668,53.58114122,3.504343288,53.8881444,3.505581213,46.60108429,0.498279269,53.39985797,3.513821193,46.29009033,3.50164259
71,3.55,46.59544642,0.498053509,53.9331916,3.494525235,53.44436221,3.501946491,45.44499857,3.503213668,53.6591286,3.504343288,53.99629617,3.505581213,46.46172154,0.498279269,53.45834955,3.513821193,46.14800927,3.50164259
72,3.6,46.50986561,0.498053509,54.10822213,3.489674762,53.64478185,3.501946491,45.30321498,3.503213668,53.74007606,3.504343288,54.09899637,3.505581213,46.31944223,0.498279269,53.52538833,3.513821193,46.00375529,3.50164259
73,3.65,46.42464136,0.498053509,54.28078426,3.482355902,53.85380599,3.501946491,45.15925846,3.503213668,53.82696742,3.504343288,54.20171782,3.505581213,46.1731823,0.498279269,53.59965379,3.513821193,45.85732837,3.50164259
74,3.7,46.34085476,0.498053509,54.44913125,3.470821893,54.06661027,3.501946491,45.01312902,3.503213668,53.92136758,3.504343288,54.30291748,3.505581213,46.02401981,0.498279269,53.68134397,3.513821193,45.70872853,3.50164259
75,3.75,46.25871019,0.498053509,54.61379245,3.455602101,54.28154,3.501946491,44.86482665,3.503213668,54.02218146,3.504343288,54.40147562,3.505581213,45.87215762,0.498279269,53.77156791,3.513821193,45.55795576,3.50164259
76,3.8,46.17695701,0.498053509,54.77450167,3.436850579,54.49869687,3.501946491,44.71435135,3.503213668,54.12940158,3.504343288,54.49846769,3.505581213,45.71634416,0.498279269,53.86984681,3.513821193,45.40501006,3.50164259
77,3.85,46.09638172,0.498053509,54.93105456,3.415282592,54.71766874,3.501946491,44.56170312,3.503213668,54.24359611,3.504343288,54.59826156,3.505581213,45.55736532,0.498279269,53.97357858,3.513821193,45.24989143,3.50164259
78,3.9,46.01675936,0.498053509,55.0863171,3.392661576,54.93575353,3.501946491,44.40688196,3.503213668,54.36567356,3.504343288,54.70288934,3.505581213,45.39499571,0.498279269,54.08024188,3.513821193,45.09259988,3.50164259
79,3.95,45.93999823,0.498053509,55.24092831,3.369389238,55.15272185,3.501946491,44.24988787,3.503213668,54.49291927,3.504343288,54.81036145,3.505581213,45.23114328,0.498279269,54.19202283,3.513821193,44.93313539,3.50164259
80,4,45.86341537,0.498053509,55.39546647,3.346043841,55.3684722,3.501946491,44.09072086,3.503213668,54.62428303,3.504343288,54.92121472,3.505581213,45.06348882,0.498279269,54.30833244,3.513821193,44.77149798,3.50164259
81,4.05,45.78742546,0.498053509,55.55072717,3.323420989,55.58378056,3.501946491,43.92938092,3.503213668,54.75812315,3.504343288,55.03378094,3.505581213,44.89366143,0.498279269,54.43078078,3.513821193,44.60768764,3.50164259
82,4.1,45.71106111,0.498053509,55.70768719,3.302497459,55.79761222,3.501946491,43.76586804,3.503213668,54.89442997,3.504343288,55.14745438,3.505581213,44.72166111,0.498279269,54.5594155,3.513821193,44.44170437,3.50164259
83,4.15,45.63252384,0.498053509,55.86728739,3.284214103,56.00953009,3.501946491,43.60018224,3.503213668,55.03371481,3.504343288,55.26109737,3.505581213,44.54748787,0.498279269,54.69373331,3.513821193,44.27354817,3.50164259
84,4.2,45.55181363,0.498053509,56.0302278,3.26927097,56.22037549,3.501946491,43.43232351,3.503213668,55.17632023,3.504343288,55.37469216,3.505581213,44.37114169,0.498279269,54.83340391,3.513821193,44.10321904,3.50164259
85,4.25,45.46920464,0.498053509,56.19753004,3.258689653,56.42855164,3.501946491,43.26229186,3.503213668,55.32485088,3.504343288,55.48981373,3.505581213,44.19262259,0.498279269,54.97581299,3.513821193,43.93071698,3.50164259
86,4.3,45.38524514,0.498053509,56.36990332,3.253179385,56.6359499,3.501946491,43.09008727,3.503213668,55.47694855,3.504343288,55.60408632,3.505581213,44.01193056,0.498279269,55.12333764,3.513821193,43.756042,3.50164259
87,4.35,45.29944872,0.498053509,56.54728273,3.252831373,56.84259894,3.501946491,42.91570976,3.503213668,55.6317097,3.504343288,55.7165773,3.505581213,43.8290656,0.498279269,55.2768784,3.513821193,43.57919409,3.50164259
88,4.4,45.21275569,0.498053509,56.72914423,3.257694204,57.04882706,3.501946491,42.73915931,3.503213668,55.7903658,3.504343288,55.82946054,3.505581213,43.64402771,0.498279269,55.43526237,3.513821193,43.40017324,3.50164259
89,4.45,45.12488038,0.498053509,56.91484284,3.267792589,57.25511669,3.501946491,42.56043594,3.503213668,55.95141963,3.504343288,55.94538648,3.505581213,43.45681689,0.498279269,55.59909249,3.513821193,43.21897947,3.50164259
90,4.5,45.03538923,0.498053509,57.10393385,3.283135405,57.46182604,3.501946491,42.37953964,3.503213668,56.11063764,3.504343288,56.06372185,3.505581213,43.26743315,0.498279269,55.76910579,3.513821193,43.03561277,3.50164259
91,4.55,44.94372516,0.498053509,57.29826418,3.303717549,57.66765008,3.501946491,42.19647041,3.503213668,56.26846603,3.504343288,56.18496033,3.505581213,43.07587647,0.498279269,55.94480706,3.513821193,42.85007315,3.50164259
92,4.6,44.85007434,0.498053509,57.49781359,3.329518768,57.87261729,3.501946491,42.01122825,3.503213668,56.42418485,3.504343288,56.30839915,3.505581213,42.88214687,0.498279269,56.1269179,3.513821193,42.66236059,3.50164259
93,4.65,44.75480913,0.498053509,57.70222365,3.360501329,58.07706106,3.501946491,41.82381317,3.503213668,56.57776571,3.504343288,56.4340185,3.505581213,42.68624434,0.498279269,56.31542158,3.513821193,42.47247511,3.50164259
94,4.7,44.65744703,0.498053509,57.91024279,3.396602843,58.28214079,3.501946491,41.63422515,3.503213668,56.72920542,3.504343288,56.56182714,3.505581213,42.48816888,0.498279269,56.51028911,3.513821193,42.28041669,3.50164259
95,4.75,44.55814013,0.498053509,58.12163439,3.437720122,58.48815582,3.501946491,41.44246421,3.503213668,56.87853371,3.504343288,56.69188041,3.505581213,42.28792049,0.498279269,56.71145733,3.513821193,42.08618535,3.50164259
96,4.8,44.4566603,0.498053509,58.33787072,3.483682143,58.69379367,3.501946491,41.24853034,3.503213668,57.02604911,3.504343288,56.82450045,3.505581213,42.08549917,0.498279269,56.9180966,3.513821193,41.88978108,3.50164259
97,4.85,44.35300755,0.498053509,58.55870478,3.497146573,58.8993076,3.501946491,41.05242354,3.503213668,57.17288183,3.504343288,56.9612387,3.505581213,41.88090492,0.498279269,57.12717926,3.513821193,41.69120388,3.50164259
98,4.9,44.24764543,0.498053509,58.78392942,3.500444559,59.10478525,3.501946491,40.85414381,3.503213668,57.31898168,3.504343288,57.10370934,3.505581213,41.67413775,0.498279269,57.33673108,3.513821193,41.49045376,3.50164259
99,4.95,44.14150108,0.498053509,59.01352231,3.500444559,59.31024753,3.501946491,40.65369115,3.503213668,57.46314817,3.504343288,57.25284907,3.505581213,41.46519765,0.498279269,57.54787394,3.513821193,41.2875307,3.50164259
100,5,44.03427026,0.498053509,59.24747736,3.500444559,59.51569234,3.501946491,40.45106557,3.503213668,57.60644155,3.504343288,57.40828743,3.505581213,41.25408462,0.498279269,57.7587992,3.513821193,41.08243472,3.50164259
101,5.05,43.92829911,0.498053509,59.48579721,3.500444559,59.72111631,3.501946491,40.24626706,3.503213668,57.75172919,3.504343288,57.56938766,3.505581213,41.04079866,0.498279269,57.96623567,3.513821193,40.8751658,3.50164259
102,5.1,43.82145499,0.498053509,59.7283573,3.500444559,59.92664241,3.501946491,40.03929561,3.503213668,57.89929261,3.504343288,57.73694324,3.505581213,40.82533977,0.498279269,58.17116737,3.513821193,40.66572396,3.50164259
103,5.15,43.71534162,0.498053509,59.97490823,3.500444559,60.13251524,3.501946491,39.83015124,3.503213668,58.04879283,3.504343288,57.91070895,3.505581213,40.60770795,0.498279269,58.37342911,3.513821193,40.45410919,3.50164259
104,5.2,43.6087434,0.498053509,60.22586145,3.500444559,60.33826628,3.501946491,39.61883394,3.503213668,58.20054606,3.504343288,58.0910172,3.505581213,40.38790321,0.498279269,58.57338366,3.513821193,40.2403215,3.50164259
105,5.25,43.5001497,0.498053509,60.48020502,3.500444559,60.54484956,3.501946491,39.40534371,3.503213668,58.35454654,3.504343288,58.2778661,3.505581213,40.16592553,0.498279269,58.77104788,3.513821193,40.02436087,3.50164259
106,5.3,43.38991542,0.498053509,60.7347354,3.500444559,60.7557054,3.501946491,39.18968056,3.503213668,58.51073272,3.504343288,58.47121529,3.505581213,39.94177493,0.498279269,58.96643237,3.513821193,39.80622731,3.50164259
107,5.35,43.2780247,0.498053509,60.98931305,3.500444559,60.97087156,3.501946491,38.97184447,3.503213668,58.66910806,3.504343288,58.67105979,3.505581213,39.7154514,0.498279269,59.15953903,3.513821193,39.58592083,3.50164259
108,5.4,43.16607476,0.498053509,61.24391951,3.500444559,61.19035912,3.501946491,38.75183546,3.503213668,58.82970426,3.504343288,58.87740597,3.505581213,39.48695494,0.498279269,59.35036221,3.513821193,39.36344142,3.50164259
109,5.45,43.05364466,0.498053509,61.49853311,3.500444559,61.41415909,3.501946491,38.52965352,3.503213668,58.99251942,3.504343288,59.09016102,3.505581213,39.25628555,0.498279269,59.5389177,3.513821193,39.13878908,3.50164259
110,5.5,42.94002611,0.498053509,61.7531213,3.500444559,61.64224595,3.501946491,38.30529864,3.503213668,59.15846244,3.504343288,59.30787438,3.505581213,39.02344323,0.498279269,59.72493734,3.513821193,38.91196381,3.50164259
111,5.55,42.82782994,0.498053509,62.00772454,3.500444559,61.8746645,3.501946491,38.07877085,3.503213668,59.33025764,3.504343288,59.52690225,3.505581213,38.78842799,0.498279269,59.90788312,3.513821193,38.68296561,3.50164259
112,5.6,42.7153865,0.498053509,62.26234124,3.500444559,62.11141605,3.501946491,37.85007012,3.503213668,59.50846858,3.504343288,59.747947,3.505581213,38.55123981,0.498279269,60.0883815,3.513821193,38.45179448,3.50164259
113,5.65,42.60099981,0.498053509,62.51655959,3.500444559,62.35209079,3.501946491,37.61919646,3.503213668,59.69274788,3.504343288,59.97069205,3.505581213,38.31187871,0.498279269,60.26608311,3.513821193,38.21845043,3.50164259
114,5.7,42.48548027,0.498053509,62.76955746,3.500444559,62.59586792,3.501946491,37.38614988,3.503213668,59.8828656,3.504343288,60.19491673,3.505581213,38.07034468,0.498279269,60.4407617,3.513821193,37.98293344,3.50164259
115,5.75,42.36900412,0.498053509,63.02246711,3.500444559,62.84388054,3.501946491,37.15093036,3.503213668,60.07675239,3.504343288,60.418565,3.505581213,37.82663772,0.498279269,60.61031448,3.513821193,37.74524353,3.50164259
116,5.8,42.25084443,0.498053509,63.2750895,3.500444559,63.09593014,3.501946491,36.91353792,3.503213668,60.27462934,3.504343288,60.64179693,3.505581213,37.58075783,0.498279269,60.77492401,3.513821193,37.50538069,3.50164259
117,5.85,42.13117074,0.498053509,63.52772261,3.500444559,63.35231488,3.501946491,36.67397255,3.503213668,60.47616391,3.504343288,60.86413145,3.505581213,37.33270502,0.498279269,60.93479403,3.513821193,37.26334492,3.50164259
118,5.9,42.0113009,0.498053509,63.78036607,3.500444559,63.61303467,3.501946491,36.43223425,3.503213668,60.68119796,3.504343288,61.08417413,3.505581213,37.08247927,0.498279269,61.0921546,3.513821193,37.01913622,3.50164259
119,5.95,41.88925814,0.498053509,64.03266116,3.500444559,63.87773118,3.501946491,36.18832302,3.503213668,60.89280551,3.504343288,61.30235633,3.505581213,36.8300806,0.498279269,61.25138995,3.513821193,36.7727546,3.50164259
120,6,41.76504244,0.498053509,64.28389331,3.500444559,64.14568781,3.501946491,35.94223887,3.503213668,61.11099359,3.504343288,61.5184881,3.505581213,36.575509,0.498279269,61.41259085,3.513821193,36.52420004,3.50164259
121,6.05,41.63865382,0.498053509,64.53513731,3.500444559,64.41797807,3.501946491,35.69398178,3.503213668,61.33536325,3.504343288,61.73292228,3.505581213,36.31876447,0.498279269,61.57536277,3.513821193,36.27347256,3.50164259
122,6.1,41.51088341,0.498053509,64.78639398,3.500444559,64.69460098,3.501946491,35.44355177,3.503213668,61.56514254,3.504343288,61.94647943,3.505581213,36.05984701,0.498279269,61.73885874,3.513821193,36.02057215,3.50164259
123,6.15,41.38395672,0.498053509,65.03731257,3.500444559,64.9752031,3.501946491,35.19094883,3.503213668,61.8016222,3.504343288,62.15790787,3.505581213,35.79875662,0.498279269,61.90412649,3.513821193,35.76549881,3.50164259
124,6.2,41.25787324,0.498053509,65.28719092,3.500444559,65.25907828,3.501946491,34.93617296,3.503213668,62.04396958,3.504343288,62.36720161,3.505581213,35.5354933,0.498279269,62.07195886,3.513821193,35.50825254,3.50164259
125,6.25,41.13287623,0.498053509,65.53708777,3.500444559,65.5472788,3.501946491,34.67922416,3.503213668,62.28937866,3.504343288,62.57462857,3.505581213,35.27005706,0.498279269,62.24564193,3.513821193,35.24937779,3.50164259
126,6.3,41.00570629,0.498053509,65.78700785,3.500444559,65.83979813,3.501946491,34.41955798,3.503213668,62.53814266,3.504343288,62.78088062,3.505581213,35.00244789,0.498279269,62.42468401,3.513821193,34.98996347,3.50164259
127,6.35,40.87636342,0.498053509,66.03696081,3.500444559,66.13662028,3.501946491,34.15608552,3.503213668,62.78960201,3.504343288,62.98537639,3.505581213,34.73266578,0.498279269,62.60970403,3.513821193,34.72837622,3.50164259
128,6.4,40.74593409,0.498053509,66.28698113,3.500444559,66.43678694,3.501946491,33.89044013,3.503213668,63.04360017,3.504343288,63.18798798,3.505581213,34.46071075,0.498279269,62.80081869,3.513821193,34.46461604,3.50164259
129,6.45,40.61659122,0.498053509,66.53795958,3.500444559,66.73760322,3.501946491,33.62262181,3.503213668,63.30033618,3.504343288,63.38988946,3.505581213,34.1865828,0.498279269,62.99789672,3.513821193,34.19868293,3.50164259
130,6.5,40.48531158,0.498053509,66.79261208,3.500444559,67.03914027,3.501946491,33.35263057,3.503213668,63.55972362,3.504343288,63.59518998,3.505581213,33.91028191,0.498279269,63.20002947,3.513821193,33.93057689,3.50164259
131,6.55,40.3532916,0.498053509,67.05165056,3.500444559,67.3406461,3.501946491,33.0804664,3.503213668,63.81704222,3.504343288,63.80266348,3.505581213,33.63180809,0.498279269,63.40860081,3.513821193,33.66029792,3.50164259
132,6.6,40.22133383,0.498053509,67.31506074,3.500444559,67.64212971,3.501946491,32.80612929,3.503213668,64.07225093,3.504343288,64.01232033,3.505581213,33.35116135,0.498279269,63.62361506,3.513821193,33.38784603,3.50164259
133,6.65,40.08813889,0.498053509,67.5828364,3.500444559,67.94359562,3.501946491,32.52961926,3.503213668,64.32532977,3.504343288,64.2241586,3.505581213,33.06834168,0.498279269,63.84507492,3.513821193,33.11322121,3.50164259
134,6.7,39.95518325,0.498053509,67.85497411,3.500444559,68.24504653,3.501946491,32.2509363,3.503213668,64.57704108,3.504343288,64.43894982,3.505581213,32.78334907,0.498279269,64.07221691,3.513821193,32.83642346,3.50164259
135,6.75,39.82056157,0.498053509,68.13138742,3.500444559,68.54656848,3.501946491,31.97008042,3.503213668,64.82890926,3.504343288,64.65822353,3.505581213,32.49618354,0.498279269,64.30351173,3.513821193,32.55745278,3.50164259
136,6.8,39.68376695,0.498053509,68.41172107,3.500444559,68.84851648,3.501946491,31.6870516,3.503213668,65.07861631,3.504343288,64.8796635,3.505581213,32.20684509,0.498279269,64.54125461,3.513821193,32.27630917,3.50164259
137,6.85,39.54479941,0.498053509,68.69581028,3.500444559,69.15105516,3.501946491,31.40184985,3.503213668,65.3261814,3.504343288,65.1032946,3.505581213,31.9153337,0.498279269,64.78544496,3.513821193,31.99299263,3.50164259
138,6.9,39.40365893,0.498053509,68.98380196,3.500444559,69.45403753,3.501946491,31.11447518,3.503213668,65.57227515,3.504343288,65.32978101,3.505581213,31.62164938,0.498279269,65.03537765,3.513821193,31.70750317,3.50164259
139,6.95,39.26034553,0.498053509,69.27467892,3.500444559,69.75848067,3.501946491,30.82492758,3.503213668,65.81830855,3.504343288,65.56053619,3.505581213,31.32579214,0.498279269,65.28964315,3.513821193,31.41984077,3.50164259
140,7,39.11487193,0.498053509,69.56808897,3.500444559,70.06473674,3.501946491,30.53320705,3.503213668,66.06239432,3.504343288,65.79368817,3.505581213,31.02776197,0.498279269,65.55016264,3.513821193,31.13000545,3.50164259
141,7.05,48.99945677,0.999456768,49.00054323,2.000543232,49.00054323,3.000543232,49.99945677,1.000543232,50.00054323,2.000543232,50.00054323,3.000543232,50.99945677,0.999456768,51.00054323,2.000543232,50.99945677,3.000543232
142,7.1,48.99674061,0.996740607,49.00325939,2.003259393,49.00325939,3.003259393,49.99674061,1.003259393,50.00325939,2.003259393,50.00325939,3.003259393,50.99674061,0.996740607,51.00325939,2.002468664,50.99674061,3.003259393
143,7.15,48.99229623,0.991851518,49.00814848,2.008148482,49.00814848,3.008148482,49.99185152,1.008148482,50.00814848,2.008148482,50.00814848,3.008148482,50.99185152,0.991851518,51.00814848,2.004194837,50.99185152,3.008148482
144,7.2,48.98701305,0.9847895,49.0152105,2.0152105,49.0152105,3.0152105,49.9847895,1.0152105,50.0152105,2.0152105,50.0152105,3.0152105,50.9847895,0.9847895,51.0152105,2.007535329,50.9847895,3.015145502
145,7.25,48.97955695,0.975554554,49.02444545,2.024445446,49.02444545,3.024445446,49.97555455,1.024445446,50.02444545,2.024445446,50.02444545,3.024445446,50.97555455,0.975554554,51.02444545,2.010919578,50.97555455,3.023842441
146,7.3,48.97078304,0.964146679,49.03585332,2.035853321,49.03537518,3.035853321,49.96414668,1.035853321,50.03585332,2.035853321,50.03585332,3.035853321,50.96414668,0.964146679,51.03585332,2.014676582,50.96414668,3.033878253
147,7.35,48.96240157,0.950565876,49.04943412,2.049434124,49.0470434,3.049434124,49.95056588,1.049434124,50.04943412,2.049434124,50.04943412,3.049434124,50.95056588,0.950565876,51.04943412,2.018566681,50.95056588,3.046086994
148,7.4,48.95282206,0.934812144,49.06518786,2.065187856,49.06088455,3.065187856,49.93481214,1.065187856,50.06518786,2.065187856,50.06518786,3.065187856,50.93481214,0.934812144,51.06454406,2.022471555,50.93481214,3.060274851
149,7.45,48.94414189,0.916885484,49.08311452,2.083114516,49.07689862,3.083114516,49.91688548,1.083114516,50.08311452,2.083114516,50.08311452,3.083114516,50.91688548,0.916885484,51.07989552,2.028549358,50.91688548,3.076054202
150,7.5,48.93373164,0.896785895,49.10321411,2.103214105,49.09508563,3.103214105,49.89678589,1.103214105,50.10321411,2.103214105,50.10321411,3.103214105,50.89678589,0.896785895,51.0974199,2.036800089,50.89678589,3.094006481
151,7.55,48.92202288,0.874513377,49.12548662,2.125486623,49.11544557,3.125486623,49.87451338,1.125486623,50.12548662,2.125486623,50.12548662,3.125486623,50.87451338,0.874513377,51.11603076,2.047223749,50.87451338,3.114131689
152,7.6,48.91076449,0.850067931,49.14993207,2.149932069,49.13797843,3.149932069,49.85006793,1.149932069,50.14993207,2.149932069,50.14993207,3.149932069,50.85006793,0.850067931,51.13350667,2.059820338,50.85006793,3.136429825
153,7.65,48.89775656,0.823449557,49.17655044,2.176550443,49.16268422,3.176550443,49.82344956,1.176550443,50.17655044,2.176550443,50.17598665,3.175986649,50.82344956,0.823449557,51.1525914,2.074589855,50.82292945,3.160380786
154,7.7,48.88384589,0.794658254,49.20534175,2.205341746,49.18956294,3.205341746,49.79465825,1.205341746,50.20534175,2.205341746,50.20195561,3.201955609,50.79465825,0.794658254,51.17254219,2.09116742,50.79154163,3.184428256
155,7.75,48.8677623,0.763694022,49.23630598,2.236305978,49.21861459,3.236305978,49.76369402,1.236305978,50.23630598,2.236305978,50.2278302,3.227830203,50.76369402,0.763694022,51.19451365,2.108823273,50.75592131,3.208487816
156,7.8,48.85016031,0.730556862,49.26944314,2.269443138,49.24983917,3.269443138,49.73055686,1.269443138,50.26944314,2.269443138,50.25360649,3.253606492,50.73055686,0.730556862,51.21845554,2.128652054,50.71608965,3.232341685
157,7.85,48.83234899,0.695246773,49.30475323,2.304753227,49.28323668,3.304753227,49.69524677,1.304753227,50.30475323,2.304753227,50.27925144,3.279251442,50.69524677,0.695246773,51.2434475,2.150414727,50.67207523,3.256249543
158,7.9,48.81236474,0.657763756,49.34223624,2.342236244,49.31880711,3.342236244,49.65776376,1.342236244,50.34223624,2.342236244,50.30472929,3.30472929,50.65776376,0.657763756,51.26906631,2.173633222,50.62391777,3.280360226
159,7.95,48.79020756,0.618107811,49.38189219,2.381892189,49.35655048,3.381892189,49.61810781,1.381892189,50.38189219,2.381892189,50.33000038,3.330000381,50.61810781,0.618107811,51.29685804,2.199024644,50.5716758,3.304732258
160,8,48.76638422,0.576278936,49.42372106,2.423721064,49.39646677,3.423721064,49.57627894,1.423721064,50.42372106,2.423721064,50.35500655,3.355006554,50.57627894,0.576278936,51.32639533,2.226554689,50.51544683,3.329463136
161,8.05,48.74266912,0.532277134,49.46753413,2.467722866,49.43855599,3.467722866,49.53227713,1.467722866,50.46772287,2.467722866,50.37965132,3.379651322,50.53227713,0.532277134,51.35682342,2.256154745,50.45543747,3.354759492
162,8.1,48.71906373,0.498053509,49.51295393,2.513897598,49.48281814,3.501946491,49.4861024,1.513897598,50.5138976,2.513897598,50.40374315,3.403743151,50.4861024,0.498053509,51.38942444,2.287039997,50.39246875,3.381442345
163,8.15,48.6932854,0.498053509,49.56054665,2.562245257,49.52925322,3.501946491,49.43775474,1.562245257,50.56224526,2.562245257,50.42763391,3.427633908,50.43775474,0.498053509,51.42419839,2.317049201,50.32866617,3.411637184
164,8.2,48.66540434,0.498053509,49.6103123,2.612765846,49.57786122,3.501946491,49.38723415,1.612765846,50.61276585,2.612765846,50.45365196,3.453651956,50.38723415,0.498053509,51.46114526,2.347935115,50.26548245,3.446796751
165,8.25,48.63659537,0.498053509,49.66225088,2.665459363,49.62805573,3.501946491,49.33454064,1.665459363,50.66545936,2.665459363,50.48350123,3.48350123,50.33454064,0.498053509,51.50010509,2.38003707,50.2020616,3.486065042
166,8.3,48.60932018,0.498053509,49.71636238,2.720325808,49.6781168,3.501946491,49.27967419,1.720325808,50.72032581,2.720325808,50.51751012,3.50819844,50.27967419,0.498053509,51.54075791,2.412584029,50.13670055,3.496507645
167,8.35,48.58168178,0.498053509,49.77264682,2.777365182,49.72815949,3.501946491,49.22263482,1.777365182,50.77736518,2.777365182,50.55582716,3.50819844,50.22263482,0.498053509,51.58358366,2.446982749,50.06926073,3.497735899
168,8.4,48.55217996,0.498053509,49.83158734,2.837060642,49.77769881,3.501946491,49.16342252,1.836577485,50.83657748,2.836577485,50.59843037,3.50819844,50.16342252,0.498053509,51.62858234,2.483340773,49.99904645,3.499926397
169,8.45,48.52176035,0.498053509,49.89503277,2.901261012,49.82533001,3.501946491,49.10203728,1.897962716,50.8982539,2.898253903,50.64506814,3.50819844,50.10203728,0.498053509,51.67545227,2.521230853,49.9240808,3.499883892
170,8.5,48.49024188,0.498053509,49.96428317,2.97126635,49.87115481,3.501946491,49.03847912,1.961520875,50.96322344,2.963223442,50.69445592,3.50819844,50.03847912,0.498053509,51.7235881,2.561293862,49.84427559,3.49934769
171,8.55,48.45725455,0.498053509,50.03972977,3.047467879,49.91639748,3.501946491,48.97274804,2.027251963,51.0312968,3.031296805,50.74519736,3.50819844,49.97274804,0.498053509,51.77334062,2.6035298,49.75990089,3.498587858
172,8.6,48.42335694,0.498053509,50.12162653,3.130119586,49.96458575,3.501946491,48.90484402,2.09515598,51.10223596,3.102235961,50.7975614,3.50819844,49.90484402,0.498053509,51.82284709,2.647938666,49.67493145,3.499986571
173,8.65,48.38742104,0.498053509,50.20983424,3.219082231,50.01624097,3.501946491,48.83476708,2.165232925,51.17573829,3.175738285,50.85116381,3.50819844,49.83476708,0.498053509,51.87222145,2.694379972,49.59033514,3.499986571
174,8.7,48.34971616,0.498053509,50.30371772,3.313720648,50.0720649,3.501946491,48.7625172,2.237482799,51.25142711,3.251427114,50.9042855,3.50819844,49.7625172,0.498053509,51.92305174,2.741746886,49.50650158,3.499986571
175,8.75,48.31027339,0.498053509,50.40229837,3.413056237,50.13295778,3.501946491,48.6880944,2.311905601,51.32884862,3.32884862,50.95757514,3.50819844,49.6880944,0.498053509,51.97341933,2.787722698,49.42267571,3.499986571
176,8.8,48.26996279,0.498053509,50.50431054,3.489721223,50.19916306,3.501946491,48.61149867,2.388501331,51.40748863,3.407488628,51.01190889,3.50819844,49.61149867,0.498053509,52.024506,2.832123825,49.33831137,3.499986571
177,8.85,48.22747927,0.498053509,50.60852435,3.490304926,50.26928792,3.501946491,48.53273001,2.467269991,51.48682331,3.486823314,51.06823301,3.50819844,49.53273001,0.498053509,52.07776561,2.877233215,49.2517741,3.499986571
178,8.9,48.18282281,0.498053509,50.7149987,3.493219525,50.34362521,3.501946491,48.45178842,2.548211579,51.56640209,3.506717568,51.12663193,3.50819844,49.45178842,0.498053509,52.13298667,2.923986469,49.1630639,3.499986571
179,8.95,48.13599343,0.498053509,50.82378275,3.498443827,50.42226891,3.501946491,48.36867391,2.631326095,51.64598782,3.506717568,51.18711872,3.50819844,49.36867391,0.498053509,52.18959119,2.971309736,49.07218078,3.499986571
180,9,48.08699111,0.498053509,50.93483711,3.500177654,50.50524344,3.501946491,48.28338646,2.71661354,51.7255802,3.506717568,51.24970971,3.50819844,49.28338646,0.498053509,52.24785013,3.020758752,48.97912473,3.499986571
181,9.05,48.03668577,0.498053509,51.04813114,3.500177654,50.59255578,3.501946491,48.19592609,2.804073913,51.80554011,3.506717568,51.31385541,3.50819844,49.19592609,0.498053509,52.30811194,3.071858259,48.88389575,3.499986571
182,9.1,47.98693521,0.498053509,51.16422447,3.500177654,50.6847546,3.501946491,48.10629278,2.893707215,51.88631146,3.506717568,51.3778968,3.50819844,49.10629278,0.498053509,52.37047895,3.123164225,48.78649384,3.499986571
183,9.15,47.93573324,0.498053509,51.2847806,3.500177654,50.78348522,3.501946491,48.01448655,2.985513445,51.96506518,3.506717568,51.44180759,3.50819844,49.01448655,0.498053509,52.43373979,3.175176939,48.686919,3.499986571
184,9.2,47.88454711,0.498053509,51.40983771,3.500177654,50.88874902,3.501946491,47.9205074,3.079492604,52.03980688,3.506717568,51.50552624,3.50819844,48.9205074,0.498053509,52.4955602,3.228432242,48.58517123,3.499986571
185,9.25,47.83523901,0.498053509,51.53951947,3.500177654,51.00054768,3.501946491,47.82435531,3.175644692,52.11280722,3.506717568,51.56919137,3.50819844,48.82435531,0.498053509,52.55899797,3.283304905,48.48125054,3.499986571
186,9.3,47.78671079,0.498053509,51.67297245,3.500177654,51.11888337,3.501946491,47.72603029,3.273969708,52.18428646,3.506717568,51.63434615,3.50819844,48.72603029,0.498053509,52.62380488,3.339546702,48.37515691,3.499986571
187,9.35,47.73850186,0.498053509,51.80688571,3.500177654,51.24375888,3.501946491,47.62553235,3.374467653,52.25470241,3.506717568,51.70358878,3.50819844,48.62553235,0.498053509,52.68968467,3.396367945,48.26689036,3.499986571
188,9.4,47.6903936,0.498053509,51.94099252,3.500177654,51.37517787,3.501946491,47.52237943,3.476656485,52.32486289,3.506717568,51.77701966,3.50819844,48.52286147,0.498053509,52.75630618,3.452001055,48.15697543,3.499986571
189,9.45,47.64119888,0.498053509,52.0752419,3.500177654,51.51314523,3.501946491,47.41506245,3.502249587,52.39477803,3.506717568,51.85466884,3.50819844,48.41801767,0.498053509,52.8233306,3.492987489,48.04700625,3.499986571
190,9.5,47.59309063,0.498053509,52.2099443,3.500177654,51.65744973,3.501946491,47.30339248,3.502249587,52.46464558,3.506717568,51.93632764,3.50819844,48.31100094,0.498053509,52.89017202,3.491965662,47.93704422,3.499986571
191,9.55,47.54280945,0.498053509,52.34628894,3.500177654,51.80766584,3.501946491,47.18736951,3.502249587,52.53455328,3.506717568,52.0215564,3.50819844,48.20181128,0.498053509,52.95560502,3.487349629,47.82708929,3.499986571
192,9.6,47.49003359,0.498053509,52.48491683,3.500177654,51.96501497,3.501946491,47.0669936,3.502249587,52.60208886,3.506717568,52.11098761,3.50819844,48.09077044,0.498053509,53.01901622,3.480505956,47.71659644,3.499986571
193,9.65,47.43357635,0.498053509,52.62588045,3.500177654,52.13118912,3.501946491,46.94280981,3.502249587,52.66701665,3.506717568,52.20450824,3.50819844,47.97906512,0.498053509,53.08048115,3.471068803,47.60393065,3.499986571
194,9.7,47.37277325,0.498053509,52.76796437,3.499469374,52.30541828,3.501946491,46.81645308,3.502249587,52.72977068,3.506717568,52.30301454,3.50819844,47.86735981,0.498053509,53.13977815,3.458113054,47.48909194,3.499986571
195,9.75,47.30799718,0.498053509,52.90687285,3.495585642,52.48490269,3.501946491,46.68792343,3.502249587,52.7930091,3.506717568,52.40993509,3.50819844,47.75528161,0.498053509,53.19542365,3.439771351,47.3720803,3.499986571
196,9.8,47.24001378,0.498053509,53.04200971,3.487930305,52.66929489,3.501946491,46.55722084,3.502249587,52.85637707,3.506717568,52.52538512,3.50819844,47.64206488,0.498053509,53.24624282,3.417824355,47.25289573,3.499986571
197,9.85,47.16811229,0.498053509,53.17471453,3.477842924,52.85984876,3.501946491,46.42434533,3.502249587,52.92110717,3.506717568,52.64984655,3.50819844,47.52842039,0.498053509,53.29387529,3.391479223,47.13153823,3.499986571
198,9.9,47.09296934,0.498053509,53.30434593,3.464682116,53.05457768,3.501946491,46.28929689,3.502249587,52.98724783,3.506717568,52.78369268,3.50819844,47.4136715,0.498053509,53.33797404,3.36102029,47.0080078,3.499986571
199,9.95,47.0137178,0.498053509,53.4293966,3.446940581,53.24838287,3.501946491,46.15207553,3.502249587,53.05641679,3.506717568,52.92499638,3.50819844,47.29868534,0.498053509,53.37985631,3.329278367,46.88230445,3.499986571
200,10,46.93116276,0.498053509,53.55140183,3.426153613,53.44360894,3.501946491,46.01268123,3.502249587,53.13190946,3.506717568,53.07698471,3.50819844,47.18265683,0.498053509,53.42605283,3.298546711,46.75442816,3.499443339
201,10.05,46.8455845,0.498053509,53.66784129,3.399800868,53.63626929,3.501946491,45.871114,3.502249587,53.21226712,3.506717568,53.23842752,3.50819844,47.06530568,0.498053509,53.47919827,3.274181631,46.62437895,3.49767664
202,10.1,46.75722493,0.498053509,53.7803982,3.36956558,53.82520237,3.501946491,45.72737385,3.502249587,53.29785539,3.506717568,53.40811966,3.50819844,46.94638998,0.498053509,53.54078649,3.256505516,46.49215681,3.497417484
203,10.15,46.66680523,0.498053509,53.89073726,3.337112432,54.00855903,3.501946491,45.58146077,3.502249587,53.38966167,3.506717568,53.58202456,3.50819844,46.82518855,0.498053509,53.61207015,3.246624212,46.35776174,3.498568121
204,10.2,46.57375123,0.498053509,54.00124917,3.304832147,54.18661254,3.501946491,45.43337476,3.502249587,53.49071525,3.506717568,53.76018148,3.50819844,46.70227556,0.498053509,53.6937036,3.244375621,46.22119374,3.500653371
205,10.25,46.47743784,0.498053509,54.11378083,3.274571597,54.36141488,3.501946491,45.28311582,3.502249587,53.59928084,3.506717568,53.94210515,3.50819844,46.57827612,0.498053509,53.7854891,3.249620953,46.08245281,3.500653371
206,10.3,46.38007998,0.498053509,54.22790496,3.245903524,54.53189276,3.501946491,45.13068395,3.502249587,53.71455439,3.506717568,54.12519889,3.50819844,46.45097527,0.498053509,53.88774609,3.263046682,45.94153896,3.500653371
207,10.35,46.27925134,0.498053509,54.34503985,3.220246211,54.69933199,3.501946491,44.97607915,3.502249587,53.83554456,3.506717568,54.3086169,3.50819844,46.32279936,0.498053509,53.99756565,3.282981365,45.79845217,3.500653371
208,10.4,46.17632396,0.498053509,54.46740981,3.19982397,54.86372693,3.501946491,44.81930143,3.502249587,53.96158132,3.506717568,54.49275009,3.50819844,46.19237633,0.498053509,54.11318989,3.309037863,45.65319246,3.500653371
209,10.45,46.06923386,0.498053509,54.59337719,3.182999143,55.02507948,3.501946491,44.66035078,3.502249587,54.09470546,3.506717568,54.67590244,3.50819844,46.06177016,0.498053509,54.2365436,3.339564432,45.50575982,3.500653371
210,10.5,45.95837827,0.498053509,54.72432915,3.1711589,55.18339428,3.501946491,44.49922719,3.502249587,54.23184894,3.506717568,54.85618009,3.50819844,45.93058362,0.498053509,54.36724927,3.377442963,45.35615425,3.500653371
211,10.55,45.84326965,0.498053509,54.8604453,3.164482849,55.33867685,3.501946491,44.33593068,3.502249587,54.37398366,3.506717568,55.03365775,3.50819844,45.79930426,0.498053509,54.50480315,3.421083247,45.20437575,3.500653371
212,10.6,45.72440429,0.498053509,55.00090298,3.162148334,55.49093295,3.501946491,44.17046125,3.502249587,54.52383373,3.506717568,55.20886258,3.50819844,45.66743578,0.498053509,54.64849767,3.466866849,45.05042433,3.500653371
213,10.65,45.60401525,0.498053509,55.14675366,3.165206806,55.64016827,3.501946491,44.00281888,3.502249587,54.6802362,3.506717568,55.38130818,3.50819844,45.53376828,0.498053509,54.79716706,3.502613527,44.89429997,3.500653371
214,10.7,45.48353124,0.498053509,55.2993588,3.175019739,55.78638856,3.501946491,43.83300358,3.502249587,54.84252563,3.506717568,55.55075938,3.50819844,45.39891936,0.498053509,54.94920935,3.502613527,44.73600269,3.500653371
215,10.75,45.36406465,0.498053509,55.45891318,3.191781924,55.92959981,3.501946491,43.66101536,3.502249587,55.01176799,3.506717568,55.71722087,3.50819844,45.260742,0.498053509,55.10426765,3.502613527,44.57553248,3.500653371
216,10.8,45.24765031,0.498053509,55.62515398,3.215230514,56.06980843,3.501946491,43.4868542,3.502249587,55.18756066,3.506717568,55.88066078,3.50819844,45.12127104,0.498053509,55.26386248,3.502613527,44.41288934,3.500653371
217,10.85,45.13138969,0.498053509,55.79778342,3.245067754,56.2070215,3.501946491,43.31052012,3.502249587,55.36840256,3.506717568,56.04104994,3.50819844,44.97760793,0.498053509,55.43143802,3.502613527,44.24807327,3.500653371
218,10.9,45.01572239,0.498053509,55.97554301,3.280035146,56.34124701,3.501946491,43.13201311,3.502249587,55.55264841,3.506717568,56.19838638,3.50819844,44.83019229,0.498053509,55.60674247,3.502613527,44.08108427,3.500653371
219,10.95,44.90137288,0.498053509,56.15862864,3.320328572,56.4724942,3.501946491,42.95133317,3.502249587,55.74021873,3.506717568,56.35265293,3.50819844,44.67974859,0.498053509,55.7898718,3.502613527,43.91192234,3.500653371
220,11,44.79014145,0.498053509,56.34689664,3.365804366,56.60077437,3.501946491,42.76848031,3.502249587,55.93127466,3.506717568,56.50384955,3.50819844,44.5280771,0.498053509,55.98101531,3.502613527,43.74058749,3.500653371
221,11.05,44.68010206,0.498053509,56.53986333,3.415978858,56.72581647,3.501946491,42.58345451,3.502249587,56.12693501,3.506717568,56.65228109,3.50819844,44.3732518,0.498053509,56.18069825,3.502613527,43.5670797,3.500653371
222,11.1,44.57044845,0.498053509,56.73818746,3.471510779,56.84599211,3.501946491,42.39625579,3.502249587,56.32938314,3.506717568,56.79888792,3.50819844,44.21446642,0.498053509,56.39030886,3.502613527,43.39139899,3.500653371
223,11.15,44.46079485,0.498053509,56.93991906,3.486662569,56.96054503,3.501946491,42.20688413,3.502249587,56.53866414,3.506717568,56.94523152,3.50819844,44.05133519,0.498053509,56.61031519,3.502613527,43.21354535,3.500653371
224,11.2,44.35150862,0.498053509,57.14192789,3.487495714,57.07392127,3.501946491,42.01533955,3.502249587,56.75588654,3.506717568,57.0945217,3.50819844,43.88422548,0.498053509,56.8397076,3.502613527,43.03351878,3.500653371
225,11.25,44.24332455,0.498053509,57.33877956,3.4831717,57.18562496,3.501946491,41.82162204,3.502249587,56.98009349,3.506717568,57.24564554,3.50819844,43.71387206,0.498053509,57.07971284,3.502613527,42.85131929,3.500653371
226,11.3,44.13514047,0.498053509,57.53123935,3.474455805,57.29802299,3.501946491,41.6257316,3.502249587,57.21205248,3.506717568,57.39808628,3.50819844,43.53917279,0.498053509,57.32950628,3.502613527,42.66694686,3.500653371
227,11.35,44.02804286,0.498053509,57.71791949,3.459960259,57.41310902,3.501946491,41.42766824,3.502249587,57.45105795,3.506717568,57.54749065,3.50819844,43.36121412,0.498053509,57.58866611,3.502613527,42.48040151,3.500653371
228,11.4,43.92435328,0.498053509,57.89898269,3.439847767,57.53158806,3.501946491,41.22743194,3.502249587,57.69783129,3.506717568,57.694985,3.50819844,43.18231763,0.498053509,57.84970182,3.502613527,42.29168322,3.500653371
229,11.45,43.8211096,0.498053509,58.076358,3.416047396,57.6570081,3.501946491,41.02502272,3.502249587,57.94461688,3.506717568,57.84374359,3.50819844,43.00006441,0.498053509,58.107337,3.502613527,42.10079201,3.500653371
230,11.5,43.71763056,0.498053509,58.25279473,3.391308445,57.79031797,3.501946491,40.82044057,3.502249587,58.18955652,3.506717568,57.99528361,3.50819844,42.81563827,0.498053509,58.35789183,3.502613527,41.90772787,3.500653371
231,11.55,43.61290223,0.498053509,58.42696693,3.364304953,57.934131,3.501946491,40.61368549,3.502249587,58.43487498,3.506717568,58.1523442,3.50819844,42.6290392,0.498053509,58.60232669,3.502613527,41.7124908,3.500653371
232,11.6,43.50689542,0.498053509,58.6002669,3.336429236,58.08833644,3.501946491,40.40475748,3.502249587,58.67959833,3.506717568,58.31481976,3.50819844,42.4402672,0.498053509,58.83978434,3.502613527,41.51508081,3.500653371
233,11.65,43.40142135,0.498053509,58.77508402,3.31007067,58.25283203,3.501946491,40.19365654,3.502249587,58.92255513,3.506717568,58.48256442,3.50819844,42.24932227,0.498053509,59.07065644,3.502613527,41.31549788,3.500653371
234,11.7,43.29386602,0.498053509,58.95285915,3.286670121,58.42698145,3.501946491,39.98038267,3.502249587,59.16266393,3.506717568,58.65511554,3.50819844,42.05620441,0.498053509,59.29630247,3.502613527,41.11374203,3.500653371
235,11.75,43.18529818,0.498053509,59.13353304,3.266168325,58.60907223,3.501946491,39.76493588,3.502249587,59.39908675,3.506717568,58.83170817,3.50819844,41.86091363,0.498053509,59.51639017,3.502613527,40.90981324,3.500653371
236,11.8,43.07857047,0.498053509,59.31796495,3.249424551,58.79903144,3.501946491,39.54731615,3.502249587,59.63274032,3.506717568,59.01269854,3.50819844,41.66344991,0.498053509,59.73349123,3.502613527,40.70371153,3.500653371
237,11.85,42.97219452,0.498053509,59.50807232,3.238356237,58.99597989,3.501946491,39.3275235,3.502249587,59.86291692,3.506717568,59.19664254,3.50819844,41.46381327,0.498053509,59.95039392,3.502613527,40.49543689,3.500653371
238,11.9,42.86443679,0.498053509,59.70486795,3.233976175,59.19769599,3.501946491,39.10555792,3.502249587,60.08982938,3.506717568,59.38404983,3.50819844,41.2620037,0.498053509,60.16678739,3.502613527,40.28498932,3.500653371
239,11.95,42.75450613,0.498053509,59.90822563,3.236158173,59.40501002,3.501946491,38.88141941,3.502249587,60.31337932,3.506717568,59.57409054,3.50819844,41.0580212,0.498053509,60.38312147,3.502613527,40.07236883,3.500653371
240,12,42.64257625,0.498053509,60.11703831,3.243795166,59.61796483,3.501946491,38.65510797,3.502249587,60.53425426,3.506717568,59.76625063,3.50819844,40.85186577,0.498053509,60.60046531,3.502613527,39.8575754,3.500653371
241,12.05,42.52899453,0.498053509,60.32848679,3.254067966,59.83665209,3.501946491,38.42662361,3.502249587,60.75392664,3.506717568,59.95890554,3.50819844,40.64353741,0.498053509,60.81767288,3.502613527,39.64060905,3.500653371
242,12.1,42.41389087,0.498053509,60.54403036,3.26843585,60.06131264,3.501946491,38.19596631,3.502249587,60.9709934,3.506717568,60.15264458,3.50819844,40.43303613,0.498053509,61.03608549,3.502613527,39.42146977,3.500653371
243,12.15,42.29856727,0.498053509,60.76347947,3.286709271,60.29123627,3.501946491,37.96313609,3.502249587,61.18609079,3.506717568,60.34997694,3.50819844,40.22036191,0.498053509,61.25500479,3.502613527,39.20015755,3.500653371
244,12.2,42.18107075,0.498053509,60.98479156,3.30684568,60.52300904,3.501946491,37.72813294,3.502249587,61.40164504,3.506717568,60.55250584,3.50819844,40.00551477,0.498053509,61.47201187,3.502613527,38.97667241,3.500653371
245,12.25,42.06140129,0.498053509,61.20910712,3.330334693,60.75606162,3.501946491,37.49095686,3.502249587,61.61562807,3.506717568,60.76016832,3.50819844,39.7884947,0.498053509,61.6899215,3.502613527,38.75101435,3.500653371
246,12.3,41.94002219,0.498053509,61.43645156,3.357899994,60.98974544,3.501946491,37.25160785,3.502249587,61.82763923,3.506717568,60.97248668,3.50819844,39.5693017,0.498053509,61.91050991,3.502613527,38.52318335,3.500653371
247,12.35,41.81848784,0.498053509,61.66726299,3.388932284,61.22514851,3.501946491,37.01008591,3.502249587,62.0369415,3.506717568,61.19062796,3.50819844,39.34793577,0.498053509,62.13298687,3.502613527,38.29317943,3.500653371
248,12.4,41.69666404,0.498053509,61.9018461,3.423736249,61.46293622,3.501946491,36.76639104,3.502249587,62.2431355,3.506717568,61.41475598,3.50819844,39.12439691,0.498053509,62.35719742,3.502613527,38.06100257,3.500653371
249,12.45,41.5726673,0.498053509,62.13873485,3.460845864,61.7048899,3.501946491,36.52052325,3.502249587,62.44574759,3.506717568,61.64503185,3.50819844,38.89868513,0.498053509,62.58065497,3.502613527,37.82665279,3.500653371
250,12.5,41.44667196,0.498053509,62.376521,3.498852867,61.95115799,3.501946491,36.27248253,3.502249587,62.64581202,3.506717568,61.88160983,3.50819844,38.67080041,0.498053509,62.79991337,3.502613527,37.59013008,3.500653371
251,12.55,41.31920252,0.498053509,62.61587017,3.508858071,62.20186121,3.501946491,36.02226887,3.502249587,62.84475245,3.506717568,62.12461003,3.50819844,38.44074277,0.498053509,63.01620723,3.502613527,37.35143444,3.500653371
252,12.6,41.19096592,0.498053509,62.85428932,3.508858071,62.45747666,3.501946491,35.76988229,3.502249587,63.04063771,3.506717568,62.37406304,3.50819844,38.2085122,0.498053509,63.22694753,3.502613527,37.11056587,3.500653371
253,12.65,41.0633749,0.498053509,63.09449434,3.508858071,62.71944674,3.501946491,35.51532278,3.502249587,63.23622048,3.506717568,62.62997196,3.50819844,37.9741087,0.498053509,63.43321952,3.502613527,36.86752438,3.500653371
254,12.7,40.93440636,0.498053509,63.33672778,3.508858071,62.98805302,3.501946491,35.25859035,3.502249587,63.43316398,3.506717568,62.89342353,3.50819844,37.73753227,0.498053509,63.63476048,3.502613527,36.62230995,3.500653371
255,12.75,40.80399391,0.498053509,63.57978374,3.508858071,63.26329954,3.501946491,34.99968498,3.502249587,63.63454579,3.506717568,63.16767387,3.50819844,37.49878292,0.498053509,63.8299644,3.502613527,36.3749226,3.500653371
256,12.8,40.67140854,0.498053509,63.82063394,3.508858071,63.54433794,3.501946491,34.73860669,3.502249587,63.83830459,3.506717568,63.45186854,3.50819844,37.25786063,0.498053509,64.01903095,3.502613527,36.12536232,3.500653371
257,12.85,40.53665033,0.498053509,64.05924284,3.508858071,63.82906537,3.501946491,34.47535546,3.502249587,64.04426516,3.506717568,63.74387669,3.50819844,37.01476542,0.498053509,64.20278605,3.502613527,35.8736291,3.500653371
258,12.9,40.39971948,0.498053509,64.29441089,3.508858071,64.11927078,3.501946491,34.20993131,3.502249587,64.25109684,3.506717568,64.045468,3.50819844,36.76949727,0.498053509,64.38282708,3.502613527,35.61972297,3.500653371
259,12.95,40.26065385,0.498053509,64.52626946,3.508858071,64.41530294,3.501946491,33.94233423,3.502249587,64.46094331,3.506717568,64.35786068,3.50819844,36.5220562,0.498053509,64.56151015,3.502613527,35.3636439,3.500653371
260,13,40.12013914,0.498053509,64.7516097,3.508858071,64.71300628,3.501946491,33.67256423,3.502249587,64.67645489,3.506717568,64.6811074,3.50819844,36.2724422,0.498053509,64.74236335,3.502613527,35.1053919,3.500653371
261,13.05,39.97927968,0.498053509,64.97045864,3.508858071,65.00846906,3.501946491,33.40062129,3.502249587,64.89520036,3.506717568,65.01422578,3.50819844,36.02065528,0.498053509,64.93473789,3.502613527,34.84496698,3.500653371
262,13.1,39.83647777,0.498053509,65.18261878,3.508858071,65.30211159,3.501946491,33.12650542,3.502249587,65.11728203,3.506717568,65.35214468,3.50819844,35.76669542,0.498053509,65.13826368,3.502613527,34.58236912,3.500653371
263,13.15,39.69219435,0.498053509,65.39035217,3.508858071,65.59343566,3.501946491,32.85021663,3.502249587,65.34651098,3.506717568,65.68991897,3.50819844,35.51056264,0.498053509,65.35250182,3.502613527,34.31759834,3.500653371
264,13.2,39.54633262,0.498053509,65.60092983,3.508858071,65.8801858,3.501946491,32.57175491,3.502249587,65.58382747,3.506717568,66.0267091,3.50819844,35.25225692,0.498053509,65.57630111,3.502613527,34.05065463,3.500653371
265,13.25,39.40008177,0.498053509,65.81458956,3.508858071,66.16322005,3.501946491,32.29112026,3.502249587,65.82878852,3.506717568,66.36075192,3.50819844,34.99177828,0.498053509,65.81001192,3.502613527,33.78153799,3.500653371
266,13.3,39.25169059,0.498053509,66.0302944,3.508858071,66.44493529,3.501946491,32.00831268,3.502249587,66.08031168,3.506717568,66.6884721,3.50819844,34.72912671,0.498053509,66.05418498,3.502613527,33.51024843,3.500653371
267,13.35,39.10122425,0.498053509,66.24863589,3.508858071,66.72522693,3.501946491,31.72333217,3.502249587,66.3389403,3.506717568,67.01169416,3.50819844,34.46430221,0.498053509,66.30677475,3.502613527,33.23678593,3.500653371
268,13.4,38.94907634,0.498053509,66.47009501,3.508858071,67.00453874,3.501946491,31.43617873,3.502249587,66.60487604,3.506717568,67.3310102,3.50819844,34.19730478,0.498053509,66.56732437,3.502613527,32.96115051,3.500653371
269,13.45,38.79686361,0.498053509,66.69392921,3.508858071,67.2818201,3.501946491,31.14685237,3.502249587,66.87528729,3.506717568,67.64807189,3.50819844,33.92813443,0.498053509,66.83628986,3.502613527,32.68334215,3.500653371
270,13.5,38.64438013,0.498053509,66.92236548,3.508858071,67.55705111,3.501946491,30.85535307,3.502249587,67.14789999,3.506717568,67.9628938,3.50819844,33.65679114,0.498053509,67.11120488,3.502613527,32.40336087,3.500653371
271,13.55,38.48972371,0.498053509,67.15867102,3.508858071,67.83060988,3.501946491,30.56168085,3.502249587,67.42307808,3.506717568,68.27548589,3.50819844,33.38327493,0.498053509,67.39036952,3.502613527,32.12120666,3.500653371
272,13.6,38.33289437,0.498053509,67.40237671,3.508858071,68.10327184,3.501946491,30.2658357,3.502249587,67.7010781,3.506717568,68.58639968,3.50819844,33.10758579,0.498053509,67.67288967,3.502613527,31.83687953,3.500653371
273,13.65,38.1738921,0.498053509,67.65476804,3.508858071,68.3738478,3.501946491,29.96781762,3.502249587,67.97911215,3.506717568,68.89727353,3.50819844,32.82972372,0.498053509,67.95990783,3.502613527,31.55037946,3.500653371
274,13.7,38.0127169,0.498053509,67.91569094,3.508858071,68.64243898,3.501946491,29.66762661,3.502249587,68.25725339,3.506717568,69.20811172,3.50819844,32.54968872,0.498053509,68.25130159,3.502613527,31.26170646,3.500653371
275,13.75,37.84936877,0.498053509,68.18468025,3.508858071,68.90943943,3.501946491,29.36526268,3.502249587,68.53584094,3.506717568,69.51891783,3.50819844,32.26748079,0.498053509,68.54666801,3.502613527,30.97086054,3.500653371
276,13.8,37.68384772,0.498053509,68.46145232,3.508858071,69.17515449,3.501946491,29.06072581,3.502249587,68.81519244,3.506717568,69.8296949,3.50819844,31.98309994,0.498053509,68.84569756,3.502613527,30.67784169,3.500653371
277,13.85,37.51615373,0.498053509,68.74543163,3.508858071,69.44019142,3.501946491,28.75401602,3.502249587,69.09594048,3.506717568,70.1404455,3.50819844,31.69654615,0.498053509,69.14778526,3.502613527,30.38264991,3.500653371
278,13.9,48.99945677,0.999456768,49.00054323,2.000543232,49.00054323,3.000543232,49.99945677,1.000543232,50.00054323,2.000543232,50.00054323,3.000543232,50.99945677,0.999456768,51.00054323,2.000203919,50.99945677,3.00044657
279,13.95,48.99674061,0.996740607,49.00325939,2.003259393,49.00325939,3.003259393,49.99674061,1.003259393,50.00325939,2.003259393,50.00325939,3.003259393,50.99674061,0.996740607,51.00325939,2.00095044,50.99674061,3.002776083
280,14,48.99185152,0.991851518,49.00814848,2.008148482,49.00814848,3.008148482,49.99185152,1.008148482,50.00814848,2.008148482,50.00814848,3.008148482,50.99185152,0.991851518,51.00814848,2.00177358,50.99185152,3.007278524
281,14.05,48.9847895,0.9847895,49.0152105,2.0152105,49.0152105,3.0152105,49.9847895,1.0152105,50.0152105,2.0152105,50.0152105,3.0152105,50.9847895,0.9847895,51.0150435,2.00290572,50.9847895,3.013953893
282,14.1,48.97600924,0.975554554,49.02444545,2.024445446,49.02444545,3.024445446,49.97555455,1.024445446,50.02444545,2.024445446,50.02444545,3.024445446,50.97555455,0.975554554,51.02361043,2.001983477,50.97555455,3.022802191
283,14.15,48.96672912,0.964146679,49.03585332,2.035853321,49.03585332,3.035853321,49.96414668,1.035853321,50.03585332,2.035853321,50.03585332,3.035853321,50.96414668,0.964146679,51.03435029,1.999243942,50.96414668,3.033823418
284,14.2,48.95620307,0.950565876,49.04943412,2.049434124,49.04943412,3.049434124,49.95056588,1.049434124,50.04943412,2.049434124,50.04943412,3.049434124,50.95056588,0.950565876,51.04726307,1.995235987,50.95056588,3.046486488
285,14.25,48.9435041,0.934812144,49.06518786,2.065187856,49.06518786,3.065187856,49.93481214,1.065187856,50.06518786,2.065187856,50.06518786,3.065187856,50.93481214,0.934812144,51.06210045,1.992778689,50.93481214,3.059611041
286,14.3,48.92920349,0.916885484,49.08311452,2.083114516,49.08311452,3.083114516,49.91688548,1.083114516,50.08311452,2.083114516,50.08311452,3.083114516,50.91688548,0.916885484,51.07836574,1.992168495,50.91688548,3.074462517
287,14.35,48.91444384,0.896785895,49.10321411,2.103214105,49.10321411,3.103214105,49.89678589,1.103214105,50.10321411,2.103214105,50.10321411,3.103214105,50.89678589,0.896785895,51.09680395,1.992768605,50.89678589,3.09116409
288,14.4,48.89789091,0.874513377,49.12548662,2.125486623,49.12548662,3.125486623,49.87451338,1.125486623,50.12548662,2.125486623,50.12548662,3.125486623,50.87451338,0.874513377,51.1174151,1.993337332,50.87451338,3.109661685
289,14.45,48.88030401,0.850067931,49.14993207,2.149932069,49.14993207,3.149932069,49.85006793,1.149932069,50.14993207,2.149932069,50.14993207,3.149932069,50.85006793,0.850067931,51.14019917,1.994745783,50.85006793,3.129279655
290,14.5,48.86054419,0.823449557,49.17655044,2.176550443,49.17655044,3.176550443,49.82344956,1.176550443,50.17655044,2.176550443,50.17600321,3.176003213,50.82344956,0.823449557,51.16515617,1.996001262,50.82293722,3.14903357
291,14.55,48.83861144,0.794658254,49.20534175,2.205341746,49.20534175,3.205341746,49.79465825,1.205341746,50.20534175,2.205341746,50.20202923,3.202029233,50.79465825,0.794658254,51.1922861,1.999216979,50.79159388,3.167575837
292,14.6,48.81450576,0.763694022,49.23630598,2.236305978,49.23630598,3.236305978,49.76369402,1.236305978,50.23630598,2.236305978,50.22791316,3.227913163,50.76369402,0.763694022,51.2206438,2.003967549,50.75607913,3.186292557
293,14.65,48.7886533,0.730556862,49.26944314,2.269443138,49.26944314,3.269443138,49.73055686,1.269443138,50.26944314,2.269443138,50.25361489,3.253614887,50.73055686,0.730556862,51.24814799,2.010107583,50.71644551,3.205236268
294,14.7,48.76190636,0.695246773,49.30475323,2.304753227,49.30475323,3.304753227,49.69524677,1.304753227,50.30475323,2.304753227,50.27908605,3.279086055,50.69524677,0.695462963,51.27724209,2.015617929,50.67276079,3.224474725
295,14.75,48.73321414,0.657763756,49.34223624,2.342236244,49.34223624,3.342236244,49.65776376,1.342236244,50.34223624,2.342236244,50.30428307,3.304283069,50.65776376,0.658844702,51.30847896,2.021739557,50.62511707,3.244004773
296,14.8,48.70303197,0.618107811,49.38189219,2.381892189,49.38189219,3.381892189,49.61810781,1.381892189,50.38189219,2.381892189,50.32916677,3.329166771,50.61810781,0.620053513,51.3408213,2.029231035,50.57364985,3.263746551
297,14.85,48.67067688,0.576278936,49.42372106,2.423721064,49.42372106,3.423721064,49.57627894,1.423721064,50.42372106,2.423721064,50.35366049,3.353660489,50.57627894,0.579089396,51.37213418,2.038331059,50.51858266,3.283945499
298,14.9,48.63614886,0.532277134,49.46772287,2.467722866,49.46772287,3.467722866,49.53227713,1.467722866,50.46772287,2.467722866,50.37773314,3.377733142,50.53227713,0.535952349,51.40561999,2.048970977,50.46034956,3.304681532
299,14.95,48.59944791,0.498053509,49.5138976,2.513897598,49.5138976,3.501946491,49.4861024,1.513897598,50.5138976,2.513897598,50.40100743,3.401007428,50.4861024,0.502377293,51.44127873,2.059477524,50.39994997,3.327596929
300,15,48.56057403,0.498053509,49.56224526,2.562245257,49.56224526,3.501946491,49.43775474,1.562245257,50.56224526,2.562245257,50.42369998,3.423699977,50.43775474,0.50183406,51.47874709,2.07060769,50.33914224,3.354450043
301,15.05,48.51975204,0.498053509,49.61276585,2.612765846,49.61276585,3.501946491,49.38723415,1.612765846,50.61276585,2.612765846,50.44725444,3.447254438,50.38723415,0.500204364,51.51729844,2.082927645,50.27915599,3.386470499
302,15.1,48.47743158,0.498053509,49.66545936,2.665459363,49.66482834,3.501946491,49.33454064,1.665459363,50.66545936,2.665459363,50.47347941,3.473479414,50.33454064,0.500204364,51.55802273,2.096791314,50.21944791,3.423114974
303,15.15,48.4329382,0.498053509,49.72032581,2.720325808,49.7165533,3.501946491,49.27967419,1.720325808,50.72032581,2.720325808,50.50317421,3.495042554,50.27967419,0.500204364,51.60091994,2.109966056,50.15841913,3.462784609
304,15.2,48.38627189,0.498053509,49.77736518,2.777365182,49.76800724,3.501946491,49.22263482,1.777365182,50.77736518,2.777365182,50.53673681,3.496078516,50.22263482,0.500204364,51.64599009,2.122391103,50.09572386,3.49410555
305,15.25,48.33743265,0.498053509,49.83708969,2.837089692,49.81879507,3.501946491,49.16342252,1.836577485,50.83657748,2.836577485,50.57448895,3.499186402,50.16342252,0.500204364,51.69323316,2.136368916,50.03032163,3.493981188
306,15.3,48.28642048,0.498053509,49.90114852,2.901148521,49.86752135,3.501946491,49.10203728,1.897962716,50.89822762,2.898227616,50.61632975,3.499186402,50.10203728,0.500204364,51.74183051,2.149759114,49.96016214,3.493172587
307,15.35,48.23323538,0.498053509,49.97024804,2.97024804,49.91422674,3.501946491,49.03847912,1.961520875,50.96305855,2.963058548,50.66159983,3.499186402,50.03847912,0.500204364,51.79014483,2.162361723,49.88561204,3.491500713
308,15.4,48.17823303,0.498053509,50.04559362,3.045593616,49.95993196,3.501946491,48.97274804,2.027251963,51.03085263,3.030852635,50.70999292,3.499614738,49.97274804,0.500204364,51.84063207,2.176356229,49.80778934,3.490902088
309,15.45,48.12286604,0.498053509,50.12749678,3.127496781,50.00807042,3.501946491,48.90484402,2.09515598,51.10134733,3.101347326,50.76018197,3.500043075,49.90484402,0.500204364,51.89329225,2.191701998,49.72931187,3.493980303
310,15.5,48.06754987,0.498053509,50.21663793,3.216637927,50.05933761,3.501946491,48.83476708,2.165232925,51.1742262,3.174226199,50.81178558,3.499924779,49.83476708,0.500204364,51.9481186,2.206147963,49.65111495,3.498738604
311,15.55,48.01006077,0.498053509,50.31466017,3.314660174,50.11448913,3.501946491,48.7625172,2.237482799,51.24910928,3.249109282,50.86306578,3.499483073,49.7625172,0.500204364,52.00509759,2.220856736,49.57361457,3.499828528
312,15.6,47.9505931,0.498053509,50.41970925,3.419709255,50.17456434,3.501946491,48.6880944,2.311905601,51.32555501,3.325555008,50.91466115,3.49935654,49.6880944,0.500204364,52.06424952,2.236838206,49.49612543,3.500918451
313,15.65,47.88953554,0.498053509,50.52834486,3.500715487,50.24007355,3.501946491,48.61149867,2.388501331,51.40308197,3.403081972,50.9673409,3.499758307,49.61149867,0.500204364,52.12469106,2.252048695,49.41809568,3.500918451
314,15.7,47.82706224,0.498053509,50.6394062,3.500715487,50.31046204,3.501946491,48.53273001,2.467269991,51.48121646,3.481216458,51.02126924,3.49974045,49.53273001,0.500204364,52.18356915,2.266255923,49.337893,3.500918451
315,15.75,47.76503772,0.498053509,50.75264235,3.500715487,50.38735522,3.501946491,48.45178842,2.548211579,51.55955809,3.500802156,51.07514887,3.499673892,49.45178842,0.500204364,52.24136078,2.281876555,49.25551739,3.500918451
316,15.8,47.70227593,0.498053509,50.8680512,3.500715487,50.47075343,3.501946491,48.36867391,2.631326095,51.6378951,3.500802156,51.12904876,3.499627581,49.36867391,0.500204364,52.30046346,2.297730995,49.17096886,3.500918451
317,15.85,47.6384964,0.498053509,50.98562986,3.500715487,50.56065665,3.501946491,48.28338646,2.71661354,51.71568413,3.500802156,51.18297236,3.499604986,49.28338646,0.500204364,52.35896489,2.313104039,49.08424739,3.500918451
318,15.9,47.57332464,0.498053509,51.10591736,3.500715487,50.65706466,3.501946491,48.19592609,2.804073913,51.79129533,3.500802156,51.23692566,3.499612092,49.19592609,0.500204364,52.418428,2.327705732,48.995353,3.500918451
319,15.95,47.50832207,0.498053509,51.23053455,3.500715487,50.75997709,3.501946491,48.10629278,2.893707215,51.8647288,3.500802156,51.29092825,3.499668491,49.10629278,0.500204364,52.47755903,2.343992534,48.90428568,3.500918451
320,16,47.44175666,0.498053509,51.3582585,3.500715487,50.86939343,3.501946491,48.01448655,2.985513445,51.93598473,3.500802156,51.34609862,3.499759194,49.01448655,0.500204364,52.53664912,2.360218524,48.81104543,3.500918451
321,16.05,47.37532212,0.498053509,51.48558512,3.500715487,50.98531302,3.501946491,47.9205074,3.079492604,52.00506344,3.500802156,51.40567378,3.499759194,48.9205074,0.500204364,52.5962553,2.376184463,48.71563225,3.500918451
322,16.1,47.30820666,0.498053509,51.61289292,3.500715487,51.1077348,3.501946491,47.82435531,3.175644692,52.07196521,3.500802156,51.4696282,3.499759194,48.82435531,0.500204364,52.65683759,2.393443729,48.61804614,3.500918451
323,16.15,47.23913253,0.498053509,51.74019255,3.500715487,51.23665672,3.501946491,47.72603029,3.273969708,52.13669001,3.500802156,51.53795841,3.499759194,48.72603029,0.500204364,52.71658046,2.411336432,48.51828711,3.500918451
324,16.2,47.16866716,0.498053509,51.86748794,3.500715487,51.37207562,3.501946491,47.62553235,3.374467653,52.19923777,3.500802156,51.61066574,3.499759194,48.62553235,0.500204364,52.77669717,2.430902757,48.41635514,3.500918451
325,16.25,47.09847379,0.498053509,51.99478119,3.500715487,51.51398615,3.501946491,47.52286147,3.477138526,52.25960833,3.500802156,51.68775602,3.499759194,48.52286147,0.500204364,52.83898681,2.451138203,48.31225025,3.500918451
326,16.3,47.02667421,0.498053509,52.12207376,3.500715487,51.66291963,3.501946491,47.41801767,3.503213668,52.31725914,3.499715462,51.76924597,3.499759194,48.41801767,0.500204364,52.90236292,2.472784971,48.20597243,3.500918451
327,16.35,46.95350315,0.498053509,52.2491196,3.500715487,51.82021318,3.501946491,47.31100094,3.503213668,52.37083116,3.494549968,51.85609859,3.499759194,48.31100094,0.500204364,52.96465257,2.493409118,48.09752168,3.500918451
328,16.4,46.8783123,0.498053509,52.37536497,3.500715487,51.98420885,3.501946491,47.20181128,3.503213668,52.42117001,3.486151304,51.95125641,3.499759194,48.20181128,0.500204364,53.02861798,2.512843241,47.986898,3.500918451
329,16.45,46.8015197,0.498053509,52.50012302,3.4994071,52.15240592,3.501946491,47.0904487,3.503213668,52.46938523,3.475629019,52.05508773,3.499759194,48.0904487,0.500204364,53.09326484,2.532395002,47.87410139,3.500918451
330,16.5,46.72304423,0.498053509,52.61977079,3.492988424,52.32475031,3.501946491,46.97691318,3.503213668,52.51845415,3.465960425,52.16749851,3.499759194,47.97691318,0.500204364,53.16005109,2.5519203,47.75913186,3.500918451
331,16.55,46.64288144,0.498053509,52.73474192,3.481893111,52.50094481,3.501946491,46.86120474,3.503213668,52.5688551,3.457623865,52.28837008,3.499759194,47.86120474,0.500204364,53.2278232,2.572706983,47.64198939,3.500918451
332,16.6,46.56061039,0.498053509,52.84530394,3.466388696,52.67940308,3.501946491,46.74332336,3.503213668,52.62256347,3.452594718,52.41754088,3.499759194,47.74332336,0.500204364,53.29342238,2.595234673,47.522674,3.500918451
333,16.65,46.47625768,0.498053509,52.95180457,3.446822877,52.85673355,3.501946491,46.62326906,3.503213668,52.68176186,3.453055596,52.55479475,3.499759194,47.62326906,0.500204364,53.3579351,2.618215062,47.40118568,3.500918451
334,16.7,46.39000585,0.498053509,53.05482662,3.423778489,53.0325711,3.501946491,46.50104183,3.503213668,52.7461604,3.458716624,52.69982927,3.499759194,47.50104183,0.500204364,53.42462075,2.640085324,47.27752443,3.500918451
335,16.75,46.30158109,0.498053509,53.15548624,3.398371666,53.20594211,3.501946491,46.37664167,3.503213668,52.81568568,3.469504402,52.85205012,3.499759194,47.37664167,0.500204364,53.49239286,2.663260245,47.15169025,3.500918451
336,16.8,46.2114847,0.498053509,53.25570519,3.372524171,53.37524054,3.501946491,46.25006859,3.503213668,52.89115908,3.486240291,53.00973173,3.499759194,47.25006859,0.500204364,53.5590785,2.686216244,47.02368314,3.500918451
337,16.85,46.12141103,0.498053509,53.35754118,3.34829372,53.53947853,3.501946491,46.12132257,3.503213668,52.97472268,3.503374384,53.17030273,3.499759194,47.12132257,0.500204364,53.62803031,2.711670611,46.89350311,3.500918451
338,16.9,46.03131848,0.498053509,53.46238899,3.327075089,53.69846667,3.501946491,45.99040363,3.503213668,53.06614737,3.503374384,53.33381227,3.499759194,46.99040363,0.500204364,53.69977769,2.740030342,46.76115015,3.500918451
339,16.95,45.93928911,0.498053509,53.57117085,3.309790506,53.85274877,3.501946491,45.85731176,3.503213668,53.16469508,3.503374384,53.49969414,3.499759194,46.85731176,0.500204364,53.77400539,2.769783219,46.62662425,3.500918451
340,17,45.84537011,0.498053509,53.68294322,3.29549644,54.00395115,3.501946491,45.72204695,3.503213668,53.2686939,3.503374384,53.66730461,3.499759194,46.72204695,0.500204364,53.84863654,2.801959394,46.48992543,3.500918451
341,17.05,45.75012805,0.498053509,53.79811602,3.284602801,54.15208412,3.501946491,45.58460922,3.503213668,53.37810432,3.503374384,53.83595686,3.499894602,46.58460922,0.500204364,53.9275569,2.838424784,46.35105368,3.500918451
342,17.1,45.65271307,0.498053509,53.91754891,3.277969246,54.29716012,3.501946491,45.44499857,3.503213668,53.49290021,3.503374384,54.00480402,3.499818702,46.44499857,0.500204364,54.01235136,2.880576291,46.21000901,3.500918451
343,17.15,45.5537531,0.498053509,54.04226264,3.276616538,54.43919187,3.501946491,45.30321498,3.503213668,53.61307543,3.503374384,54.17232013,3.498276346,46.30321498,0.500204364,54.10319326,2.928211327,46.0667914,3.500918451
344,17.2,45.45499664,0.498053509,54.1717574,3.280044849,54.57818876,3.501946491,45.15925846,3.503213668,53.73864515,3.503374384,54.33712639,3.494024132,46.15925846,0.500204364,54.20182018,2.983435799,45.92140086,3.500918451
345,17.25,45.35554505,0.498053509,54.30686716,3.289088171,54.71402433,3.501946491,45.01312902,3.503213668,53.86947563,3.503374384,54.49975363,3.487592896,46.01312902,0.500204364,54.31068675,3.048525476,45.7738374,3.500918451
346,17.3,45.25498164,0.498053509,54.44805565,3.304210219,54.8462927,3.501946491,44.86482665,3.503213668,54.00485852,3.503374384,54.66101302,3.479793821,45.86431048,0.500204364,54.42823038,3.123518276,45.62410101,3.500918451
347,17.35,45.15516774,0.498053509,54.595395,3.325483124,54.97511797,3.501946491,44.71435135,3.503213668,54.14479495,3.503374384,54.82105831,3.470780636,45.71203148,0.500204364,54.55442733,3.208517838,45.47219169,3.500918451
348,17.4,45.05245049,0.498053509,54.75003069,3.354052379,55.10066438,3.501946491,44.56170312,3.503213668,54.29185851,3.503374384,54.98067452,3.461338381,45.55831028,0.500204364,54.6905094,3.30133144,45.31810944,3.500918451
349,17.45,44.94736014,0.498053509,54.91125127,3.389206514,55.22237739,3.501946491,44.40688196,3.503213668,54.44638641,3.503374384,55.13955064,3.451156032,45.40261668,0.500018061,54.83610541,3.401186022,45.16185426,3.500918451
350,17.5,44.83848104,0.498053509,55.08025885,3.432147657,55.34211265,3.501946491,44.24988787,3.503213668,54.6059872,3.503374384,55.29998434,3.442531264,45.24636615,0.499831758,54.98690962,3.479456406,45.00342616,3.500918451
351,17.55,44.72558888,0.498053509,55.2555721,3.481394458,55.45880112,3.501946491,44.09072086,3.503213668,54.77047458,3.503374384,55.46197908,3.435467526,45.0897826,0.499831758,55.14156952,3.481018424,44.84282512,3.500918451
352,17.6,44.6093658,0.498053509,55.4333544,3.494572102,55.57003862,3.501946491,43.92938092,3.503213668,54.94315294,3.503374384,55.62406206,3.428492043,44.93218455,0.499831758,55.30275636,3.488619302,44.68005116,3.500918451
353,17.65,44.48903928,0.498053509,55.61264048,3.496407454,55.67582016,3.501946491,43.76586804,3.503213668,55.12425584,3.503374384,55.78651716,3.421888672,44.77434492,0.499831758,55.46997783,3.497363769,44.51510427,3.500918451
354,17.7,44.36511197,0.498053509,55.79268933,3.499005571,55.7770654,3.501946491,43.60018224,3.503213668,55.31488324,3.503374384,55.9487581,3.415071143,44.61576189,0.499831758,55.64239869,3.498356784,44.34798445,3.500918451
355,17.75,44.23695851,0.498053509,55.96929208,3.498157591,55.87863009,3.501946491,43.43232351,3.503213668,55.51540765,3.503374384,56.10974965,3.407004214,44.45705973,0.499831758,55.8203272,3.499349798,44.1786917,3.500918451
356,17.8,44.10483998,0.498053509,56.141185,3.492599772,55.98074998,3.501946491,43.26229186,3.503213668,55.72637526,3.503374384,56.26870709,3.396903184,44.2979774,0.499831758,56.00423837,3.499737919,44.00722602,3.500918451
357,17.85,43.96836179,0.498053509,56.30823815,3.482202193,56.08397525,3.501946491,43.09008727,3.503213668,55.94747177,3.503374384,56.42579386,3.384931489,44.13890952,0.499831758,56.19273144,3.499916144,43.83358741,3.500918451
358,17.9,43.82752266,0.498053509,56.47076719,3.467280501,56.18987777,3.501946491,42.91570976,3.503213668,56.17802676,3.503374384,56.58222258,3.372301736,43.97985733,0.499831758,56.38191413,3.499037894,43.65777588,3.500918451
359,17.95,43.68249273,0.498053509,56.62880005,3.447862629,56.30043138,3.501946491,42.73915931,3.503213668,56.41741582,3.503374384,56.73846769,3.359488379,43.82065066,0.499831758,56.57117588,3.497281886,43.47979142,3.500918451
360,18,43.53369914,0.498053509,56.78386986,3.425481711,56.41543729,3.501946491,42.56043594,3.503213668,56.6620868,3.503374384,56.895896,3.347858221,43.66086231,0.499831758,56.75944345,3.493945516,43.29963402,3.500918451
361,18.05,43.38188438,0.498053509,56.9360921,3.400253221,56.53935598,3.501946491,42.37953964,3.503213668,56.9094653,3.503374384,57.05500893,3.33791268,43.49974975,0.499831758,56.94990219,3.493081094,43.1173037,3.500918451
362,18.1,43.22904334,0.498053509,57.08801811,3.374728502,56.66978074,3.501946491,42.19647041,3.503213668,57.15667103,3.503374384,57.21769394,3.331539214,43.33531817,0.499831758,57.13980548,3.492844481,42.93280046,3.500918451
363,18.15,43.07225222,0.498053509,57.24120189,3.350461551,56.80560668,3.501946491,42.01122825,3.503213668,57.40215026,3.503374384,57.3839731,3.328759904,43.17049134,0.499831758,57.32667715,3.490402108,42.74612428,3.500918451
364,18.2,42.91162753,0.498053509,57.39793657,3.329745498,56.94818689,3.501946491,41.82381317,3.503213668,57.64245994,3.503374384,57.55241685,3.328145186,43.00515261,0.499831758,57.51105268,3.485254256,42.55727517,3.500918451
365,18.25,42.74744659,0.498053509,57.56230231,3.316660503,57.09791581,3.501946491,41.63422515,3.503213668,57.87641648,3.503374384,57.72394924,3.330619108,42.8390245,0.499831758,57.69298172,3.479562583,42.36625314,3.500918451
366,18.3,42.58133166,0.498053509,57.7336567,3.310564164,57.25360319,3.501946491,41.44246421,3.503213668,58.10531875,3.503374384,57.89767963,3.335291025,42.67048471,0.499831758,57.87161628,3.471928825,42.17305818,3.500918451
367,18.35,42.41084878,0.498053509,57.91092607,3.310382797,57.41546601,3.501946491,41.24853034,3.503213668,58.32928086,3.503374384,58.07090684,3.339459766,42.50196702,0.499831758,58.04873089,3.460678074,41.97769029,3.500918451
368,18.4,42.23599806,0.498053509,58.0946309,3.316636901,57.58153929,3.501946491,41.05242354,3.503213668,58.55034589,3.503374384,58.24551606,3.345010517,42.33347106,0.499831758,58.22249839,3.447019631,41.78014947,3.500918451
369,18.45,42.05678013,0.498053509,58.28362508,3.328180352,57.75474385,3.501946491,40.85414381,3.503213668,58.76615714,3.503374384,58.41813224,3.348568225,42.16499596,0.499831758,58.39598955,3.429345615,41.58043572,3.500918451
370,18.5,41.87369652,0.498053509,58.47786517,3.345407665,57.93312145,3.501946491,40.65369115,3.503213668,58.97871273,3.503374384,58.59109815,3.352475668,41.99604007,0.499831758,58.5682303,3.409278764,41.37854904,3.500918451
371,18.55,41.68867892,0.498053509,58.67596238,3.368330391,58.11325425,3.501946491,40.45106557,3.503213668,59.19139207,3.503374384,58.76875599,3.361075038,41.82467171,0.499831758,58.73819066,3.38865292,41.17448944,3.500918451
372,18.6,41.50236188,0.498053509,58.87794942,3.396716219,58.2949386,3.501946491,40.24626706,3.503213668,59.40422533,3.503374384,58.95444642,3.377707,41.65025647,0.499831758,58.90782131,3.371105103,40.9682569,3.500918451
373,18.65,41.31251099,0.498053509,59.08162367,3.426789249,58.48101921,3.501946491,40.03929561,3.503213668,59.61488609,3.503374384,59.14758701,3.401789112,41.47503043,0.500059903,59.08242132,3.360401631,40.75985144,3.500918451
374,18.7,41.11830307,0.498053509,59.28428513,3.455849482,58.67477684,3.501946491,39.83015124,3.503213668,59.82076558,3.503374384,59.34479092,3.429934556,41.29982088,0.500977432,59.26597827,3.355380698,40.54927305,3.500918451
375,18.75,40.92035242,0.498053509,59.48721462,3.485177752,58.87442765,3.501946491,39.61883394,3.503213668,60.02216707,3.503374384,59.54615316,3.462238328,41.12401114,0.501294782,59.45851625,3.357104073,40.33652173,3.500918451
376,18.8,40.72001291,0.498053509,59.69065479,3.492612063,59.07950572,3.501946491,39.40534371,3.503213668,60.21977261,3.503374384,59.75188211,3.498908808,40.94624494,0.500148988,59.6596125,3.365922483,40.12159748,3.500918451
377,18.85,40.51674021,0.498053509,59.89459071,3.493546104,59.2901543,3.501946491,39.18968056,3.503213668,60.41427828,3.503374384,59.96085089,3.508683885,40.7670614,0.500148988,59.86887678,3.381294107,39.9045003,3.500918451
378,18.9,40.31330747,0.498053509,60.10052629,3.497896389,59.50512345,3.501946491,38.97184447,3.503213668,60.6083824,3.503374384,60.17255205,3.508683885,40.58369164,0.500148988,60.08392508,3.401938166,39.6852302,3.500918451
379,18.95,40.10833625,0.498053509,60.30705075,3.499106446,59.72645447,3.501946491,38.75183546,3.503213668,60.79844491,3.503374384,60.38583408,3.508683885,40.3975142,0.500151958,60.30757826,3.430397383,39.46378717,3.500918451
380,19,39.89941356,0.498053509,60.51277133,3.498577878,59.95446352,3.501946491,38.52965352,3.503213668,60.98577225,3.503374384,60.60103528,3.508683885,40.21094207,0.500160867,60.53820629,3.466395948,39.2401712,3.500918451
381,19.05,39.68752726,0.498053509,60.71653417,3.497016447,60.18931424,3.501946491,38.30529864,3.503213668,61.17013563,3.503374384,60.81601449,3.508683885,40.0229874,0.500160867,60.77544543,3.497493716,39.01438231,3.500918451
382,19.1,39.47180746,0.498053509,60.92146846,3.496626474,60.43176075,3.501946491,38.07877085,3.503213668,61.35118086,3.503374384,61.03089064,3.508683885,39.83452006,0.500163366,61.01871756,3.49838676,38.78642049,3.500918451
383,19.15,39.25248942,0.498053509,61.12985454,3.499688281,60.68156678,3.501946491,37.85007012,3.503213668,61.52921777,3.503374384,61.24440536,3.508683885,39.64530481,0.500170865,61.26625784,3.499897409,38.55628575,3.500918451
384,19.2,39.03151086,0.498053509,61.34417455,3.501466965,60.93850205,3.501946491,37.61919646,3.503213668,61.7039325,3.503374384,61.45627831,3.508683885,39.45340395,0.500170865,61.51469823,3.500515014,38.32397807,3.500918451
385,19.25,38.80744211,0.498053509,61.56481998,3.501466965,61.20362657,3.501946491,37.38614988,3.503213668,61.87324283,3.503374384,61.66681588,3.508683885,39.26024718,0.500172955,61.76461617,3.500515014,38.08949747,3.500918451
386,19.3,38.57901901,0.498053509,61.78812814,3.501466965,61.47602158,3.501946491,37.15093036,3.503213668,62.03969094,3.503374384,61.88061967,3.508683885,39.06709865,0.500183283,62.01298194,3.499923258,37.85284393,3.500918451
387,19.35,38.34624207,0.498053509,62.01384191,3.501466965,61.75799004,3.501946491,36.91353792,3.503213668,62.20095893,3.503374384,62.09757,3.508683885,38.87395788,0.500201376,62.25969385,3.497046019,37.61401747,3.500918451
388,19.4,38.10945949,0.498053509,62.24129923,3.501466965,62.04965083,3.501946491,36.67397255,3.503213668,62.35671528,3.503374384,62.31849647,3.508683885,38.68047667,0.500219125,62.50290425,3.49137417,37.37301808,3.500918451
389,19.45,37.8695791,0.498053509,62.4682142,3.501466965,62.3487812,3.501946491,36.43223425,3.503213668,62.50778171,3.503374384,62.54143072,3.508683885,38.48541419,0.500219125,62.7386247,3.480703191,37.12984576,3.500918451
390,19.5,37.6266911,0.498053509,62.6922579,3.501466965,62.65397309,3.501946491,36.18832302,3.503213668,62.65701466,3.503374384,62.76455406,3.508683885,38.28817878,0.500219125,62.96784007,3.465220557,36.88450051,3.500918451
391,19.55,37.38212386,0.498053509,62.91385037,3.501466965,62.96772753,3.501946491,35.94223887,3.503213668,62.813319,3.503374384,62.99116544,3.508683885,38.08877044,0.500219125,63.19353823,3.444912514,36.63698234,3.500918451
392,19.6,37.13566714,0.498053509,63.13268596,3.501466965,63.28287567,3.501946491,35.69398178,3.503213668,62.97966408,3.503374384,63.2223551,3.508683885,37.88718917,0.500219125,63.416553,3.42042999,36.38729123,3.500918451
393,19.65,36.88788785,0.498053509,63.34850223,3.501466965,63.59571644,3.501946491,35.44355177,3.503213668,63.15445967,3.503374384,63.45617265,3.508683885,37.68343497,0.500219125,63.63841584,3.395512791,36.1354272,3.500918451
394,19.7,36.63843415,0.498053509,63.56711317,3.501466965,63.90156765,3.501946491,35.19094883,3.503213668,63.33960568,3.503374384,63.69131147,3.508683885,37.47750785,0.500219125,63.8637537,3.373984433,35.88139024,3.500918451
395,19.75,36.38880744,0.498053509,63.79069656,3.501466965,64.20116432,3.501946491,34.93617296,3.503213668,63.53425157,3.503374384,63.92531024,3.508683885,37.26940779,0.500219125,64.09356435,3.356490492,35.62518035,3.500918451
396,19.8,36.13903853,0.498053509,64.01967857,3.501466965,64.49791207,3.501946491,34.67922416,3.503213668,63.73614412,3.503374384,64.16029403,3.508683885,37.05913481,0.500219125,64.32902173,3.342791471,35.36679753,3.500918451
397,19.85,35.88864933,0.498053509,64.25438927,3.501466965,64.79195099,3.501946491,34.42010243,3.503213668,63.94558542,3.503374384,64.39664038,3.508683885,36.8466889,0.500219125,64.56996113,3.332180828,35.10624178,3.500918451
398,19.9,35.6360872,0.498053509,64.49571913,3.501466965,65.08331233,3.501946491,34.15880777,3.503213668,64.16310753,3.503374384,64.63390251,3.508683885,36.63207006,0.500219125,64.81481743,3.323041792,34.84351311,3.500918451
399,19.95,35.38135214,0.498053509,64.74243514,3.501466965,65.37232118,3.501946491,33.89534019,3.503213668,64.38761807,3.503374384,64.87109074,3.508683885,36.41527829,0.500219125,65.06314647,3.316467299,34.5786115,3.500918451
400,20,35.12444415,0.498053509,64.9947195,3.501466965,65.65816836,3.501946491,33.62969968,3.503213668,64.61961637,3.503374384,65.10890719,3.508683885,36.19631359,0.500219125,65.3163723,3.313208405,34.31153697,3.500918451
401,20.05,34.86605977,0.498053509,65.25039117,3.501466965,65.94081599,3.501946491,33.36188624,3.503213668,64.85814138,3.503374384,65.34693083,3.508683885,35.97517597,0.500219125,65.57260601,3.314007495,34.04228951,3.500918451
402,20.1,34.60759205,0.498053509,65.50605966,3.501466965,66.22153341,3.501946491,33.09189987,3.503213668,65.10259496,3.503374384,65.58505267,3.508683885,35.75186541,0.500219125,65.8309068,3.318455291,33.77086912,3.500918451
403,20.15,34.34787003,0.498053509,65.75995429,3.501466965,66.5025218,3.501946491,32.81974057,3.503213668,65.3519031,3.503374384,65.82256498,3.508683885,35.52638193,0.500219125,66.09002153,3.326976419,33.4972758,3.500918451
404,20.2,34.08873098,0.498053509,66.01443251,3.501466965,66.78080104,3.501946491,32.54540834,3.503213668,65.6092505,3.503374384,66.06153466,3.508683885,35.29872552,0.500219125,66.35275161,3.338957745,33.22150955,3.500918451
405,20.25,33.82741901,0.498053509,66.27016566,3.501466965,67.05669506,3.501946491,32.26890318,3.503213668,65.874951,3.503374384,66.30305204,3.508683885,35.06889618,0.500219125,66.61854953,3.352839986,32.94357038,3.500918451
406,20.3,33.56502057,0.498053509,66.52746767,3.501466965,67.33108466,3.501946491,31.9902251,3.503213668,66.14883978,3.503374384,66.54775898,3.508683885,34.83689391,0.500219125,66.88726144,3.367244329,32.66345828,3.500918451
407,20.35,33.30468479,0.498053509,66.78487281,3.501466965,67.60478693,3.501946491,31.70937409,3.503213668,66.42968724,3.503374384,66.79423666,3.508683885,34.60271871,0.500219125,67.15917372,3.38323307,32.38117324,3.500918451
408,20.4,33.04552673,0.498053509,67.04383495,3.501466965,67.87706042,3.501946491,31.42635015,3.503213668,66.71860231,3.503374384,67.04407204,3.508683885,34.36637059,0.500219125,67.43168596,3.398179408,32.09671528,3.500918451
409,20.45,32.78546192,0.498053509,67.30206376,3.501466965,68.14946004,3.501946491,31.14115328,3.503213668,67.01403117,3.503374384,67.29552647,3.508683885,34.12784953,0.500219125,67.70292482,3.412791491,31.81008439,3.500918451
410,20.5,32.52337781,0.498053509,67.55983348,3.501466965,68.42270012,3.501946491,30.85378348,3.503213668,67.31754085,3.503374384,67.55053751,3.508683885,33.88715555,0.500219125,67.9734955,3.424593546,31.52128057,3.500918451
411,20.55,32.25986816,0.498053509,67.81451941,3.501466965,68.69846513,3.501946491,30.56424075,3.503213668,67.62670361,3.503374384,67.80642693,3.508683885,33.64428864,0.500219125,68.2406277,3.434441397,31.23030383,3.500918451
412,20.6,31.99504503,0.498053509,68.06698965,3.501466965,68.97617696,3.501946491,30.2725251,3.503213668,67.94232815,3.503374384,68.06470775,3.508683885,33.3992488,0.500219125,68.50615647,3.441695784,30.93715415,3.500918451
413,20.65,31.72804897,0.498053509,68.31703502,3.501466965,69.25375567,3.501946491,29.97863651,3.503213668,68.26354713,3.503374384,68.32762726,3.508683885,33.15203603,0.500219125,68.7728971,3.450253079,30.64183155,3.500918451
414,20.7,31.45887999,0.498053509,68.5659153,3.501466965,69.53150998,3.501946491,29.682575,3.503213668,68.58811613,3.503374384,68.59758368,3.508683885,32.90265034,0.500219125,69.03912862,3.45815041,30.34433602,3.500918451
415,20.75,31.18825654,0.498053509,68.81413915,3.501466965,69.80993996,3.501946491,29.38434056,3.503213668,68.91625041,3.503374384,68.87510733,3.508683885,32.65109171,0.500219125,69.30367986,3.46363965,30.04466756,3.500918451
416,20.8,30.91794642,0.498053509,69.06075015,3.501466965,70.08985845,3.501946491,29.08393319,3.503213668,69.24562612,3.503374384,69.15902112,3.508683885,32.39736016,0.500219125,69.56557533,3.468105607,29.74282617,3.500918451
417,20.85,48.99945677,0.999456768,49.00054323,2.000543232,49.00054323,3.000543232,49.99945677,1.000543232,50.00054323,2.000543232,50.00054323,3.000543232,50.99945677,0.999456768,51.00038269,1.999873504,50.99945677,3.000543232
418,20.9,48.99682131,0.996740607,49.00325939,2.003259393,49.00325939,3.003259393,49.99674061,1.003259393,50.00325939,2.003259393,50.00325939,3.003259393,50.99674061,0.996740607,51.00239297,1.999910754,50.99674061,3.003137193
419,20.95,48.99225504,0.991851518,49.00814848,2.008148482,49.00814848,3.008148482,49.99185152,1.008148482,50.00814848,2.008148482,50.00814848,3.008148482,50.99185152,0.991851518,51.00587188,2.002120932,50.99185152,3.007484964
420,21,48.98574451,0.9847895,49.01434627,2.0152105,49.0152105,3.0152105,49.9847895,1.0152105,50.0152105,2.0152105,50.0152105,3.0152105,50.9847895,0.9847895,51.00998416,2.006504038,50.9847895,3.013848097
421,21.05,48.97830607,0.975554554,49.02012431,2.024445446,49.02444545,3.024445446,49.97555455,1.024445446,50.02444545,2.024445446,50.02444545,3.024445446,50.97555455,0.975554554,51.01626937,2.012580948,50.97555455,3.022384159
422,21.1,48.97064024,0.964146679,49.02807528,2.035853321,49.03585332,3.035853321,49.96414668,1.035853321,50.03585332,2.035853321,50.03585332,3.035853321,50.96414668,0.964146679,51.02421271,2.01860049,50.96414668,3.033093149
423,21.15,48.96198908,0.950565876,49.03819917,2.049434124,49.04943412,3.049434124,49.95056588,1.049434124,50.04943412,2.049434124,50.04943412,3.049434124,50.95056588,0.950565876,51.03261725,2.024198754,50.95056588,3.045871741
424,21.2,48.95231181,0.934812144,49.0502333,2.065187856,49.06518786,3.065187856,49.93481214,1.065187856,50.06518786,2.065187856,50.06518786,3.065187856,50.93481214,0.934812144,51.04231236,2.031125929,50.93481214,3.060513282
425,21.25,48.94063222,0.916885484,49.06365225,2.083114516,49.08311452,3.083114516,49.91688548,1.083114516,50.08311452,2.083114516,50.08311452,3.083114516,50.91688548,0.916885484,51.05303954,2.039614545,50.91688548,3.077327751
426,21.3,48.9272915,0.896785895,49.07924413,2.103214105,49.10321411,3.103214105,49.89678589,1.103214105,50.10321411,2.103214105,50.10321411,3.103214105,50.89678589,0.896785895,51.06576757,2.049723986,50.89678589,3.096315148
427,21.35,48.91200823,0.874513377,49.09700894,2.125486623,49.12548662,3.125486623,49.87451338,1.125486623,50.12548662,2.125486623,50.12548662,3.125486623,50.87451338,0.874513377,51.08000073,2.059650297,50.87451338,3.117247598
428,21.4,48.89524317,0.850067931,49.11694668,2.149932069,49.14993207,3.149932069,49.85006793,1.149932069,50.14993207,2.149932069,50.14993207,3.149932069,50.85006793,0.850067931,51.09504725,2.06901578,50.85006793,3.139296922
429,21.45,48.87663371,0.823449557,49.13905735,2.176550443,49.17655044,3.176550443,49.82344956,1.176550443,50.17655044,2.176550443,50.17598883,3.175988828,50.82344956,0.823449557,51.10955225,2.080137713,50.82292759,3.16187993
430,21.5,48.85684414,0.794658254,49.16334095,2.205341746,49.20534175,3.205341746,49.79465825,1.205341746,50.20534175,2.205341746,50.20197515,3.201975146,50.79465825,0.794658254,51.12623017,2.092456051,50.79153158,3.184379443
431,21.55,48.83490351,0.763694022,49.18979747,2.236305978,49.23630598,3.236305978,49.76369402,1.236305978,50.23630598,2.236305978,50.22788773,3.227887735,50.76369402,0.763694022,51.14439588,2.103608643,50.75590206,3.206467519
432,21.6,48.81078996,0.730556862,49.21842692,2.269443138,49.26944314,3.269443138,49.73055686,1.269443138,50.26944314,2.269443138,50.2536926,3.2536926,50.73055686,0.730556862,51.16267909,2.115706863,50.71606833,3.228527293
433,21.65,48.78516999,0.695246773,49.24922931,2.304753227,49.30475323,3.304753227,49.69524677,1.304753227,50.30475323,2.304753227,50.27938109,3.279381095,50.69524677,0.695246773,51.18313523,2.129978011,50.67206951,3.250282606
434,21.7,48.75968717,0.657763756,49.28220462,2.342236244,49.34223624,3.342236244,49.65776376,1.342236244,50.34223624,2.342236244,50.30488552,3.304885521,50.65776376,0.657763756,51.20574306,2.145852846,50.62396141,3.27224007
435,21.75,48.73296293,0.618107811,49.31706798,2.381892189,49.38189219,3.381892189,49.61810781,1.381892189,50.38189219,2.381892189,50.33015888,3.33015888,50.61810781,0.618107811,51.23006096,2.162047407,50.57182742,3.294414224
436,21.8,48.70406577,0.576278936,49.35324963,2.423721064,49.42372106,3.423721064,49.57627894,1.423721064,50.42372106,2.423721064,50.35515744,3.355157444,50.57627894,0.576278936,51.25535427,2.179247233,50.51580776,3.316823339
437,21.85,48.67338619,0.532277134,49.39121721,2.467722866,49.46772287,3.467722866,49.53227713,1.467722866,50.46772287,2.467722866,50.37984768,3.379847679,50.53227713,0.532277134,51.28211014,2.195677379,50.4562009,3.339315405
438,21.9,48.6417052,0.498053509,49.43019671,2.513897598,49.5138976,3.501946491,49.4861024,1.513897598,50.5138976,2.513897598,50.40395626,3.403956264,50.4861024,0.498053509,51.30860356,2.211188707,50.39397186,3.363405506
439,21.95,48.60785129,0.498053509,49.47105707,2.562245257,49.56224526,3.501946491,49.43775474,1.562245257,50.56224526,2.562245257,50.42789067,3.427890667,50.43775474,0.498053509,51.33635707,2.225697195,50.33123816,3.390959883
440,22,48.57213284,0.498053509,49.5132142,2.612765846,49.61276585,3.501946491,49.38723415,1.612765846,50.61276585,2.612765846,50.45350767,3.453507672,50.38723415,0.498053509,51.36628351,2.23986544,50.26883445,3.422908234
441,22.05,48.53516662,0.498053509,49.55754425,2.665459363,49.66489386,3.501946491,49.33454064,1.665459363,50.66545936,2.665459363,50.48294279,3.482942794,50.33454064,0.498053509,51.39838287,2.254003301,50.20504993,3.456645618
442,22.1,48.49640339,0.498053509,49.60404723,2.720325808,49.71691748,3.501946491,49.27967419,1.720325808,50.72032581,2.720325808,50.51647328,3.507328529,50.27967419,0.498053509,51.43265516,2.268828893,50.13962084,3.492001838
443,22.15,48.45682058,0.498053509,49.65251057,2.777365182,49.76881498,3.501946491,49.22263482,1.777365182,50.77736518,2.777365182,50.55411729,3.507328529,50.22263482,0.498053509,51.46821257,2.285259089,50.07227926,3.501242765
444,22.2,48.41574166,0.498053509,49.70250913,2.836577485,49.8200581,3.501946491,49.16342252,1.836577485,50.83657748,2.836577485,50.59603615,3.507328529,50.16342252,0.498053509,51.50286739,2.303706969,50.00279779,3.501242765
445,22.25,48.37256723,0.498053509,49.75557876,2.898860841,49.86883979,3.501946491,49.10203728,1.897962716,50.8982513,2.898251299,50.64200857,3.507328529,50.10203728,0.498053509,51.53828473,2.323862046,49.93048251,3.501242765
446,22.3,48.32773062,0.498053509,49.81445909,2.966954911,49.91513921,3.501946491,49.03847912,1.961520875,50.9632069,2.963206905,50.69074979,3.507328529,50.03847912,0.498053509,51.57505462,2.34619005,49.85388662,3.501242765
447,22.35,48.28156438,0.498053509,49.87925786,3.040967418,49.96004211,3.501946491,48.97274804,2.027251963,51.03125128,3.031251277,50.74086165,3.507328529,49.97274804,0.498053509,51.61310431,2.370690984,49.77503258,3.501242765
448,22.4,48.23357922,0.498053509,49.95026057,3.121183864,50.00687239,3.501946491,48.90484402,2.09515598,51.10214252,3.102142518,50.7926169,3.507328529,49.90484402,0.498053509,51.65315264,2.396952764,49.69459549,3.501242765
449,22.45,48.18441298,0.498053509,50.02863001,3.208767039,50.05573009,3.501946491,48.83476708,2.165232925,51.17557447,3.175574473,50.84635713,3.507328529,49.83476708,0.498053509,51.69485107,2.424151228,49.61364288,3.501242765
450,22.5,48.1330738,0.498053509,50.11443268,3.303783451,50.10684122,3.501946491,48.7625172,2.237482799,51.25116895,3.251168954,50.90249679,3.507328529,49.7625172,0.498053509,51.73796911,2.453401824,49.53329943,3.501242765
451,22.55,48.0795617,0.498053509,50.20712457,3.405689073,50.16085883,3.501946491,48.6880944,2.311905601,51.32847744,3.32847744,50.96151377,3.507328529,49.6880944,0.498053509,51.78100014,2.48398356,49.45393099,3.501242765
452,22.6,48.02389152,0.498053509,50.30466071,3.48554692,50.21883626,3.501946491,48.61149867,2.388501331,51.40699998,3.40699998,51.02336002,3.507328529,49.61149867,0.498053509,51.82620411,2.514931336,49.37402105,3.501242765
453,22.65,47.96660432,0.498053509,50.4036452,3.486177002,50.28085581,3.501946491,48.53273001,2.467269991,51.48622393,3.48622393,51.08685503,3.507328529,49.53273001,0.498053509,51.87309673,2.54694598,49.29193817,3.501242765
454,22.7,47.90884116,0.498053509,50.50512719,3.489304597,50.34701017,3.501946491,48.45178842,2.548211579,51.56569754,3.506091951,51.15237212,3.507328529,49.45178842,0.498053509,51.92070946,2.581133552,49.20768237,3.501242765
455,22.75,47.84980966,0.498053509,50.60874203,3.494838161,50.41710937,3.501946491,48.36867391,2.631326095,51.64517724,3.506091951,51.22027051,3.507328529,49.36867391,0.498053509,51.96940866,2.617494053,49.12125363,3.501242765
456,22.8,47.78985282,0.498053509,50.71384947,3.500302695,50.4906802,3.501946491,48.28338646,2.71661354,51.72466283,3.506091951,51.29111332,3.507328529,49.28338646,0.498053509,52.01690925,2.655727864,49.03265197,3.501242765
457,22.85,47.72880951,0.498053509,50.8211892,3.500302695,50.56858351,3.501946491,48.19592609,2.804073913,51.80415419,3.506091951,51.36409486,3.507328529,49.19592609,0.498053509,52.06624635,2.695235753,48.94187738,3.501242765
458,22.9,47.66885266,0.498053509,50.93074396,3.500302695,50.65082069,3.501946491,48.10629278,2.893707215,51.88365122,3.506091951,51.43921319,3.507328529,49.10629278,0.498053509,52.11775638,2.736766054,48.84892986,3.501242765
459,22.95,47.60672289,0.498053509,51.04251469,3.500302695,50.73739281,3.501946491,48.01448655,2.985513445,51.96315384,3.506091951,51.51646604,3.507328529,49.01448655,0.498053509,52.17143196,2.779251024,48.75380942,3.501242765
460,23,47.54242019,0.498053509,51.15650299,3.500302695,50.8283007,3.501946491,47.9205074,3.079492604,52.04266201,3.506091951,51.5958507,3.507328529,48.9205074,0.498053509,52.22666329,2.821608788,48.65651604,3.501242765
461,23.05,47.47594456,0.498053509,51.27271106,3.500302695,50.92354503,3.501946491,47.82435531,3.175644692,52.12169821,3.506091951,51.67736396,3.507328529,48.82435531,0.498053509,52.28242737,2.866565624,48.55704974,3.501242765
462,23.1,47.40774045,0.498053509,51.39114187,3.500302695,51.02312631,3.501946491,47.72603029,3.273969708,52.19867212,3.506091951,51.76045447,3.507328529,48.72603029,0.498053509,52.34014976,2.915410367,48.45541051,3.501242765
463,23.15,47.33877126,0.498053509,51.51179925,3.500302695,51.12759247,3.501946491,47.62553235,3.374467653,52.27376932,3.506091951,51.84347494,3.507328529,48.62553235,0.498053509,52.39808013,2.967630373,48.35159834,3.501242765
464,23.2,47.26831453,0.498053509,51.63468835,3.500302695,51.23858644,3.501946491,47.52286147,3.477138526,52.34821295,3.506091951,51.92641822,3.507328529,48.52286147,0.498053509,52.45826501,3.021831342,48.24561325,3.501242765
465,23.25,47.19707043,0.498053509,51.76036454,3.500302695,51.35610917,3.501946491,47.41801767,3.503213668,52.42002201,3.506091951,52.00967273,3.507328529,48.41801767,0.498053509,52.52144166,3.078471513,48.13745524,3.501242765
466,23.3,47.12407468,0.498053509,51.89048338,3.500302695,51.48016178,3.501946491,47.31100094,3.503213668,52.48977625,3.506091951,52.09404937,3.507328529,48.31100094,0.498053509,52.58817915,3.136967581,48.02712429,3.501242765
467,23.35,47.05016979,0.498053509,52.02506521,3.500302695,51.61074568,3.501946491,47.20181128,3.503213668,52.55658222,3.506091951,52.17845517,3.507328529,48.20181128,0.498053509,52.65725572,3.197704146,47.91462041,3.501242765
468,23.4,46.97416632,0.498053509,52.1641357,3.500302695,51.74739425,3.501946491,47.0904487,3.503213668,52.62100543,3.506091951,52.26377019,3.507328529,48.0904487,0.498053509,52.72869189,3.260179515,47.79994361,3.501242765
469,23.45,46.89621294,0.498053509,52.30738057,3.500302695,51.88917303,3.501946491,46.97691318,3.503213668,52.6844399,3.506091951,52.35106808,3.507328529,47.97691318,0.498053509,52.80250868,3.324198627,47.68309388,3.501242765
470,23.5,46.81608663,0.498053509,52.45324573,3.500302695,52.03749031,3.501946491,46.86120474,3.503213668,52.743036,3.506091951,52.43801241,3.507328529,47.86120474,0.498053509,52.87501189,3.389357066,47.56407122,3.501242765
471,23.55,46.7343857,0.498053509,52.59935177,3.499887944,52.19289676,3.501946491,46.74332336,3.503213668,52.79573168,3.506091951,52.52868901,3.507328529,47.74332336,0.498053509,52.94560567,3.453949277,47.44287563,3.501242765
472,23.6,46.65296501,0.498053509,52.74437179,3.498758436,52.35717655,3.501946491,46.62326906,3.503213668,52.84342799,3.506091951,52.62220125,3.507328529,47.62326906,0.498053509,53.01097955,3.500646335,47.31950711,3.501242765
473,23.65,46.57134624,0.498053509,52.89056115,3.499912068,52.53116307,3.501946491,46.50104183,3.503213668,52.89019273,3.506091951,52.72073683,3.507328529,47.50104183,0.498053509,53.0714928,3.498664695,47.19396567,3.501242765
474,23.7,46.48755454,0.498053509,53.03800948,3.500721462,52.71577137,3.501946491,46.37664167,3.503213668,52.93826083,3.506091951,52.82524628,3.507328529,47.37664167,0.498053509,53.12597582,3.489309033,47.06625129,3.501242765
475,23.75,46.40216267,0.498053509,53.18122537,3.499311596,52.90909427,3.501946491,46.25006859,3.503213668,52.98589425,3.506091951,52.93458695,3.507328529,47.25006859,0.498053509,53.17522245,3.474527636,46.93636399,3.501242765
476,23.8,46.31631615,0.498053509,53.31814535,3.492648752,53.10668251,3.501946491,46.12132257,3.503213668,53.0315241,3.506091951,53.04926765,3.507328529,47.12132257,0.498053509,53.21923941,3.456448836,46.80430376,3.501242765
477,23.85,46.22858412,0.498053509,53.45031525,3.481391877,53.30391528,3.501946491,45.99040363,3.503213668,53.08101282,3.506091951,53.17081962,3.507328529,46.99040363,0.498053509,53.26285214,3.439541138,46.67007059,3.501242765
478,23.9,46.1395414,0.498053509,53.57645222,3.464570208,53.50104757,3.501946491,45.85731176,3.503213668,53.13732773,3.506091951,53.29751752,3.507328529,46.85731176,0.498053509,53.31239839,3.426695591,46.53366451,3.501242765
479,23.95,46.0488592,0.498053509,53.69829031,3.443449663,53.69666742,3.501946491,45.72204695,3.503213668,53.20264217,3.506091951,53.42764616,3.507328529,46.72204695,0.498053509,53.36952282,3.421030286,46.39508549,3.501242765
480,24,45.95760444,0.498053509,53.81645914,3.418659849,53.88901391,3.501946491,45.58460922,3.503213668,53.27683934,3.506091951,53.56008711,3.507328529,46.58515246,0.498053509,53.43491176,3.423629491,46.25433354,3.501242765
481,24.05,45.8641286,0.498053509,53.93612774,3.395369806,54.08014694,3.501946491,45.44499857,3.503213668,53.35823527,3.506091951,53.69874321,3.507328529,46.44776287,0.498053509,53.50532449,3.431319776,46.11140867,3.501242765
482,24.1,45.76836503,0.498053509,54.05789668,3.374497594,54.26924715,3.501946491,45.30321498,3.503213668,53.44485542,3.506091951,53.84122871,3.507328529,46.30831514,0.498053509,53.58033626,3.444116786,45.96631086,3.501242765
483,24.15,45.66997416,0.498053509,54.18097825,3.3558905,54.45508874,3.501946491,45.15925846,3.503213668,53.53518497,3.506091951,53.98494683,3.507328529,46.16714887,0.498053509,53.65755842,3.460550275,45.81904013,3.501242765
484,24.2,45.56723743,0.498053509,54.30775131,3.340988683,54.63791858,3.501946491,45.01312902,3.503213668,53.62842485,3.506091951,54.13148016,3.507328529,46.0259826,0.498053509,53.73797049,3.482627629,45.66959647,3.501242765
485,24.25,45.46058196,0.498053509,54.44061119,3.332215,54.81779741,3.501946491,44.86482665,3.503213668,53.72402517,3.506091951,54.28175177,3.507328529,45.88438922,0.498053509,53.8198966,3.502102834,45.51797988,3.501242765
486,24.3,45.35137964,0.498053509,54.57832502,3.328561113,54.99496493,3.501946491,44.71435135,3.503213668,53.82371796,3.506091951,54.43440506,3.507328529,45.74099682,0.498053509,53.90339112,3.502102834,45.36419037,3.501242765
487,24.35,45.23938453,0.498053509,54.71954768,3.3296763,55.17034864,3.501946491,44.56170312,3.503213668,53.92803607,3.506091951,54.5881983,3.507328529,45.59605137,0.498053509,53.98754624,3.502102834,45.20822792,3.501242765
488,24.4,45.12304356,0.498053509,54.86419698,3.335606426,55.34412198,3.501946491,44.40688196,3.503213668,54.03564378,3.506091951,54.74432061,3.507328529,45.45110591,0.498053509,54.07187464,3.502102834,45.05009255,3.501242765
489,24.45,45.00235673,0.498053509,55.01365237,3.346342629,55.515078,3.501946491,44.24988787,3.503213668,54.14777081,3.506091951,54.90118327,3.507328529,45.30616046,0.498053509,54.16122113,3.502102834,44.88978424,3.501242765
490,24.5,44.87771744,0.498053509,55.16783897,3.361810046,55.6832695,3.501946491,44.09072086,3.503213668,54.26216741,3.506091951,55.0604959,3.507328529,45.16082161,0.498053509,54.25514184,3.502102834,44.72730301,3.501242765
491,24.55,44.74991245,0.498053509,55.32643612,3.381849393,55.84945213,3.501946491,43.92938092,3.503213668,54.37837591,3.506091951,55.22228028,3.507328529,45.0143026,0.498053509,54.35324627,3.502102834,44.56264885,3.501242765
492,24.6,44.6177616,0.498053509,55.48887547,3.406215095,56.0156278,3.501946491,43.76586804,3.503213668,54.49619018,3.506091951,55.3864884,3.507328529,44.86778359,0.498053509,54.45425291,3.502102834,44.39582176,3.501242765
493,24.65,44.4812649,0.498053509,55.65529869,3.434564657,56.18142096,3.501946491,43.60018224,3.503213668,54.61590893,3.506091951,55.55382466,3.507328529,44.72126458,0.498053509,54.55778364,3.502102834,44.22682175,3.501242765
494,24.7,44.34078259,0.498053509,55.82525868,3.466451,56.34694569,3.501946491,43.43232351,3.503213668,54.7365562,3.506091951,55.72467048,3.507328529,44.57438532,0.498053509,54.66474248,3.502102834,44.0556488,3.501242765
495,24.75,44.19754435,0.498053509,55.99821679,3.492135435,56.51233215,3.501946491,43.26229186,3.503213668,54.86017488,3.506091951,55.89942956,3.507328529,44.42591614,0.498053509,54.77313569,3.502102834,43.88230293,3.501242765
496,24.8,44.05148782,0.498053509,56.17347719,3.492736983,56.67734603,3.501946491,43.09008727,3.503213668,54.98454734,3.506091951,56.07867736,3.507328529,44.27591938,0.498053509,54.88518572,3.502102834,43.70678413,3.501242765
497,24.85,43.90135673,0.498053509,56.35049236,3.495737852,56.84080495,3.501946491,42.91570976,3.503213668,55.11196209,3.506091951,56.26361512,3.507328529,44.12565133,0.498053509,54.99861337,3.502102834,43.52909239,3.501242765
498,24.9,43.74781252,0.498053509,56.52986899,3.499326525,57.00208017,3.501946491,42.73915931,3.503213668,55.2417217,3.506091951,56.45492005,3.507328529,43.97445055,0.498053509,55.11406028,3.502102834,43.34922774,3.501242765
499,24.95,43.59095929,0.498053509,56.71155171,3.499900342,57.16118667,3.501946491,42.55989118,3.503213668,55.37162216,3.506091951,56.65262145,3.507328529,43.82221292,0.498053509,55.23377397,3.502102834,43.16773491,3.501242765
500,25,43.43180126,0.498053509,56.89552659,3.500474158,57.31812799,3.501946491,42.37627107,3.503213668,55.50179344,3.506091951,56.85671703,3.507328529,43.66793424,0.498053509,55.3575685,3.502102834,42.98570344,3.501242765
501,25.05,43.26829737,0.498053509,57.08178826,3.500474158,57.47290735,3.501946491,42.18884375,3.503213668,55.63306857,3.506091951,57.06719767,3.507328529,43.51365556,0.498053509,55.48462512,3.502102834,42.80149905,3.501242765
502,25.1,43.10044762,0.498053509,57.27035504,3.500474158,57.62552574,3.501946491,41.9992435,3.503213668,55.76492114,3.506091951,57.28403798,3.507328529,43.35937688,0.498053509,55.61546346,3.502102834,42.61512172,3.501242765
503,25.15,42.9289056,0.498053509,57.46125924,3.500474158,57.77598465,3.501946491,41.80747033,3.503213668,55.89710949,3.506091951,57.50719035,3.507328529,43.20444462,0.498053509,55.75035322,3.502102834,42.42657147,3.501242765
504,25.2,42.75497847,0.498053509,57.65456972,3.500474158,57.92428633,3.501946491,41.61352422,3.503213668,56.03026286,3.506091951,57.73653264,3.507328529,43.04755161,0.498053509,55.88862601,3.502102834,42.23584829,3.501242765
505,25.25,42.57718405,0.498053509,57.85056704,3.500474158,58.07043454,3.501946491,41.41740519,3.503213668,56.16413722,3.506091951,57.97073594,3.507328529,42.89018003,0.498053509,56.03053472,3.502102834,42.04295218,3.501242765
506,25.3,42.39647949,0.498053509,58.05077793,3.500474158,58.21443614,3.501946491,41.21911323,3.503213668,56.30023514,3.506091951,58.20645422,3.507328529,42.73137273,0.498053509,56.17457889,3.502102834,41.84788315,3.501242765
507,25.35,42.21142908,0.498053509,58.25803157,3.500474158,58.35630063,3.501946491,41.01864834,3.503213668,56.43630493,3.506091951,58.44385629,3.507328529,42.57256543,0.498053509,56.32301278,3.502102834,41.65064118,3.501242765
508,25.4,42.02203281,0.498053509,58.47100014,3.500474158,58.49820762,3.501946491,40.81601052,3.503213668,56.57265324,3.506091951,58.68191107,3.507328529,42.41375813,0.498053509,56.47556301,3.502102834,41.45122629,3.501242765
509,25.45,41.82829069,0.498053509,58.68632975,3.500474158,58.64669035,3.501946491,40.61119977,3.503213668,56.71032059,3.506091951,58.91781195,3.507328529,42.25495083,0.498053509,56.63116819,3.502102834,41.24963846,3.501242765
510,25.5,41.63020271,0.498053509,58.9040014,3.500474158,58.8017587,3.501946491,40.40421609,3.503213668,56.84985759,3.506091951,59.1513487,3.507328529,42.09614353,0.498053509,56.78930315,3.502102834,41.04587771,3.501242765
511,25.55,41.42821181,0.498053509,59.12398059,3.500474158,58.96338438,3.501946491,40.19505949,3.503213668,56.9911252,3.506091951,59.38255747,3.507328529,41.93689329,0.498053509,56.95006443,3.502102834,40.83994403,3.501242765
512,25.6,41.22320388,0.498053509,59.34625065,3.500474158,59.13155708,3.501946491,39.98372995,3.503213668,57.13472274,3.506091951,59.61145667,3.507328529,41.77631422,0.498053509,57.11288297,3.502102834,40.63183742,3.501242765
513,25.65,41.0138501,0.498053509,59.57080248,3.500474158,59.30627155,3.501946491,39.77022749,3.503213668,57.27828202,3.506091951,59.83805642,3.507328529,41.61573514,0.498053509,57.28013439,3.502102834,40.42155788,3.501242765
514,25.7,40.8006937,0.498053509,59.79763152,3.500474158,59.4875247,3.501946491,39.5545521,3.503213668,57.42174645,3.506091951,60.06236162,3.507328529,41.45461284,0.498053509,57.45184566,3.502102834,40.20910542,3.501242765
515,25.75,40.58536436,0.498053509,60.0267367,3.500474158,59.67531462,3.501946491,39.33670378,3.503213668,57.56616206,3.506091951,60.28437314,3.507328529,41.29131761,0.498053509,57.62700151,3.502102834,39.99448002,3.501242765
516,25.8,40.3678621,0.498053509,60.25812018,3.500474158,59.86964006,3.501946491,39.11668253,3.503213668,57.71355626,3.506091951,60.50408792,3.507328529,41.12584945,0.498053509,57.80329689,3.502102834,39.7776817,3.501242765
517,25.85,40.14888207,0.498053509,60.49178786,3.500474158,60.07050027,3.501946491,38.89448836,3.503213668,57.86155158,3.506091951,60.72149826,3.507328529,40.95820836,0.498053509,57.98241687,3.502102834,39.55871045,3.501242765
518,25.9,39.92990554,0.498053509,60.72775078,3.500474158,60.27789485,3.501946491,38.67012125,3.503213668,58.01301938,3.506091951,60.93658962,3.507328529,40.78839434,0.498053509,58.16116602,3.502102834,39.33756627,3.501242765
519,25.95,39.70902888,0.498053509,60.96602868,3.500474158,60.49182369,3.501946491,38.44358122,3.503213668,58.1668769,3.506091951,61.14933504,3.507328529,40.61640739,0.498053509,58.33817144,3.502102834,39.11424916,3.501242765
520,26,39.48644892,0.498053509,61.20665948,3.500474158,60.71228697,3.501946491,38.21486826,3.503213668,58.32497588,3.506091951,61.35967752,3.507328529,40.44224752,0.498053509,58.51527889,3.502102834,38.88875912,3.501242765
521,26.05,39.26310493,0.498053509,61.44938917,3.500474158,60.93893752,3.501946491,37.98398237,3.503213668,58.48736642,3.506091951,61.56774661,3.507328529,40.26591472,0.498053509,58.69247036,3.502102834,38.66109616,3.501242765
522,26.1,39.03810998,0.498053509,61.6932581,3.500474158,61.17108086,3.501946491,37.75092355,3.503213668,58.65394635,3.506091951,61.77492514,3.507328529,40.08740898,0.498053509,58.86963067,3.502102834,38.43126026,3.501242765
523,26.15,38.81250802,0.498053509,61.93740822,3.500474158,61.40976097,3.501946491,37.5156918,3.503213668,58.82458087,3.506091951,61.98362994,3.507328529,39.90673032,0.498053509,59.04654379,3.502102834,38.19925144,3.501242765
524,26.2,38.58473314,0.498053509,62.17973575,3.499983722,61.65497892,3.501946491,37.27828712,3.503213668,58.99953634,3.506091951,62.19423574,3.507328529,39.72387873,0.498053509,59.22352254,3.502102834,37.96506969,3.501242765
525,26.25,38.35478532,0.498053509,62.41994898,3.497525464,61.90658677,3.501946491,37.03870952,3.503213668,59.17878879,3.506091951,62.40665853,3.507328529,39.53885422,0.498053509,59.40056645,3.502102834,37.72871501,3.501242765
526,26.3,38.12266458,0.498053509,62.65774582,3.49309021,62.16428378,3.501946491,36.79695899,3.503213668,59.36213578,3.506091951,62.62059145,3.507328529,39.35165677,0.498053509,59.57743459,3.502102834,37.4901874,3.501242765
527,26.35,37.88837091,0.498053509,62.89361067,3.486722976,62.42849457,3.501946491,36.55303552,3.503213668,59.5490681,3.506091951,62.83642352,3.507328529,39.1622864,0.498053509,59.75364584,3.502102834,37.24948687,3.501242765
528,26.4,37.65225628,0.498053509,63.12762241,3.478502628,62.69919649,3.501946491,36.30693913,3.503213668,59.7400339,3.506091951,63.05408235,3.507328529,38.97074309,0.498053509,59.92965001,3.502102834,37.0066134,3.501242765
529,26.45,37.41507553,0.498053509,63.35988983,3.468537965,62.97635749,3.501946491,36.05866982,3.503213668,59.934459,3.506091951,63.27347376,3.507328529,38.77702686,0.498053509,60.10488949,3.502102834,36.76156701,3.501242765
530,26.5,37.17587457,0.498053509,63.59045434,3.456969075,63.25983623,3.501946491,35.80822757,3.503213668,60.13316529,3.506091951,63.49438214,3.507328529,38.5811377,0.498053509,60.28024692,3.502102834,36.51434768,3.501242765
531,26.55,36.93542538,0.498053509,63.81929532,3.443972748,63.54938362,3.501946491,35.55561239,3.503213668,60.33612977,3.506091951,63.71644834,3.507328529,38.38307561,0.498053509,60.45578896,3.502102834,36.26495543,3.501242765
532,26.6,36.69592666,0.498053509,64.04687023,3.429772791,63.84524369,3.501946491,35.30082429,3.503213668,60.54284847,3.506091951,63.94063813,3.507328529,38.1828406,0.498053509,60.63203324,3.502102834,36.01339025,3.501242765
533,26.65,36.45530278,0.498053509,64.27334469,3.414659687,64.14622674,3.501946491,35.04386326,3.503213668,60.75191722,3.506091951,64.16968668,3.507328529,37.98043265,0.498053509,60.80983963,3.502102834,35.75965215,3.501242765
534,26.7,36.21281591,0.498053509,64.49931122,3.399038656,64.44870365,3.501946491,34.7847293,3.503213668,60.96373999,3.506091951,64.40406801,3.507328529,37.77585178,0.498053509,60.98906733,3.502102834,35.50374111,3.501242765
535,26.75,35.96910723,0.498053509,64.72538766,3.38352753,64.75199892,3.501946491,34.52342241,3.503213668,61.17556201,3.506091951,64.64362151,3.507328529,37.56909797,0.498053509,61.17276013,3.502102834,35.24565715,3.501242765
536,26.8,35.72341929,0.498053509,64.95256401,3.369116315,65.05509133,3.501946491,34.25994259,3.503213668,61.38759479,3.506091951,64.88812519,3.507328529,37.36017124,0.498053509,61.36059376,3.502102834,34.98540025,3.501242765
537,26.85,35.47594761,0.498053509,65.18192551,3.35726783,65.3566971,3.501946491,33.99428984,3.503213668,61.60054095,3.506091951,65.13704357,3.507328529,37.14907158,0.498053509,61.55192038,3.502102834,34.72297043,3.501242765
538,26.9,35.2270711,0.498053509,65.41426122,3.349526281,65.65590305,3.501946491,33.72646416,3.503213668,61.81424246,3.506091951,65.38955202,3.507328529,36.93579899,0.498053509,61.74688325,3.502102834,34.45836768,3.501242765
539,26.95,34.97836452,0.498053509,65.65164976,3.346837561,65.95213331,3.501946491,33.45646556,3.503213668,62.03085758,3.506091951,65.64626197,3.507328529,36.72035348,0.498053509,61.94336514,3.502102834,34.191592,3.501242765
540,27,34.72760082,0.498053509,65.89448793,3.349598471,66.24532653,3.501946491,33.18429403,3.503213668,62.2506381,3.506091951,65.90697835,3.507328529,36.50273503,0.498053509,62.14110009,3.502102834,33.92264339,3.501242765
541,27.05,34.47506754,0.498053509,66.14294259,3.35797587,66.53552229,3.501946491,32.90994957,3.503213668,62.47048939,3.506091951,66.17155558,3.507328529,36.28294366,0.498053509,62.34313233,3.502102834,33.65152186,3.501242765
542,27.1,34.22157135,0.498053509,66.39707109,3.372027107,66.82279376,3.501946491,32.63343218,3.503213668,62.6907804,3.506091951,66.43990614,3.507328529,36.06097936,0.498053509,62.54906915,3.502102834,33.37822739,3.501242765
543,27.15,33.96650881,0.498053509,66.65684415,3.391722905,67.10723224,3.501946491,32.35474186,3.503213668,62.9117828,3.506091951,66.7120149,3.507328529,35.83684212,0.498053509,62.75863928,3.502102834,33.10276,3.501242765
544,27.2,33.71109304,0.498053509,66.92213078,3.416932274,67.38894732,3.501946491,32.07387861,3.503213668,63.13321043,3.506091951,66.98796949,3.507328529,35.61053196,0.498053509,62.97212924,3.502102834,32.82511968,3.501242765
545,27.25,33.45350434,0.498053509,67.19264865,3.447372878,67.66807307,3.501946491,31.79084244,3.503213668,63.35498477,3.506091951,67.26803078,3.507328529,35.38204888,0.498053509,63.1896226,3.502102834,32.54530643,3.501242765
546,27.3,33.19374272,0.498053509,67.46784657,3.482493541,67.94477732,3.501946491,31.50563333,3.503213668,63.57748745,3.506091951,67.55279877,3.507328529,35.15139286,0.498053509,63.41075866,3.502102834,32.26332025,3.501242765
547,27.35,32.93180817,0.498053509,67.7467927,3.492756069,68.21922515,3.501946491,31.2182513,3.503213668,63.80223625,3.506091951,67.84311663,3.507328529,34.91856391,0.498053509,63.63403127,3.502102834,31.97916114,3.501242765
548,27.4,32.66770069,0.498053509,68.02865267,3.496396999,68.49146928,3.501946491,30.92869634,3.503213668,64.02722949,3.506091951,68.13923419,3.507328529,34.68356204,0.498053509,63.86143223,3.502102834,31.6928291,3.501242765
549,27.45,32.40142028,0.498053509,68.31340903,3.500776036,68.76153427,3.501946491,30.63696845,3.503213668,64.25266072,3.506091951,68.44117279,3.507328529,34.44638724,0.498053509,64.09279811,3.502102834,31.40432414,3.501242765
550,27.5,32.13296694,0.498053509,68.60105827,3.500776036,69.02944266,3.501946491,30.34306763,3.503213668,64.47842031,3.506091951,68.74858336,3.507328529,34.20703951,0.498053509,64.3282233,3.502102834,31.11364625,3.501242765
551,27.55,31.8624037,0.498053509,68.8928888,3.500776036,69.29519582,3.501946491,30.04699389,3.503213668,64.7061003,3.506091951,69.05959747,3.507328529,33.96551885,0.498053509,64.56610292,3.502102834,30.82079543,3.501242765
552,27.6,31.58990602,0.498053509,69.19187424,3.500776036,69.55879564,3.501946491,29.74874721,3.503213668,64.93666189,3.506091951,69.37202471,3.507328529,33.72182526,0.498053509,64.80545195,3.502102834,30.52577168,3.501242765
553,27.65,31.31538364,0.498053509,69.49795575,3.500776036,69.82024444,3.501946491,29.44832761,3.503213668,65.16756169,3.506091951,69.68611316,3.507328529,33.47595874,0.498053509,65.04883119,3.502102834,30.228575,3.501242765
554,27.7,31.03868834,0.498053509,69.81099401,3.500776036,70.07954487,3.501946491,29.14573508,3.503213668,65.40059117,3.506091951,70.00193312,3.507328529,33.2279193,0.498053509,65.29445536,3.502102834,29.92920539,3.501242765
555,27.75,48.99945677,0.999456768,49.00054323,2.000543232,49.00054323,3.000543232,49.99945677,1.000543232,50.00054323,2.000543232,50.00054323,3.000543232,50.99945677,0.999456768,51.00054323,2.000462065,50.99945677,3.000543232
556,27.8,48.99728686,0.996740607,49.00325939,2.003259393,49.00325939,3.003259393,49.99674061,1.003259393,50.00325939,2.003259393,50.00325939,3.003259393,50.99674061,0.996740607,51.00325939,2.002628598,50.99674061,3.003150105
557,27.85,48.99496995,0.991851518,49.00814848,2.008148482,49.00814848,3.008148482,49.99185152,1.008148482,50.00814848,2.008148482,50.00814848,3.008148482,50.99185152,0.991851518,51.00752365,2.005615266,50.99185152,3.007602043
558,27.9,48.9916416,0.9847895,49.0152105,2.0152105,49.0152105,3.0152105,49.9847895,1.0152105,50.0152105,2.0152105,50.0152105,3.0152105,50.9847895,0.9847895,51.01169607,2.00874111,50.9847895,3.013920689
559,27.95,48.9869841,0.975554554,49.02444545,2.024445446,49.02444545,3.024445446,49.97555455,1.024445446,50.02444545,2.024445446,50.02444545,3.024445446,50.97555455,0.975554554,51.01687066,2.014028109,50.97555455,3.021493598
560,28,48.98268505,0.964146679,49.03585332,2.035853321,49.03585332,3.035853321,49.96414668,1.035853321,50.03585332,2.035853321,50.03585332,3.035853321,50.96414668,0.964146679,51.02386383,2.02088254,50.96414668,3.031239436
561,28.05,48.97621897,0.950565876,49.04915525,2.049434124,49.04943412,3.049434124,49.95056588,1.049434124,50.04943412,2.049434124,50.04943412,3.049434124,50.95056588,0.950565876,51.03113754,2.028016583,50.95056588,3.043158203
562,28.1,48.96759766,0.934812144,49.06379346,2.065187856,49.06518786,3.065187856,49.93481214,1.065187856,50.06518786,2.065187856,50.06518786,3.065187856,50.93481214,0.934812144,51.03809621,2.036775175,50.93481214,3.057249898
563,28.15,48.95680343,0.916885484,49.08055953,2.083114516,49.08311452,3.083114516,49.91688548,1.083114516,50.08311452,2.083114516,50.08311452,3.083114516,50.91688548,0.916885484,51.0472278,2.047663569,50.91688548,3.073240419
564,28.2,48.94383627,0.896785895,49.09936331,2.103214105,49.10321411,3.103214105,49.89678589,1.103214105,50.10321411,2.103214105,50.10321411,3.103214105,50.89678589,0.896785895,51.05744586,2.060595517,50.89678589,3.089884818
565,28.25,48.92966544,0.874513377,49.12034002,2.125486623,49.12548662,3.125486623,49.87451338,1.125486623,50.12548662,2.125486623,50.12548662,3.125486623,50.87451338,0.874513377,51.06657745,2.075479267,50.87451338,3.106611924
566,28.3,48.91622949,0.850067931,49.14348965,2.149932069,49.14993207,3.149932069,49.85006793,1.149932069,50.14993207,2.149932069,50.14993207,3.149932069,50.85006793,0.850067931,51.07788197,2.091872568,50.85006793,3.124944434
567,28.35,48.9006206,0.823449557,49.16881222,2.176550443,49.17655044,3.176550443,49.82344956,1.176550443,50.17655044,2.176550443,50.17598175,3.17598175,50.82344956,0.823449557,51.09027296,2.110438798,50.82294178,3.143172088
568,28.4,48.88316757,0.794658254,49.19630771,2.205341746,49.20534175,3.205341746,49.79465825,1.205341746,50.20534175,2.205341746,50.20191732,3.20191732,50.79465825,0.794658254,51.10152327,2.131177956,50.79162236,3.161350019
569,28.45,48.86452797,0.763694022,49.22597613,2.236305978,49.23630598,3.236305978,49.76369402,1.236305978,50.23630598,2.236305978,50.22769188,3.227691875,50.76369402,0.763694022,51.11464707,2.154090043,50.75615517,3.179726039
570,28.5,48.84371543,0.730556862,49.25781748,2.269443138,49.26944314,3.269443138,49.73055686,1.269443138,50.26944314,2.269443138,50.25326435,3.253264353,50.73055686,0.730556862,51.1294421,2.17887804,50.71659679,3.198345832
571,28.55,48.82108932,0.695246773,49.29183176,2.304753227,49.30475323,3.304753227,49.69524677,1.304753227,50.30475323,2.304753227,50.27858649,3.278586488,50.69524677,0.695246773,51.1461364,2.204909026,50.67302012,3.217260528
572,28.6,48.79736835,0.657763756,49.32801897,2.342236244,49.34223624,3.342236244,49.65776376,1.342236244,50.34223624,2.342236244,50.30359155,3.303591551,50.65776376,0.657763756,51.16500362,2.232320178,50.62552416,3.236601791
573,28.65,48.77147445,0.618107811,49.3663791,2.381892189,49.38189219,3.381892189,49.61810781,1.381892189,50.38189219,2.381892189,50.32823983,3.328239832,50.61810781,0.618107811,51.18595589,2.259635272,50.57425295,3.256348732
574,28.7,48.74449408,0.576278936,49.40691217,2.423721064,49.42372106,3.423721064,49.57627894,1.423721064,50.42372106,2.423721064,50.35250554,3.352505542,50.57627894,0.576278936,51.20773097,2.288176189,50.51944041,3.276405423
575,28.75,48.71892019,0.532277134,49.44961816,2.467722866,49.46772287,3.467722866,49.53227713,1.467722866,50.46772287,2.467722866,50.37611847,3.37611847,50.53227713,0.532277134,51.22808328,2.318214896,50.46152994,3.297710036
576,28.8,48.6922873,0.498053509,49.49449708,2.513897598,49.5138976,3.501946491,49.4861024,1.513897598,50.5138976,2.513897598,50.39891793,3.398917928,50.4861024,0.498053509,51.24958214,2.350225877,50.4014865,3.321227543
577,28.85,48.66394315,0.498053509,49.54154893,2.562245257,49.56224526,3.501946491,49.43775474,1.562245257,50.56224526,2.562245257,50.42110754,3.421107538,50.43775474,0.498053509,51.27320156,2.383166,50.34098627,3.34863412
578,28.9,48.63342608,0.498053509,49.59077371,2.612765846,49.61276585,3.501946491,49.38723415,1.612765846,50.61276585,2.612765846,50.44434841,3.444348415,50.38723415,0.498053509,51.29868851,2.416353576,50.28128393,3.380723006
579,28.95,48.60073608,0.498053509,49.64217142,2.665459363,49.66482482,3.501946491,49.33454064,1.665459363,50.66564551,2.665645509,50.47107945,3.47107945,50.33454064,0.498053509,51.32494075,2.45138627,50.22189178,3.416083642
580,29,48.56587314,0.498053509,49.69574205,2.720325808,49.71653016,3.501946491,49.27967419,1.720325808,50.72121754,2.721217541,50.50121433,3.492983178,50.27967419,0.498053509,51.35092325,2.486543289,50.16123937,3.45452988
581,29.05,48.52936403,0.498053509,49.75148561,2.777365182,49.76793868,3.501946491,49.22263482,1.777365182,50.77921098,2.77921098,50.53516398,3.494008241,50.22263482,0.498053509,51.37591436,2.520204791,50.09899712,3.49573213
582,29.1,48.49226223,0.498053509,49.80947296,2.837111075,49.81863797,3.501946491,49.16342252,1.836577485,50.84100378,2.841003776,50.57327546,3.499195126,50.16342252,0.498053509,51.40208927,2.553763936,50.03476568,3.506490484
583,29.15,48.45298749,0.498053509,49.87064468,2.901429568,49.86722142,3.501946491,49.10203728,1.897962716,50.90710668,2.907106681,50.61551016,3.50130682,50.10203728,0.498053509,51.4296497,2.58656373,49.96763952,3.506490484
584,29.2,48.4117178,0.498053509,49.9373726,2.971304255,49.91382337,3.501946491,49.03847912,1.961520875,50.97733888,2.97733888,50.6612649,3.50130682,50.03847912,0.498053509,51.45884079,2.620363943,49.8951391,3.506490484
585,29.25,48.36889661,0.498053509,50.01029873,3.047377148,49.95973376,3.501946491,48.97274804,2.027251963,51.05118605,3.051186048,50.71027392,3.50130682,49.97274804,0.498053509,51.48976476,2.655378552,49.81705597,3.506490484
586,29.3,48.3244697,0.498053509,50.08974927,3.129974458,50.00844248,3.501946491,48.90484402,2.09515598,51.12910041,3.129100408,50.76123996,3.50130682,49.90484402,0.498053509,51.52237144,2.6899721,49.73779089,3.506490484
587,29.35,48.27878359,0.498053509,50.17546544,3.219291545,50.05998277,3.501946491,48.83476708,2.165232925,51.21086795,3.210867945,50.81427573,3.50130682,49.83476708,0.498053509,51.55752278,2.724640747,49.65806891,3.506490484
588,29.4,48.23137657,0.498053509,50.26680116,3.315590614,50.11454887,3.501946491,48.7625172,2.237482799,51.2959545,3.295954498,50.86856897,3.50130682,49.7625172,0.498053509,51.59554261,2.759544007,49.57807812,3.506490484
589,29.45,48.18315261,0.498053509,50.36550332,3.419256128,50.17376235,3.501946491,48.6880944,2.311905601,51.38223105,3.382231049,50.92357605,3.50130682,49.6880944,0.498053509,51.63676536,2.796699095,49.49917196,3.506490484
590,29.5,48.13340171,0.498053509,50.46800143,3.499370734,50.23828789,3.501946491,48.61149867,2.388501331,51.46931496,3.469314962,50.98005503,3.50130682,49.61149867,0.498053509,51.6809369,2.835761699,49.41971087,3.506490484
591,29.55,48.08341584,0.498053509,50.57297599,3.499921234,50.30713955,3.501946491,48.53273001,2.467269991,51.55519887,3.490500893,51.03858424,3.50130682,49.53273001,0.498053509,51.72721575,2.878039164,49.33807685,3.506490484
592,29.6,48.03125703,0.498053509,50.6801489,3.500471734,50.38086641,3.501946491,48.45178842,2.548211579,51.63988618,3.48892424,51.09869286,3.50130682,49.45178842,0.498053509,51.77683149,2.923675823,49.25426991,3.506490484
593,29.65,47.9769253,0.498053509,50.7895091,3.500471734,50.46110072,3.501946491,48.36867391,2.631326095,51.72434423,3.487118329,51.15874989,3.50130682,49.36867391,0.498053509,51.82789336,2.971306088,49.16829003,3.506490484
594,29.7,47.92071146,0.498053509,50.9010563,3.500471734,50.54784321,3.501946491,48.28338646,2.71661354,51.80820274,3.484712871,51.21874942,3.50130682,49.28338646,0.498053509,51.87881549,3.021152956,49.08013722,3.506490484
595,29.75,47.86319716,0.498053509,51.01479073,3.500471734,50.64109437,3.501946491,48.19592609,2.804073913,51.89031118,3.480557347,51.27868243,3.50130682,49.19592609,0.498053509,51.93064953,3.074655892,48.98981149,3.506490484
596,29.8,47.80353235,0.498053509,51.13071322,3.500471734,50.74085452,3.501946491,48.10629278,2.893707215,51.97150795,3.475490149,51.33853433,3.50130682,49.10629278,0.498053509,51.98632007,3.13138426,48.89731283,3.506490484
597,29.85,47.74176188,0.498053509,51.24882563,3.500471734,50.84712382,3.501946491,48.01448655,2.985513445,52.05383322,3.471551458,51.3982886,3.50130682,49.01448655,0.498053509,52.04503041,3.189319197,48.80264124,3.506490484
598,29.9,47.67781848,0.498053509,51.36913222,3.500471734,50.95990228,3.501946491,47.9205074,3.079492604,52.13428421,3.465738484,51.45754993,3.50130682,48.9205074,0.498053509,52.10781781,3.251263284,48.70579672,3.506490484
599,29.95,47.61170215,0.498053509,51.49165006,3.500471734,51.07918978,3.501946491,47.82435531,3.175644692,52.21413039,3.459320694,51.51638014,3.50130682,48.82435531,0.498053509,52.1728907,3.314878782,48.60677927,3.506490484
600,30,47.5434129,0.498053509,51.61622381,3.500471734,51.20498598,3.501946491,47.72603029,3.273969708,52.29326443,3.452190771,51.57855131,3.50130682,48.72603029,0.498053509,52.23967927,3.378878848,48.50558889,3.506490484
601,30.05,47.47295071,0.498053509,51.74179516,3.500471734,51.33729028,3.501946491,47.62553235,3.374467653,52.37059765,3.443260027,51.64397939,3.50130682,48.62553235,0.498053509,52.30774889,3.444014279,48.40222559,3.506490484
602,30.1,47.4003156,0.498053509,51.86750768,3.500471734,51.47610168,3.501946491,47.52286147,3.477138526,52.44758665,3.43398506,51.711885,3.50130682,48.52286147,0.498053509,52.37477364,3.492573369,48.29668935,3.506490484
603,30.15,47.3255937,0.498053509,51.99471422,3.500471734,51.62141835,3.501946491,47.41801767,3.503213668,52.52341613,3.423550576,51.78368382,3.50130682,48.41801767,0.498053509,52.44042487,3.49223567,48.18898019,3.506490484
604,30.2,47.2489573,0.498053509,52.12157563,3.500471734,51.77287934,3.501946491,47.31100094,3.503213668,52.6004462,3.41431668,51.85762728,3.50130682,48.31100094,0.498053509,52.50271827,3.489764402,48.0790981,3.506490484
605,30.25,47.17014797,0.498053509,52.24785954,3.500471734,51.93026699,3.501946491,47.20181128,3.503213668,52.67798499,3.40559151,51.93466855,3.50130682,48.20181128,0.498053509,52.56134935,3.482261854,47.96704308,3.506490484
606,30.3,47.08964701,0.498053509,52.37509886,3.500471734,52.09480906,3.501946491,47.0904487,3.503213668,52.75375884,3.395101389,52.01968184,3.50130682,48.0904487,0.498053509,52.61600949,3.46796678,47.85281513,3.506490484
607,30.35,47.00941372,0.498053509,52.50152959,3.500471734,52.26315642,3.501946491,46.97691318,3.503213668,52.8281526,3.383231185,52.11106735,3.50130682,47.97691318,0.498053509,52.6656754,3.447831953,47.73641426,3.506490484
608,30.4,46.92999765,0.498053509,52.62812763,3.499918757,52.43668068,3.501946491,46.86120474,3.503213668,52.90134951,3.370164128,52.2103507,3.50130682,47.86120474,0.498053509,52.71326468,3.426144138,47.61784045,3.506490484
609,30.45,46.84840866,0.498053509,52.75233921,3.496979323,52.61358806,3.501946491,46.74332336,3.503213668,52.97491263,3.35746329,52.31608253,3.50130682,47.74332336,0.498053509,52.76001349,3.40524609,47.49709372,3.506490484
610,30.5,46.76464674,0.498053509,52.87407748,3.491566583,52.79464136,3.501946491,46.62326906,3.503213668,53.04836549,3.344652184,52.42984162,3.50130682,47.62326906,0.498053509,52.81101583,3.388715318,47.37417406,3.506490484
611,30.55,46.67906596,0.498053509,52.99361664,3.48395473,52.97784504,3.501946491,46.50104183,3.503213668,53.12323659,3.333259313,52.55188793,3.50130682,47.50104183,0.498053509,52.8682592,3.378232581,47.24908147,3.506490484
612,30.6,46.59237443,0.498053509,53.10814751,3.471334579,53.15945787,3.501946491,46.37664167,3.503213668,53.19868492,3.322443676,52.68338617,3.50130682,47.37664167,0.498053509,52.93436258,3.376027492,47.12181595,3.506490484
613,30.65,46.50429284,0.498053509,53.21949674,3.455532795,53.33733148,3.501946491,46.25006859,3.503213668,53.2766121,3.314106899,52.82462464,3.50130682,47.25006859,0.498053509,53.00922833,3.380197552,46.9923775,3.506490484
614,30.7,46.41695409,0.498053509,53.33035432,3.439239363,53.50829042,3.499947676,46.12132257,3.503213668,53.35859422,3.309825052,52.97523975,3.50130682,47.12132257,0.498053509,53.09273827,3.390408136,46.86076612,3.506490484
615,30.75,46.33018614,0.498053509,53.4402975,3.422031532,53.6712579,3.4899574,45.99040363,3.503213668,53.4448471,3.30981397,53.13480712,3.50130682,46.99040363,0.498053509,53.18611983,3.407789745,46.72698182,3.506490484
616,30.8,46.24487437,0.498053509,53.5494738,3.404440003,53.82761514,3.473356871,45.85731176,3.503213668,53.53671734,3.315420242,53.30162421,3.50130682,46.85735219,0.498053509,53.2888002,3.433261796,46.59102459,3.506490484
617,30.85,46.15847771,0.498053509,53.6589916,3.388339575,53.98017523,3.452959207,45.72204695,3.503213668,53.63648116,3.328920092,53.47264408,3.50130682,46.72266947,0.498053509,53.39802766,3.467516928,46.45289443,3.506490484
618,30.9,46.06810382,0.498053509,53.76733211,3.371061845,54.12528284,3.425109052,45.58460922,3.503213668,53.74226017,3.348435142,53.64658991,3.50130682,46.58761813,0.498053509,53.5168999,3.498888343,46.31259133,3.506490484
619,30.95,45.97338407,0.498053509,53.87587049,3.35398199,54.26429055,3.391159005,45.44499857,3.503213668,53.8542336,3.37414461,53.82385931,3.50130682,46.45256679,0.498053509,53.64343442,3.498888343,46.17011532,3.506490484
620,31,45.87431847,0.498053509,53.98712091,3.339614176,54.39920484,3.353115536,45.30321498,3.503213668,53.97255242,3.40619946,54.0041271,3.50130682,46.31751545,0.498053509,53.77582875,3.498888343,46.02546637,3.506490484
621,31.05,45.77108556,0.498053509,54.10163268,3.328507709,54.5303802,3.311333136,45.15925846,3.503213668,54.09455063,3.441933706,54.18367039,3.50130682,46.18228556,0.498053509,53.91442165,3.49953694,45.87864449,3.506490484
622,31.1,45.66404244,0.498053509,54.22028567,3.321542462,54.65864954,3.266644711,45.01312902,3.503213668,54.21890295,3.480022058,54.35968773,3.50130682,46.04652001,0.498053509,54.05965677,3.500185537,45.72964969,3.506490484
623,31.15,45.55265347,0.498053509,54.3456401,3.321278651,54.78501367,3.220051085,44.86482665,3.503213668,54.34638845,3.490719632,54.53084478,3.50130682,45.91075447,0.498053509,54.2116151,3.500185537,45.57848196,3.506490484
624,31.2,45.43691864,0.498053509,54.47746166,3.32748198,54.91058152,3.172661178,44.71435135,3.503213668,54.47598384,3.493352443,54.69693054,3.50130682,45.77498893,0.498053509,54.37012205,3.500185537,45.4251413,3.506490484
625,31.25,45.31683796,0.498053509,54.6152227,3.339624787,55.03604119,3.125163083,44.56170312,3.503213668,54.60784239,3.4982484,54.85796401,3.50130682,45.63922338,0.498053509,54.53481454,3.500185537,45.26962771,3.506490484
626,31.3,45.19287029,0.498053509,54.75884892,3.357940516,55.16185516,3.078019291,44.40688196,3.503213668,54.74197493,3.499952204,55.01411583,3.50130682,45.50299896,0.498053509,54.70559565,3.500185537,45.11194119,3.506490484
627,31.35,45.06593339,0.498053509,54.90835,3.38305436,55.2905955,3.033801879,44.24988787,3.503213668,54.87774092,3.499952204,55.16516174,3.499794983,45.36539792,0.498053509,54.88215803,3.500185537,44.95208174,3.506490484
628,31.4,44.93473845,0.498053509,55.06335649,3.413673612,55.42232711,2.992575725,44.09072086,3.503213668,55.01584751,3.499952204,55.31008975,3.492165239,45.22770906,0.498053509,55.06502352,3.500185537,44.79004936,3.506490484
629,31.45,44.7996026,0.498053509,55.22181107,3.44774095,55.55721709,2.95450794,43.92938092,3.503213668,55.15669559,3.499952204,55.44878806,3.478305798,45.08961525,0.498053509,55.25303956,3.500185537,44.62584406,3.506490484
630,31.5,44.66063655,0.498053509,55.38308399,3.48462663,55.69693261,2.921265703,43.76586804,3.503213668,55.30213748,3.499952204,55.58182395,3.458783932,44.95100578,0.498053509,55.44277715,3.500185537,44.45946583,3.506490484
631,31.55,44.51759794,0.498053509,55.5451903,3.493907684,55.84146322,2.892838556,43.60018224,3.503213668,55.45548798,3.499952204,55.71050208,3.434904312,44.81212302,0.498053509,55.63388531,3.499475911,44.29091467,3.506490484
632,31.6,44.37021348,0.498053509,55.70622874,3.492641519,55.99020358,2.868621155,43.43232351,3.503213668,55.6148085,3.499952204,55.83762683,3.409471307,44.67324025,0.498053509,55.8223685,3.495451661,44.12019058,3.506490484
633,31.65,44.21848315,0.498053509,55.86583743,3.489968421,56.14537024,2.850830054,43.26229186,3.503213668,55.77826678,3.499952204,55.96716187,3.386448596,44.53435749,0.498053509,56.00383862,3.486800762,43.94729356,3.506490484
634,31.7,44.06240697,0.498053509,56.02475519,3.486851465,56.30623423,2.838736278,43.09008727,3.503213668,55.94767547,3.499952204,56.09948845,3.366217427,44.39547472,0.498053509,56.1804139,3.473238979,43.77222361,3.506490484
635,31.75,43.90225679,0.498053509,56.18133242,3.481929932,56.47151634,2.831060637,42.91570976,3.503213668,56.12161186,3.499952204,56.2359655,3.350136723,44.2563201,0.498053509,56.3515534,3.453026834,43.59498074,3.506490484
636,31.8,43.73857632,0.498053509,56.33640957,3.475508328,56.64150039,2.828086924,42.73915931,3.503213668,56.30029266,3.499952204,56.37929967,3.340913137,44.11634992,0.498053509,56.51768313,3.426655221,43.41556493,3.506490484
637,31.85,43.57054999,0.498053509,56.48975786,3.467357855,56.81581128,2.829440054,42.56043594,3.503213668,56.48253494,3.499952204,56.5307099,3.339765622,43.97637973,0.498053509,56.679489,3.39465649,43.2339762,3.506490484
638,31.9,43.39852538,0.498053509,56.64025115,3.456943133,56.99529953,2.83597054,42.37953964,3.503213668,56.66585526,3.499293295,56.69136521,3.347863174,43.83606197,0.498053509,56.8383651,3.359559772,43.05021454,3.506490484
639,31.95,43.22319766,0.498053509,56.78666018,3.444216365,57.18036508,2.848078337,42.19647041,3.503213668,56.84692032,3.496379126,56.86092714,3.364867351,43.69470146,0.498053509,56.99658151,3.324298517,42.86427995,3.506490484
640,32,43.04352408,0.498053509,56.93279604,3.431216424,57.36919864,2.863954133,42.01122825,3.503213668,57.02585638,3.491335963,57.03872656,3.390109015,43.55334095,0.498053509,57.15582819,3.289598475,42.67617243,3.506490484
641,32.05,42.85950465,0.498053509,57.07939574,3.418680327,57.56276222,2.884559955,41.82381317,3.503213668,57.19986345,3.481363808,57.22081572,3.419640424,43.41198045,0.498053509,57.3171226,3.258790956,42.48589199,3.506490484
642,32.1,42.67113935,0.498053509,57.23028279,3.410431578,57.75982548,2.908665454,41.63422515,3.503213668,57.36991016,3.467431293,57.40598284,3.452249793,43.27061994,0.498053509,57.4810567,3.231498991,42.29343861,3.506490484
643,32.15,42.4784282,0.498053509,57.38807553,3.409088525,57.95983508,2.935717292,41.44246421,3.503213668,57.53649851,3.450040417,57.59324632,3.486955524,43.1287162,0.498053509,57.64828881,3.208070343,42.09881231,3.506490484
644,32.2,42.28191443,0.498053509,57.55470658,3.416583777,58.16111199,2.964036447,41.24853034,3.503213668,57.70012142,3.429684105,57.77901623,3.494726219,42.98463953,0.498053509,57.82258428,3.190479222,41.90201308,3.506490484
645,32.25,42.08415036,0.498053509,57.72971409,3.432455481,58.36360298,2.993569676,41.05242354,3.503213668,57.86415303,3.409736493,57.96134045,3.490570734,42.83838994,0.498053509,58.00370293,3.179075746,41.70304092,3.506490484
646,32.3,41.88700702,0.498053509,57.91028769,3.453893284,58.56874343,3.025752359,40.85414381,3.503213668,58.0294511,3.391055337,58.13856622,3.4813168,42.68996741,0.498053509,58.19085594,3.17558763,41.50189583,3.506490484
647,32.35,41.68798443,0.498053509,58.09418178,3.478651576,58.77664373,3.060694902,40.65369115,3.503213668,58.19867327,3.376298277,58.3114436,3.467714479,42.53937196,0.498053509,58.38368661,3.179676464,41.29857781,3.506490484
648,32.4,41.48743816,0.498053509,58.28115406,3.499180654,58.98493328,3.096026693,40.45106557,3.503213668,58.37423098,3.367876764,58.48126092,3.451052092,42.38660358,0.498053509,58.58389128,3.190382513,41.09308686,3.506490484
649,32.45,41.28471896,0.498053509,58.46963864,3.499299814,59.19406407,3.132199717,40.24626706,3.503213668,58.55650099,3.366167543,58.64924447,3.432555935,42.23166227,0.498053509,58.79008189,3.207027091,40.88542299,3.506490484
650,32.5,41.0809133,0.498053509,58.65828128,3.49959438,59.40323681,3.168414706,40.03929561,3.503213668,58.7450076,3.370694931,58.81476625,3.41159801,42.07454803,0.498053509,59.0023742,3.230040866,40.67558619,3.506490484
651,32.55,40.8781941,0.498053509,58.84638539,3.499402452,59.61377895,3.205999085,39.83015124,3.503213668,58.93929991,3.381008015,58.98084898,3.391201045,41.91526086,0.498053509,59.21867561,3.257538028,40.46357645,3.506490484
652,32.6,40.67349149,0.498053509,59.03357738,3.498298404,59.82579647,3.245058844,39.61883394,3.503213668,59.13781108,3.395539965,59.15124096,3.375113317,41.75380077,0.498053509,59.43717244,3.287332486,40.24939379,3.506490484
653,32.65,40.46718449,0.498053509,59.21749688,3.493921861,60.04125737,3.287561978,39.40534371,3.503213668,59.33633047,3.410080128,59.32610482,3.363497473,41.59016774,0.498053509,59.65438605,3.318703065,40.03303821,3.506490484
654,32.7,40.25870456,0.498053509,59.40139091,3.489519853,60.25697391,3.330320758,39.18968056,3.503213668,59.53713148,3.42690191,59.50950153,3.360414475,41.42436179,0.498053509,59.87214987,3.349423731,39.81450969,3.506490484
655,32.75,40.0480517,0.498053509,59.58547321,3.485306118,60.47272041,3.373109501,38.97184447,3.503213668,59.73901969,3.44481089,59.70174737,3.366180618,41.25638291,0.498053509,60.08981381,3.380044516,39.59380824,3.506490484
656,32.8,39.83522592,0.498053509,59.77035975,3.481896625,60.6891743,3.416605626,38.75183546,3.503213668,59.94036066,3.462172637,59.90227266,3.3802262,41.0862311,0.498053509,60.30601789,3.40993646,39.37093387,3.506490484
657,32.85,39.6202272,0.498053509,59.95617491,3.479523584,60.90775145,3.462225025,38.52965352,3.503213668,60.13904518,3.476877935,60.10941925,3.40089309,40.91390636,0.498053509,60.51895142,3.438584705,39.14588657,3.506490484
658,32.9,39.40305556,0.498053509,60.14543595,3.480919935,61.12733708,3.496391052,38.30529864,3.503213668,60.33601899,3.48987252,60.32370289,3.428697026,40.7394087,0.498053509,60.72959977,3.465110489,38.91866633,3.506490484
659,32.95,39.18371099,0.498053509,60.33774914,3.48536844,61.35015839,3.496407274,38.07877085,3.503213668,60.52879061,3.498664911,60.54172654,3.46024097,40.5627381,0.498053509,60.93519226,3.487773426,38.68927317,3.506490484
660,33,38.96219349,0.498053509,60.53663564,3.496390245,61.57403063,3.497474411,37.85007012,3.503213668,60.71966415,3.499482187,60.76465514,3.496689869,40.38389458,0.498053509,61.13772783,3.50185479,38.45770709,3.506490484
661,33.05,38.73850306,0.498053509,60.74033328,3.499931212,61.80139943,3.500529834,37.61919646,3.503213668,60.90644725,3.494183334,60.98885121,3.506036518,40.20287812,0.498053509,61.33459821,3.50185479,38.22396807,3.506490484
662,33.1,38.51289178,0.498053509,60.95084007,3.499931212,62.03058194,3.500529834,37.38614988,3.503213668,61.09230784,3.487961972,61.2134756,3.506036518,40.01968874,0.498053509,61.52745349,3.50185479,37.98805612,3.506490484
663,33.15,38.28586377,0.498053509,61.16873421,3.499931212,62.2607984,3.500529834,37.15093036,3.503213668,61.28139088,3.484963057,61.43620249,3.506036518,39.83432643,0.498053509,61.71704556,3.50185479,37.74997125,3.506490484
664,33.2,38.05666283,0.498053509,61.39371082,3.499931212,62.49101946,3.500529834,36.91353792,3.503213668,61.47845196,3.489942181,61.65814172,3.506036518,39.6467912,0.498053509,61.90440519,3.50185479,37.50971345,3.506490484
665,33.25,37.82528896,0.498053509,61.62306147,3.499931212,62.72178702,3.500529834,36.67397255,3.503213668,61.68550322,3.499457294,61.87958274,3.506036518,39.45708303,0.498053509,62.08903857,3.50185479,37.26728272,3.506490484
666,33.3,37.59174217,0.498053509,61.85613788,3.499931212,62.95472752,3.500529834,36.43223425,3.503213668,61.90135114,3.499457294,62.10049548,3.506036518,39.26520193,0.498053509,62.26911838,3.50185479,37.02267906,3.506490484
667,33.35,37.35627382,0.498053509,62.09199851,3.499931212,63.18984094,3.500529834,36.18832302,3.503213668,62.12442611,3.499457294,62.31946935,3.506036518,39.07114791,0.498053509,62.44332814,3.50185479,36.77590247,3.506490484
668,33.4,37.11938667,0.498053509,62.32978748,3.499931212,63.42712729,3.500529834,35.94223887,3.503213668,62.35385886,3.499457294,62.53547166,3.506036518,38.87492096,0.498053509,62.61209672,3.50185479,36.52695295,3.506490484
669,33.45,36.8803266,0.498053509,62.57204665,3.499931212,63.66658657,3.500529834,35.69398178,3.503213668,62.59218754,3.499457294,62.74980631,3.506036518,38.67652108,0.498053509,62.7814225,3.50185479,36.27583051,3.506490484
670,33.5,36.63986704,0.498053509,62.81860873,3.499931212,63.90821878,3.500529834,35.44355177,3.503213668,62.83927349,3.499457294,62.95923686,3.506036518,38.47594827,0.498053509,62.95098428,3.50185479,36.02253513,3.506490484
671,33.55,36.40017185,0.498053509,63.06920136,3.499931212,64.15202392,3.500529834,35.19094883,3.503213668,63.09306996,3.499457294,63.16578321,3.506036518,38.27320253,0.498053509,63.12320513,3.50185479,35.76706683,3.506490484
672,33.6,36.16030976,0.498053509,63.32293787,3.499261752,64.39800198,3.500529834,34.93617296,3.503213668,63.34897061,3.499826391,63.37494931,3.506036518,38.06828386,0.498053509,63.30370675,3.50185479,35.5094256,3.506490484
673,33.65,35.91894597,0.498053509,63.57364933,3.495567244,64.64615298,3.500529834,34.67922416,3.503213668,63.6059824,3.500195488,63.58884144,3.506036518,37.86119227,0.498053509,63.49200081,3.50185479,35.24961144,3.506490484
674,33.7,35.67602583,0.498053509,63.82007429,3.487884776,64.8964769,3.500529834,34.41956175,3.503213668,63.8626533,3.499843042,63.80640428,3.506036518,37.65192775,0.498053509,63.68862431,3.50185479,34.98816503,3.506490484
675,33.75,35.43093277,0.498053509,64.06196643,3.476565099,65.14897375,3.500529834,34.15610436,3.503213668,64.11810273,3.498269124,64.02692868,3.506036518,37.44049029,0.498053509,63.89291406,3.50185479,34.72616774,3.506490484
676,33.8,35.18366677,0.498053509,64.30116198,3.46254883,65.40364353,3.500529834,33.89047405,3.503213668,64.37311657,3.496259617,64.25156521,3.506036518,37.22687991,0.498053509,64.10527624,3.50185479,34.46199752,3.506490484
677,33.85,34.9342826,0.498053509,64.53990467,3.448079704,65.66048624,3.500529834,33.62267081,3.503213668,64.62833406,3.494453757,64.48156836,3.506036518,37.0110966,0.498053509,64.32419534,3.50185479,34.19565437,3.506490484
678,33.9,34.68338535,0.498053509,64.77966032,3.434623533,65.91950188,3.500529834,33.35269464,3.503213668,64.88320559,3.49230193,64.71719294,3.506036518,36.79314037,0.498053509,64.54916918,3.50185479,33.92713829,3.506490484
679,33.95,34.43242246,0.498053509,65.02107925,3.42283065,66.18069044,3.500529834,33.08054554,3.503213668,65.13624745,3.488320447,64.95758104,3.506036518,36.5730112,0.498053509,64.78079447,3.50185479,33.65644928,3.506490484
680,34,34.18114779,0.498053509,65.26486739,3.413406975,66.44405194,3.500529834,32.80622352,3.503213668,65.38680204,3.481851688,65.20239331,3.506036518,36.35070911,0.498053509,65.01917045,3.50185479,33.38358735,3.506490484
681,34.05,33.92808569,0.498053509,65.51025442,3.405582188,66.70958636,3.500529834,32.52972856,3.503213668,65.63344713,3.471473419,65.45025054,3.506036518,36.12623408,0.498053509,65.26543489,3.50185479,33.10855248,3.506490484
682,34.1,33.67484602,0.498053509,65.75753481,3.399650757,66.97729371,3.500529834,32.25106068,3.503213668,65.87647072,3.457473664,65.70127503,3.506036518,35.89958613,0.498053509,65.51919391,3.50185479,32.83134469,3.506490484
683,34.15,33.42241086,0.498053509,66.00661081,3.395514937,67.24717399,3.500529834,31.97021986,3.503213668,66.11582041,3.439800002,65.95483262,3.506036518,35.67076525,0.498053509,65.78073378,3.50185479,32.55196397,3.506490484
684,34.2,33.1691853,0.498053509,66.25860466,3.394296976,67.5192272,3.500529834,31.68720612,3.503213668,66.35350858,3.420464821,66.21182112,3.506036518,35.43977144,0.498053509,66.04875355,3.50185479,32.27041032,3.506490484
685,34.25,32.9142353,0.498053509,66.5144282,3.396908691,67.79345333,3.500529834,31.40201945,3.503213668,66.5930873,3.40302019,66.47407834,3.506036518,35.20660471,0.498053509,66.32101909,3.50185479,31.98668374,3.506490484
686,34.3,32.65859399,0.498053509,66.76874979,3.398018472,68.0698524,3.500529834,31.11465986,3.503213668,66.83296875,3.385878288,66.73810811,3.506036518,34.97126504,0.498053509,66.60062258,3.50185479,31.70078423,3.506490484
687,34.35,32.40118823,0.498053509,67.02090188,3.396958742,68.34842439,3.500529834,30.82512733,3.503213668,67.07475982,3.370646012,67.00352631,3.506036518,34.73375245,0.498053509,66.88732423,3.50185479,31.4127118,3.506490484
688,34.4,32.14185227,0.498053509,67.27119448,3.394039526,68.62916932,3.500529834,30.53342187,3.503213668,67.31985046,3.358713299,67.27028096,3.506036518,34.49406692,0.498053509,67.1803864,3.50185479,31.12246643,3.506490484
689,34.45,31.88107157,0.498053509,67.52052003,3.390153254,68.91208717,3.500529834,30.23954349,3.503213668,67.56961444,3.351453929,67.53868135,3.506036518,34.25220847,0.498053509,67.47854607,3.50185479,30.83004814,3.506490484
690,34.5,31.61811794,0.498053509,67.76812977,3.384551185,69.19717795,3.500529834,29.94349218,3.503213668,67.82343043,3.348246569,67.80717584,3.506036518,34.00817709,0.498053509,67.7821942,3.50185479,30.53545692,3.506490484
691,34.55,31.35299138,0.498053509,68.01457468,3.377784273,69.48444165,3.500529834,29.64526794,3.503213668,68.08158645,3.349379239,68.07562564,3.506036518,33.76197278,0.498053509,68.08995856,3.50185479,30.23869277,3.506490484
692,34.6,31.08589177,0.498053509,68.26129953,3.371297313,69.77387829,3.500529834,29.34487077,3.503213668,68.34488156,3.355651005,68.3433798,3.506036518,33.51359555,0.498053509,68.40053031,3.50185479,29.93975569,3.506490484
693,34.65,30.81721885,0.498053509,68.51019497,3.366980928,70.06548786,3.500529834,29.04230067,3.503213668,68.61405191,3.367797999,68.61027662,3.506036518,33.26304538,0.498053509,68.71205173,3.50185479,29.63864568,3.506490484
694,34.7,48.99945677,0.999456768,49.00054323,2.000543232,49.00054323,3.000543232,49.99945677,1.000543232,50.00054323,2.000543232,50.00054323,3.000543232,50.99945677,0.999456768,51.00054323,2.000177137,50.99945677,3.000543232
695,34.75,48.99674061,0.996740607,49.00325037,2.003259393,49.00325939,3.003259393,49.99674061,1.003259393,50.00325939,2.003259393,50.00325939,3.003259393,50.99674061,0.996740607,51.00325939,2.000486284,50.99674061,3.003259393
696,34.8,48.99185152,0.991851518,49.00810338,2.008148482,49.00814848,3.008148482,49.99185152,1.008148482,50.00814848,2.008148482,50.00814848,3.008148482,50.99185152,0.991851518,51.00814848,1.999233011,50.99185152,3.008148482
697,34.85,48.98556966,0.9847895,49.01512932,2.0152105,49.0152105,3.0152105,49.9847895,1.0152105,50.0152105,2.0152105,50.0152105,3.0152105,50.9847895,0.9847895,51.0152105,1.997371357,50.9847895,3.0152105
698,34.9,48.97945534,0.975554554,49.02432818,2.024445446,49.02444545,3.024445446,49.97555455,1.024445446,50.02444545,2.024445446,50.02444545,3.024445446,50.97555455,0.975554554,51.02349732,1.997374528,50.97555455,3.024174041
699,34.95,48.97116809,0.964146679,49.03569997,2.035853321,49.03585332,3.035853321,49.96414668,1.035853321,50.03585332,2.035853321,50.03585332,3.035853321,50.96414668,0.964146679,51.03018277,1.998107837,50.96414668,3.034496293
700,35,48.96100181,0.950565876,49.04924469,2.049434124,49.04943412,3.049434124,49.95056588,1.049434124,50.04943412,2.049434124,50.04943412,3.049434124,50.95056588,0.950565876,51.03575033,1.997866218,50.95056588,3.046991475
701,35.05,48.94960511,0.934812144,49.06496234,2.065187856,49.06518786,3.065187856,49.93481214,1.065187856,50.06518786,2.065187856,50.06518786,3.065187856,50.93481214,0.934812144,51.04198785,1.999637728,50.93481214,3.061659585
702,35.1,48.9362178,0.916885484,49.08285292,2.083114516,49.08311452,3.083114516,49.91688548,1.083114516,50.08311452,2.083114516,50.08311452,3.083114516,50.91688548,0.916885484,51.05039829,2.003102774,50.91688548,3.078258972
703,35.15,48.92065756,0.896785895,49.10291643,2.103214105,49.10321411,3.103214105,49.89678589,1.103214105,50.10321411,2.103214105,50.10321411,3.103214105,50.89678589,0.896886281,51.06046813,2.008506275,50.89678589,3.096306336
704,35.2,48.9029244,0.874513377,49.12495726,2.125486623,49.12548662,3.125486623,49.87451338,1.125486623,50.12548662,2.125486623,50.12548662,3.125486623,50.87451338,0.875015306,51.07113348,2.014292821,50.87451338,3.116526627
705,35.25,48.8831524,0.850067931,49.14858419,2.149932069,49.14993207,3.149932069,49.85006793,1.149932069,50.14993207,2.149932069,50.14993207,3.149932069,50.85006793,0.850971403,51.08386125,2.018735114,50.85006793,3.138919848
706,35.3,48.86200724,0.823449557,49.17358571,2.176550443,49.17655044,3.176550443,49.82344956,1.176550443,50.17655044,2.176550443,50.17598854,3.175988541,50.82344956,0.824754572,51.09876195,2.024038632,50.82292729,3.162963731
707,35.35,48.83988152,0.794658254,49.19836516,2.205341746,49.20534175,3.205341746,49.79465825,1.205341746,50.20534175,2.205341746,50.20196718,3.201967178,50.79465825,0.796364812,51.11583558,2.029138643,50.79152837,3.187095194
708,35.4,48.8159249,0.763694022,49.22531753,2.236305978,49.23630598,3.236305978,49.76369402,1.236305978,50.23630598,2.236305978,50.22785478,3.227854782,50.76369402,0.765802123,51.13484767,2.033716884,50.75588684,3.211329895
709,35.45,48.79189782,0.730556862,49.25444283,2.269443138,49.26944314,3.269443138,49.73055686,1.269443138,50.26944314,2.269443138,50.25363562,3.253635619,50.73055686,0.733066506,51.15532928,2.03923685,50.71602194,3.235687094
710,35.5,48.76892683,0.695246773,49.28574107,2.304753227,49.30475323,3.304753227,49.69524677,1.304753227,50.30475323,2.304753227,50.2792903,3.279290297,50.69524677,0.698157961,51.17798382,2.046929744,50.67195838,3.260191479
711,35.55,48.74378292,0.657763756,49.31921222,2.342236244,49.34223624,3.342236244,49.65776376,1.342236244,50.34223624,2.342236244,50.3047939,3.304793896,50.65776376,0.661076487,51.20281129,2.055835538,50.62372957,3.284876486
712,35.6,48.71646608,0.618107811,49.35485631,2.381892189,49.38189219,3.381892189,49.61810781,1.381892189,50.38189219,2.381892189,50.3301125,3.330112496,50.61810781,0.621822084,51.22981168,2.064034175,50.5713846,3.309791179
713,35.65,48.68697631,0.576278936,49.39267333,2.423721064,49.42372106,3.423721064,49.57627894,1.423721064,50.42372106,2.423721064,50.35519591,3.355195911,50.57627894,0.580394753,51.25854137,2.074393981,50.51500526,3.33501736
714,35.7,48.65531362,0.532277134,49.43266328,2.467722866,49.46772287,3.467722866,49.53227713,1.467722866,50.46772287,2.467722866,50.37995934,3.37995934,50.53227713,0.536794493,51.28811308,2.086279684,50.45476631,3.360729793
715,35.75,48.6221685,0.498053509,49.47482615,2.513897598,49.5138976,3.501946491,49.4861024,1.513897598,50.5138976,2.513897598,50.40422305,3.404223052,50.4861024,0.502872026,51.31955929,2.09850306,50.39144286,3.387703577
716,35.8,48.58892197,0.498053509,49.51916195,2.562245257,49.56224526,3.501946491,49.43775474,1.562245257,50.56224526,2.562245257,50.42900074,3.429000738,50.43775474,0.502328794,51.35198396,2.112899365,50.32716157,3.417293189
717,35.85,48.55350251,0.498053509,49.56548729,2.612765846,49.61276585,3.501946491,49.38723415,1.612765846,50.61276585,2.612765846,50.45795108,3.457951084,50.38723415,0.500699098,51.38568388,2.128766659,50.26294644,3.448978253
718,35.9,48.51591012,0.498053509,49.61343538,2.665459363,49.66487214,3.501946491,49.33454064,1.665459363,50.66545936,2.665459363,50.49078815,3.490788149,50.33454064,0.500155865,51.42134037,2.14470106,50.19704587,3.483323739
719,35.95,48.4761448,0.498053509,49.6635564,2.720325808,49.71682684,3.501946491,49.27967419,1.720325808,50.72032581,2.720325808,50.52773955,3.499761724,50.27967419,0.499612633,51.45852076,2.16280839,50.12925014,3.492947194
720,36,48.43420656,0.498053509,49.71585034,2.777365182,49.76871024,3.501946491,49.22263482,1.777365182,50.77736518,2.777365182,50.5689398,3.499761724,50.22263482,0.499612633,51.49787408,2.183088649,50.05936917,3.495773686
721,36.05,48.39009538,0.498053509,49.77088029,2.837140562,49.81998548,3.501946491,49.16342252,1.836577485,50.83657748,2.836577485,50.61445641,3.499761724,50.16342252,0.499612633,51.53940033,2.205541836,49.98738661,3.499160238
722,36.1,48.34381128,0.498053509,49.83054079,2.90170416,49.86898607,3.501946491,49.10203728,1.897962716,50.89826588,2.898265884,50.66402644,3.499761724,50.10203728,0.499612633,51.58253508,2.230085707,49.91213459,3.498570544
723,36.15,48.29602404,0.498053509,49.89549947,2.972038957,49.9157116,3.501946491,49.03847912,1.961520875,50.96329859,2.963298595,50.7163091,3.499761724,50.03847912,0.499612633,51.62587767,2.255469305,49.83138906,3.496609644
724,36.2,48.24893344,0.498053509,49.96625877,3.048174383,49.96122651,3.501946491,48.97274804,2.027251963,51.03149933,3.031499325,50.76987485,3.499761724,49.97274804,0.499612633,51.67057768,2.27937467,49.74895921,3.496639603
725,36.25,48.20225055,0.498053509,50.04392607,3.1312178,50.00901466,3.501946491,48.90484402,2.09515598,51.10264229,3.102642291,50.82498177,3.499761724,49.90484402,0.499612633,51.71655606,2.303874089,49.66563626,3.498455871
726,36.3,48.15339472,0.498053509,50.12798943,3.22098437,50.05931217,3.501946491,48.83476708,2.165232925,51.17643345,3.176433447,50.88196328,3.499761724,49.83476708,0.499612633,51.76172837,2.329335739,49.58216872,3.498957345
727,36.35,48.10236598,0.498053509,50.21675869,3.316438114,50.11248278,3.501946491,48.7625172,2.237482799,51.25249724,3.252497244,50.9412385,3.499761724,49.7625172,0.499612633,51.80818098,2.356434504,49.4984982,3.500461768
728,36.4,48.04958715,0.498053509,50.31117352,3.417537429,50.16984599,3.501946491,48.6880944,2.311905601,51.33037148,3.330371483,51.00270297,3.499957884,49.6880944,0.499612633,51.85678649,2.384082043,49.4142901,3.500461768
729,36.45,47.99590395,0.498053509,50.40967426,3.49592669,50.23227378,3.501946491,48.61149867,2.388501331,51.40952202,3.409522023,51.06515298,3.500154045,49.61149867,0.499612633,51.90756492,2.413852356,49.32790907,3.500461768
730,36.5,47.94004782,0.498053509,50.51068798,3.496488253,50.29894045,3.501946491,48.53273001,2.467269991,51.48938637,3.48938637,51.12936614,3.500154045,49.53273001,0.499612633,51.96051628,2.445265011,49.23935511,3.500461768
731,36.55,47.88205515,0.498053509,50.61379939,3.49928919,50.36976953,3.501946491,48.45178842,2.548211579,51.56946565,3.509409295,51.1958498,3.500154045,49.45178842,0.499612633,52.01564057,2.477258837,49.14862822,3.500461768
732,36.6,47.82199872,0.498053509,50.71912066,3.50040544,50.44492624,3.501946491,48.36867391,2.631326095,51.64949566,3.509409295,51.26455255,3.500154045,49.36867391,0.499612633,52.07293778,2.510899257,49.0557284,3.500461768
733,36.65,47.75976937,0.498053509,50.82628167,3.50040544,50.52407509,3.501946491,48.28338646,2.71661354,51.72947793,3.509409295,51.33581963,3.500154045,49.28338646,0.499612633,52.13240793,2.544665104,48.96065566,3.500461768
734,36.7,47.6958064,0.498053509,50.93459493,3.50040544,50.6065306,3.501946491,48.19592609,2.804073913,51.80941362,3.509409295,51.41033651,3.500154045,49.19592609,0.499612633,52.19380874,2.579198381,48.86340999,3.500461768
735,36.75,47.63098845,0.498053509,51.04508914,3.50040544,50.69332304,3.501946491,48.10629278,2.893707215,51.88930358,3.509409295,51.48707305,3.500154045,49.10629278,0.499612633,52.25622197,2.615724897,48.76399138,3.500461768
736,36.8,47.56399757,0.498053509,51.15776359,3.50040544,50.78445298,3.501946491,48.01448655,2.985513445,51.96914831,3.509409295,51.56602898,3.500154045,49.01448655,0.499612633,52.31893971,2.653885273,48.66239985,3.500461768
737,36.85,47.49483376,0.498053509,51.27261762,3.50040544,50.87992088,3.501946491,47.9205074,3.079492604,52.04894806,3.509409295,51.64720429,3.500154045,48.9205074,0.499612633,52.38212874,2.693811051,48.5586354,3.500461768
738,36.9,47.42349702,0.498053509,51.3896507,3.50040544,50.97972711,3.501946491,47.82435531,3.175644692,52.12815268,3.509409295,51.73059924,3.500154045,48.82435531,0.499612633,52.4474907,2.734370521,48.45269801,3.500461768
739,36.95,47.34998736,0.498053509,51.50941267,3.50040544,51.08441381,3.501946491,47.72603029,3.273969708,52.20511095,3.509409295,51.81567266,3.500154045,48.72603029,0.499612633,52.51502559,2.775066487,48.34458769,3.500461768
740,37,47.27430477,0.498053509,51.63345109,3.50040544,51.19550313,3.501946491,47.62514579,3.374081098,52.2799239,3.509409295,51.90090387,3.500154045,48.62553235,0.499612633,52.58394798,2.81433499,48.23473663,3.500461768
741,37.05,47.19644925,0.498053509,51.7615604,3.50040544,51.31278791,3.501946491,47.52045111,3.474728164,52.35279513,3.509409295,51.9865019,3.500154045,48.52286147,0.499612633,52.65268703,2.854753428,48.12453081,3.500461768
742,37.1,47.1164208,0.498053509,51.89405354,3.50040544,51.43657879,3.501946491,47.41160794,3.499939594,52.42340918,3.509409295,52.07215851,3.500154045,48.41801767,0.499612633,52.72389109,2.897234476,48.01425975,3.500461768
743,37.15,47.03421942,0.498053509,52.03093339,3.50040544,51.56687557,3.501946491,47.29842063,3.499941751,52.49174224,3.509409295,52.15787749,3.500154045,48.31100094,0.499612633,52.79830678,2.941491989,47.90398696,3.500461768
744,37.2,46.94984511,0.498053509,52.17220316,3.50040544,51.70367784,3.501946491,47.18088893,3.499945379,52.55762591,3.509409295,52.24366689,3.500154045,48.20181128,0.499612633,52.87561888,2.987818399,47.79371247,3.500461768
745,37.25,46.86329788,0.498053509,52.31664828,3.50040544,51.846985,3.501946491,47.05901234,3.499949964,52.62106929,3.509409295,52.33062632,3.500154045,48.0904487,0.499612633,52.9560031,3.036290051,47.68343631,3.500461768
746,37.3,46.77457771,0.498053509,52.46075725,3.50040544,51.99679614,3.501946491,46.93279153,3.499956198,52.68187215,3.509409295,52.42201663,3.500154045,47.97691318,0.499612633,53.03867413,3.086074977,47.57315853,3.500461768
747,37.35,46.68368462,0.498053509,52.60532442,3.50040544,52.15365973,3.501946491,46.80276931,3.499961779,52.7371081,3.509409295,52.5178364,3.500154045,47.86120474,0.499612633,53.12185254,3.137423533,47.46233633,3.500461768
748,37.4,46.59086653,0.498053509,52.7512408,3.50040544,52.3192247,3.501946491,46.67057416,3.499961779,52.78846845,3.509409295,52.61825375,3.500154045,47.74332336,0.499612633,53.20605259,3.188331093,47.3493412,3.500461768
749,37.45,46.4966193,0.498053509,52.89718266,3.499971797,52.49349389,3.501946491,46.53620608,3.499961779,52.83619307,3.509409295,52.72413934,3.500154045,47.62326906,0.499612633,53.29115526,3.239466789,47.23417315,3.500461768
750,37.5,46.40019915,0.498053509,53.04086768,3.497281322,52.67646916,3.501946491,46.39966508,3.499961779,52.88520334,3.509409295,52.83636713,3.500154045,47.50104183,0.499612633,53.37628074,3.288601863,47.11683216,3.500461768
751,37.55,46.30160607,0.498053509,53.18075179,3.490789926,52.86848179,3.501946491,46.26095114,3.499961779,52.93451284,3.509409295,52.95420751,3.500154045,47.37664167,0.499612633,53.45987283,3.336203535,46.99731825,3.500461768
752,37.6,46.20084006,0.498053509,53.3174195,3.48108213,53.06864301,3.501946491,46.12006428,3.499961779,52.98542783,3.509409295,53.07837605,3.500154045,47.25006859,0.499612633,53.5412941,3.380856162,46.87563141,3.500461768
753,37.65,46.09790112,0.498053509,53.45219559,3.469482726,53.27103871,3.501946491,45.97700448,3.499961779,53.04302181,3.509409295,53.20960121,3.500154045,47.12132257,0.499612633,53.61987291,3.420094958,46.75177164,3.500461768
754,37.7,45.9928647,0.498053509,53.58446781,3.455379438,53.47475989,3.501946491,45.83177176,3.499961779,53.11056585,3.509409295,53.34683683,3.500154045,46.99040363,0.499612633,53.69484212,3.455014118,46.62573894,3.500461768
755,37.75,45.88633913,0.498053509,53.71474101,3.439277142,53.67903929,3.501946491,45.68436611,3.499961779,53.1880479,3.509409295,53.48969296,3.500154045,46.85731176,0.499612633,53.76503881,3.485313902,46.49753331,3.500461768
756,37.8,45.77901289,0.498053509,53.84365612,3.421816749,53.88293645,3.501946491,45.53478753,3.499961779,53.27427304,3.509409295,53.63683879,3.500154045,46.72204695,0.499612633,53.82949482,3.50500411,46.36715476,3.500461768
757,37.85,45.67038143,0.498053509,53.9707443,3.40260399,54.08551158,3.501946491,45.38303603,3.499961779,53.36708689,3.509409295,53.78660541,3.500154045,46.58460922,0.499612633,53.89018426,3.50500411,46.23460328,3.500461768
758,37.9,45.56218018,0.498053509,54.09749002,3.383272454,54.28334634,3.501946491,45.22911159,3.499961779,53.46791203,3.509409295,53.94173794,3.500154045,46.44499857,0.499612633,53.95178208,3.50500411,46.09987886,3.500461768
759,37.95,45.45195854,0.498053509,54.22516719,3.364872381,54.47669583,3.501946491,45.07301423,3.499961779,53.57576486,3.509409295,54.10161092,3.500154045,46.30321498,0.499612633,54.01716679,3.50500411,45.96298152,3.500461768
760,38,45.34002157,0.498053509,54.35739142,3.351019356,54.66706856,3.501946491,44.91474394,3.499961779,53.68782606,3.509409295,54.26429151,3.500154045,46.15925846,0.499612633,54.08539587,3.50500411,45.82391125,3.500461768
761,38.05,45.22591167,0.498053509,54.49357021,3.341120888,54.8522559,3.501946491,44.75430072,3.499961779,53.8063381,3.509409295,54.42723065,3.500154045,46.01312902,0.499612633,54.15840452,3.50500411,45.68266805,3.500461768
762,38.1,45.10962885,0.498053509,54.63355771,3.335031142,55.03284001,3.501946491,44.59168457,3.499961779,53.93131297,3.509409295,54.59005165,3.500154045,45.86482665,0.499612633,54.23472949,3.50500411,45.53925193,3.500461768
763,38.15,44.9911731,0.498053509,54.77689548,3.332291662,55.21048138,3.501946491,44.42689549,3.499961779,54.06277215,3.509409295,54.75242283,3.499999628,45.71435135,0.499612633,54.31450627,3.50500411,45.39366287,3.500461768
764,38.2,44.87054442,0.498053509,54.92461904,3.333937963,55.38521561,3.501946491,44.25993348,3.499961779,54.20067267,3.509409295,54.91413305,3.499184247,45.56170312,0.499612633,54.39785865,3.50500411,45.24590089,3.500461768
765,38.25,44.74774281,0.498053509,55.07662622,3.33986789,55.55707781,3.501946491,44.09079855,3.499961779,54.34501954,3.509409295,55.07502907,3.497554663,45.40688196,0.499612633,54.48491348,3.50500411,45.09596598,3.500461768
766,38.3,44.62276827,0.498053509,55.23255675,3.349721173,55.72610279,3.501946491,43.91949069,3.499961779,54.49565485,3.509409295,55.23527145,3.495271445,45.24988787,0.499612633,54.57467052,3.50500411,44.94385814,3.500461768
767,38.35,44.4950765,0.498053509,55.39313669,3.364223859,55.89232709,3.501946491,43.74600989,3.499961779,54.65123412,3.509409295,55.39591838,3.493392774,45.09126534,0.499612633,54.66483761,3.50500411,44.78957737,3.500461768
768,38.4,44.36303439,0.498053509,55.55943604,3.384445958,56.05579491,3.501946491,43.57035617,3.499961779,54.80937558,3.509409295,55.55815474,3.493103529,44.93264787,0.499612633,54.75871629,3.50500411,44.63312367,3.500461768
769,38.45,44.22664126,0.498053509,55.73110229,3.410034953,56.21656862,3.501946491,43.39252952,3.499961779,54.9696692,3.509409295,55.72237331,3.494796505,44.77403567,0.499612633,54.8570268,3.50500411,44.47449704,3.500461768
770,38.5,44.08589692,0.498053509,55.90756716,3.440422574,56.37473965,3.501946491,43.21252995,3.499961779,55.13209695,3.509409295,55.88915623,3.499053824,44.61542889,0.499612633,54.95973732,3.50500411,44.31369749,3.500461768
771,38.55,43.9408012,0.498053509,56.08804812,3.474826278,56.53044111,3.501946491,43.03035744,3.499961779,55.29699658,3.509409295,56.05922119,3.500698304,44.45682771,0.499612633,55.0665187,3.50500411,44.150725,3.500461768
772,38.6,43.79135398,0.498053509,56.2716276,3.50250976,56.68384465,3.501946491,42.84601201,3.499961779,55.46496166,3.509409295,56.23327293,3.500698304,44.29823224,0.499612633,55.17673272,3.50500411,43.98557959,3.500461768
773,38.65,43.63755515,0.498053509,56.45749621,3.50250976,56.83509249,3.501946491,42.65949364,3.499961779,55.63520195,3.509409295,56.41171554,3.500698304,44.13964255,0.499612633,55.2912088,3.50500411,43.81826125,3.500461768
774,38.7,43.4801828,0.498053509,56.64544896,3.50250976,56.98422183,3.501946491,42.47080235,3.499961779,55.80791008,3.509409295,56.59451008,3.500698304,43.98028053,0.499612633,55.40972229,3.50500411,43.64876998,3.500461768
775,38.75,43.32079322,0.498053509,56.83554242,3.50250976,57.13117755,3.501946491,42.27993813,3.499961779,55.98276362,3.509409295,56.78224715,3.500698304,43.81858991,0.499612633,55.53260189,3.50500411,43.47710578,3.500461768
776,38.8,43.15705193,0.498053509,57.02777682,3.50250976,57.27596023,3.501946491,42.08690098,3.499961779,56.15921415,3.509409295,56.97653566,3.500698304,43.65690514,0.499612633,55.65984553,3.50500411,43.30326866,3.500461768
777,38.85,42.98895896,0.498053509,57.22215124,3.50250976,57.418571,3.501946491,41.89169091,3.499961779,56.33564994,3.509409295,57.17737641,3.500698304,43.49522617,0.499612633,55.79145163,3.50500411,43.1272586,3.500461768
778,38.9,42.81651435,0.498053509,57.41866275,3.50250976,57.5590129,3.501946491,41.6943079,3.499961779,56.51210584,3.509409295,57.38477146,3.500698304,43.33355294,0.499612633,55.92739065,3.50500411,42.94907562,3.500461768
779,38.95,42.63971819,0.498053509,57.61730248,3.50250976,57.69731385,3.501946491,41.49475197,3.499961779,56.68863191,3.509409295,57.59872476,3.500698304,43.17188534,0.499612633,56.06760505,3.50500411,42.76871971,3.500461768
780,39,42.45857063,0.498053509,57.81696101,3.50250976,57.83460643,3.501946491,41.2930231,3.499961779,56.865691,3.509409295,57.81924418,3.500698304,43.01022321,0.499612633,56.21082774,3.50500411,42.58619087,3.500461768
781,39.05,42.27307182,0.498053509,58.01436309,3.50250976,57.97407244,3.501946491,41.08912131,3.499961779,57.04492301,3.509409295,58.04635295,3.500698304,42.84856638,0.499612633,56.35310531,3.50500411,42.4014891,3.500461768
782,39.1,42.08322194,0.498053509,58.20953382,3.50250976,58.11636581,3.501946491,40.88304659,3.499961779,57.22632795,3.509409295,58.27901244,3.500698304,42.68691466,0.499612633,56.49544368,3.50500411,42.2146144,3.500461768
783,39.15,41.88956565,0.498053509,58.40244439,3.50250976,58.26392219,3.501946491,40.67479894,3.499961779,57.40990582,3.509409295,58.51408616,3.500698304,42.52472341,0.499612633,56.63995498,3.50500411,42.02556678,3.500461768
784,39.2,41.69373643,0.498053509,58.59409359,3.50250976,58.41797612,3.501946491,40.46437837,3.499961779,57.59565662,3.509409295,58.75068106,3.500698304,42.36035924,0.499612633,56.78605373,3.50500411,41.83434622,3.500461768
785,39.25,41.49573429,0.498053509,58.78770107,3.50250976,58.57853907,3.501946491,40.25178486,3.499961779,57.78358035,3.509409295,58.98520553,3.500698304,42.19382213,0.499612633,56.93256898,3.50500411,41.64095274,3.500461768
786,39.3,41.29619109,0.498053509,58.98341731,3.50250976,58.74561476,3.501946491,40.03701843,3.499961779,57.97367701,3.509409295,59.21761147,3.500698304,42.0251121,0.499612633,57.08125716,3.50500411,41.44538633,3.500461768
787,39.35,41.09637058,0.498053509,59.18126545,3.50250976,58.91920492,3.501946491,39.82007906,3.499961779,58.16594659,3.509409295,59.44788353,3.500698304,41.85422914,0.499612633,57.23174895,3.50500411,41.24764699,3.500461768
788,39.4,40.89437715,0.498053509,59.3812551,3.50250976,59.09931048,3.501946491,39.60096677,3.499961779,58.3603891,3.509409295,59.67601408,3.500698304,41.68117325,0.499612633,57.38330574,3.50500411,41.04773472,3.500461768
789,39.45,40.69021078,0.498053509,59.58339146,3.50250976,59.28593202,3.501946491,39.37968155,3.499961779,58.55700455,3.509409295,59.90199865,3.500698304,41.50594443,0.499612633,57.53703545,3.50500411,40.84564952,3.500461768
790,39.5,40.48387149,0.498053509,59.78767774,3.50250976,59.47906994,3.501946491,39.15622341,3.499961779,58.75579292,3.509409295,60.12583436,3.500698304,41.32854268,0.499612633,57.69293809,3.50500411,40.6413914,3.500461768
791,39.55,40.27577577,0.498053509,59.99411603,3.50250976,59.67872448,3.501946491,38.93059233,3.499961779,58.95675422,3.509409295,60.34751932,3.500698304,41.148968,0.499612633,57.85029607,3.50500411,40.43496034,3.500461768
792,39.6,40.06675661,0.498053509,60.20270774,3.50250976,59.88489583,3.501946491,38.70278832,3.499961779,59.15988844,3.509409295,60.56705226,3.500698304,40.9672204,0.499612633,58.00767425,3.50500411,40.22635636,3.500461768
793,39.65,39.85556453,0.498053509,60.41345377,3.50250976,60.09758408,3.501946491,38.47281139,3.499961779,59.3651956,3.509409295,60.78443239,3.500698304,40.78329987,0.499612633,58.16722535,3.50500411,40.01557945,3.500461768
794,39.7,39.64227959,0.498053509,60.62635468,3.50250976,60.31678931,3.501946491,38.24066153,3.499961779,59.57267568,3.509409295,60.99965929,3.500698304,40.5972064,0.499612633,58.32823826,3.50500411,39.80262961,3.500461768
795,39.75,39.42706198,0.498053509,60.84141071,3.50250976,60.54251155,3.501946491,38.00633874,3.499961779,59.7823287,3.509409295,61.21273286,3.500698304,40.40894001,0.499612633,58.48929076,3.50500411,39.58750684,3.500461768
796,39.8,39.20967143,0.498053509,61.05862183,3.50250976,60.77475076,3.501946491,37.76984302,3.499961779,59.99415464,3.509409295,61.42365334,3.500698304,40.2185007,0.499612633,58.65251619,3.50500411,39.37021114,3.500461768
797,39.85,38.99010795,0.498053509,61.27798773,3.50250976,61.01350689,3.501946491,37.53117437,3.499961779,60.20815351,3.509409295,61.6324213,3.500698304,40.02588845,0.499612633,58.81682808,3.50500411,39.15074252,3.500461768
798,39.9,38.76837155,0.498053509,61.49950776,3.50250976,61.25877982,3.501946491,37.29033279,3.499961779,60.42432531,3.509409295,61.83903772,3.500698304,39.83110327,0.499612633,58.98005351,3.50500411,38.92910097,3.500461768
799,39.95,38.54446222,0.498053509,61.72318093,3.50250976,61.51056938,3.501946491,37.04731829,3.499961779,60.64267003,3.509409295,62.04350411,3.500698304,39.63414517,0.499612633,59.14545187,3.50500411,38.70528648,3.500461768
800,40,38.31837996,0.498053509,61.94900573,3.50250976,61.76887525,3.501946491,36.80213086,3.499961779,60.86318769,3.509409295,62.24582273,3.500698304,39.43501414,0.499612633,59.31302316,3.50500411,38.47929907,3.500461768
801,40.05,38.09012477,0.498053509,62.17697991,3.50250976,62.03369697,3.501946491,36.55477049,3.499961779,61.08587827,3.509409295,62.445997,3.500698304,39.23371017,0.499612633,59.48276737,3.50500411,38.25113873,3.500461768
802,40.1,37.85999977,0.498053509,62.4071001,3.50250976,62.30503372,3.501946491,36.3052372,3.499961779,61.31074179,3.509409295,62.64403239,3.500698304,39.03023328,0.499612633,59.65468451,3.50500411,38.02080546,3.500461768
803,40.15,37.62875794,0.498053509,62.63936083,3.50250976,62.58288392,3.501946491,36.05353098,3.499961779,61.53777823,3.509409295,62.83993877,3.500698304,38.82458347,0.499612633,59.82877459,3.50500411,37.78829927,3.499918536
804,40.2,37.39587115,0.498053509,62.87375206,3.50250976,62.86724358,3.501946491,35.79965184,3.499961779,61.7669876,3.509409295,63.03373952,3.500698304,38.61676072,0.499612633,60.00503759,3.50500411,37.55362014,3.498143579
805,40.25,37.16107452,0.498053509,63.1102489,3.50250976,63.15808175,3.501946491,35.54359976,3.499961779,61.99836989,3.509409295,63.22660616,3.500698304,38.40676504,0.499612633,60.18309036,3.50500411,37.31676809,3.49810577
806,40.3,36.92418473,0.498053509,63.34753745,3.50250976,63.45426488,3.501946491,35.28537476,3.499961779,62.23192512,3.509409295,63.4230046,3.500698304,38.19459644,0.499612633,60.36216661,3.50500411,37.07774311,3.499299686
807,40.35,36.6854956,0.498053509,63.58195558,3.50250976,63.75154179,3.501946491,35.02497682,3.499961779,62.46765328,3.509409295,63.62607704,3.500698304,37.98025491,0.499612633,60.54341578,3.50500411,36.8365452,3.499842918
808,40.4,36.44503642,0.498053509,63.81511655,3.50250976,64.04667951,3.501946491,34.76240596,3.499961779,62.70555436,3.509409295,63.83574064,3.500698304,37.76374045,0.499612633,60.72683788,3.50500411,36.59317436,3.50038615
809,40.45,36.20240432,0.498053509,64.05038,3.50250976,64.33964806,3.501946491,34.49766217,3.499961779,62.94562837,3.509409295,64.05197458,3.500698304,37.54505306,0.499612633,60.9121415,3.50500411,36.34763059,3.50038615
810,40.5,35.95820238,0.498053509,64.28776794,3.50250976,64.63044442,3.501946491,34.23074545,3.499961779,63.18787531,3.509409295,64.27476893,3.500698304,37.32419274,0.499612633,61.09874378,3.50500411,36.09991389,3.50038615
811,40.55,35.71363681,0.498053509,64.52728962,3.50250976,64.91906771,3.501946491,33.9616558,3.499961779,63.43229518,3.509409295,64.50411815,3.500698304,37.10115949,0.499612633,61.28751899,3.50500411,35.85002427,3.50038615
812,40.6,35.4668983,0.498053509,64.76895004,3.50250976,65.20551754,3.501946491,33.69039323,3.499961779,63.67888798,3.509409295,64.7400189,3.500698304,36.87595332,0.499612633,61.47836889,3.50500411,35.59796172,3.50038615
813,40.65,35.21807128,0.498053509,65.01275213,3.50250976,65.48979374,3.501946491,33.41695772,3.499961779,63.92765371,3.509409295,64.98246928,3.500698304,36.64857421,0.499612633,61.67109699,3.50500411,35.34372623,3.50038615
814,40.7,34.96732458,0.498053509,65.25869748,3.50250976,65.77189618,3.501946491,33.14134929,3.499961779,64.17859236,3.509409295,65.23146837,3.500698304,36.41902218,0.499612633,61.86599802,3.50500411,35.08731782,3.50038615
815,40.75,34.71440495,0.498053509,65.50678673,3.50250976,66.05182479,3.501946491,32.86356793,3.499961779,64.43170395,3.509409295,65.48701611,3.500698304,36.18729722,0.499612633,62.06307197,3.50500411,34.82873649,3.50038615
816,40.8,34.4593124,0.498053509,65.75701962,3.50250976,66.33012369,3.501946491,32.58361364,3.499961779,64.68698846,3.509409295,65.74856909,3.500698304,35.95339933,0.499612633,62.26227315,3.50500411,34.56798222,3.50038615
817,40.85,34.20204691,0.498053509,66.00939502,3.50250976,66.60842537,3.501946491,32.30148642,3.499961779,64.9444459,3.509409295,66.01449652,3.500698304,35.71732851,0.499612633,62.46351014,3.50500411,34.30505502,3.50038615
818,40.9,33.9426085,0.498053509,66.26387114,3.50250976,66.88676935,3.501946491,32.01718628,3.499961779,65.20407627,3.509409295,66.28476148,3.500698304,35.47908477,0.499612633,62.66692006,3.50500411,34.0399549,3.50038615
819,40.95,33.6813057,0.498053509,66.52036548,3.50250976,67.16523483,3.501946491,31.7307132,3.499961779,65.46587957,3.509409295,66.55928869,3.500698304,35.23866809,0.499612633,62.87224544,3.50500411,33.77268184,3.50038615
820,41,33.4187556,0.498053509,66.77899216,3.50250976,67.44370271,3.501946491,31.4420672,3.499961779,65.72985579,3.509409295,66.83820337,3.500698304,34.99607849,0.499612633,63.07827212,3.50500411,33.50323586,3.50038615
821,41.05,33.15411308,0.498053509,67.0397433,3.50250976,67.7221729,3.501946491,31.15124826,3.499961779,65.99600495,3.509409295,67.12151605,3.500698304,34.75131596,0.499612633,63.28437417,3.50500411,33.23161695,3.50038615
822,41.1,32.88753915,0.498053509,67.30260446,3.50250976,68.00064533,3.501946491,30.8582564,3.499961779,66.26432703,3.509409295,67.40924808,3.500698304,34.5043805,0.499612633,63.4922005,3.50500411,32.95782511,3.50038615
823,41.15,32.6187923,0.498053509,67.56754069,3.50250976,68.27911994,3.501946491,30.56309161,3.499961779,66.53482204,3.509409295,67.70147312,3.500698304,34.25527211,0.499612633,63.7008538,3.50500411,32.68186035,3.50038615
824,41.2,32.34844366,0.498053509,67.8347709,3.50250976,68.55759668,3.501946491,30.26575389,3.499961779,66.80748998,3.509409295,67.99724173,3.500698304,34.00399079,0.499612633,63.91168002,3.50500411,32.40372265,3.50038615
825,41.25,32.07763549,0.498053509,68.10592465,3.50250976,68.83553131,3.501946491,29.96624325,3.499961779,67.08233085,3.509409295,68.29379394,3.500698304,33.75053654,0.499612633,64.12467918,3.50500411,32.12341203,3.50038615
826,41.3,31.8046544,0.498053509,68.38346519,3.50250976,69.11129118,3.501946491,29.66455967,3.499961779,67.35934465,3.509409295,68.59261658,3.500698304,33.49490937,0.499612633,64.33984542,3.50500411,31.84092848,3.50038615
827,41.35,31.53023801,0.498053509,68.66744758,3.50250976,69.38487618,3.501946491,29.36070317,3.499961779,67.63853137,3.509409295,68.89367983,3.500698304,33.23710927,0.499612633,64.55716707,3.50500411,31.55627199,3.50038615
828,41.4,31.25598775,0.498053509,68.9578905,3.50250976,69.6562862,3.501946491,29.05467374,3.499961779,67.91989103,3.509409295,69.19697129,3.500698304,32.97713623,0.499612633,64.77666165,3.50500411,31.26944258,3.50038615
829,41.45,30.979943,0.498053509,69.25480271,3.50250976,69.92552112,3.501946491,28.74647138,3.499961779,68.20342361,3.509409295,69.50248488,3.500698304,32.71499027,0.499612633,64.99821097,3.50500411,30.98044025,3.50038615
830,41.5,30.70172533,0.498053509,69.55818859,3.50250976,70.19258079,3.501946491,28.43609609,3.499961779,68.48912912,3.509409295,69.81021783,3.500698304,32.45067139,0.499612633,65.22112996,3.50500411,30.68926498,3.50038615
831,41.55,48.99970942,0.999456768,49.00054323,2.000543232,49.00054323,3.000543232,49.99945677,1.000543232,50.00054323,2.000543232,50.00054323,3.000543232,50.99945677,0.999456768,51.00052116,2.000543232,50.99945677,3.000543232
832,41.6,48.99800389,0.996740607,49.00325939,2.003259393,49.00325939,3.003259393,49.99674061,1.003259393,50.00325939,2.003259393,50.00325939,3.003259393,50.99674061,0.996740607,51.0030454,2.003259393,50.99674061,3.003259393
833,41.65,48.99412542,0.991851518,49.00814848,2.008148482,49.00814848,3.008148482,49.99185152,1.008148482,50.00814848,2.008148482,50.00814848,3.008148482,50.99185152,0.991851518,51.00743174,2.008148482,50.99185152,3.007863888
834,41.7,48.98811187,0.9847895,49.0152105,2.0152105,49.0152105,3.0152105,49.9847895,1.0152105,50.0152105,2.0152105,50.0152105,3.0152105,50.9847895,0.9847895,51.01399102,2.015016547,50.9847895,3.013468445
835,41.75,48.9800389,0.975554554,49.02444545,2.024445446,49.02444545,3.024445446,49.97555455,1.024445446,50.02444545,2.024445446,50.02444545,3.024445446,50.97555455,0.975554554,51.02218691,2.023475683,50.97555455,3.020288675
836,41.8,48.96979302,0.964146679,49.03585332,2.035853321,49.03585332,3.035853321,49.96414668,1.035853321,50.03585332,2.035853321,50.03585332,3.035853321,50.96414668,0.964146679,51.03028179,2.034107747,50.96414668,3.029281834
837,41.85,48.95802626,0.950565876,49.04943412,2.049434124,49.04943412,3.049434124,49.95056588,1.049434124,50.04943412,2.049434124,50.04943412,3.049434124,50.95056588,0.950565876,51.03855446,2.046846661,50.95056588,3.04032071
838,41.9,48.94604275,0.934812144,49.06518786,2.065187856,49.06518786,3.065187856,49.93481214,1.065187856,50.06518786,2.065187856,50.06518786,3.065187856,50.93481214,0.934812144,51.04837812,2.061083695,50.93481214,3.052782065
839,41.95,48.93256799,0.916885484,49.08252482,2.083114516,49.08311452,3.083114516,49.91688548,1.083114516,50.08311452,2.083114516,50.08311452,3.083114516,50.91688548,0.916885484,51.05850887,2.076063937,50.91688548,3.065803084
840,42,48.91896529,0.896785895,49.1002656,2.103214105,49.10321411,3.103214105,49.89678589,1.103214105,50.10321411,2.103214105,50.10321411,3.103214105,50.89678589,0.896785895,51.07081256,2.092966626,50.89678589,3.079476581
841,42.05,48.90365967,0.874513377,49.12017931,2.125486623,49.12548662,3.125486623,49.87451338,1.125486623,50.12548662,2.125486623,50.12548662,3.125486623,50.87451338,0.874513377,51.08528917,2.110825114,50.87451338,3.095249942
842,42.1,48.88759112,0.850067931,49.14226595,2.149932069,49.14993207,3.149932069,49.85006793,1.149932069,50.14993207,2.149932069,50.14993207,3.149932069,50.85006793,0.850067931,51.10148946,2.129410142,50.85006793,3.112722739
843,42.15,48.86984278,0.823449557,49.16652552,2.176550443,49.17655044,3.176550443,49.82344956,1.176550443,50.17655044,2.176550443,50.17596904,3.175969038,50.82344956,0.823449557,51.11847627,2.148933637,50.82295242,3.131108425
844,42.2,48.85190107,0.794658254,49.19295802,2.205341746,49.20534175,3.205341746,49.79465825,1.205341746,50.20534175,2.205341746,50.20184439,3.201844394,50.79465825,0.794658254,51.13700986,2.167370667,50.79168695,3.149690006
845,42.25,48.83352007,0.763694022,49.22156345,2.236305978,49.23630598,3.236305978,49.76369402,1.236305978,50.23630598,2.236305978,50.22752106,3.227521057,50.76369402,0.763694022,51.1561281,2.187296397,50.75632009,3.16851605
846,42.3,48.81366589,0.730556862,49.2523418,2.269443138,49.26944314,3.269443138,49.73055686,1.269443138,50.26944314,2.269443138,50.25306194,3.253061938,50.73055686,0.730556862,51.17724696,2.207342367,50.71691196,3.186876263
847,42.35,48.79163877,0.695246773,49.28529308,2.304753227,49.30475323,3.304753227,49.69524677,1.304753227,50.30475323,2.304753227,50.2786833,3.2786833,50.69524677,0.695246773,51.20049195,2.229561267,50.67354427,3.202983079
848,42.4,48.76743873,0.657763756,49.3204173,2.342236244,49.34223624,3.342236244,49.65776376,1.342236244,50.34223624,2.342236244,50.30410936,3.304109359,50.65776376,0.657763756,51.22576948,2.253701312,50.62634323,3.218617233
849,42.45,48.74106576,0.618107811,49.35771444,2.381892189,49.38189219,3.381892189,49.61810781,1.381892189,50.38189219,2.381892189,50.32920666,3.32920666,50.61810781,0.618107811,51.25321993,2.279232782,50.57550329,3.234509492
850,42.5,48.71251986,0.576278936,49.39718451,2.423721064,49.42372106,3.423721064,49.57627894,1.423721064,50.42372106,2.423721064,50.35411746,3.354117461,50.57627894,0.576278936,51.28284332,2.306411665,50.52133995,3.250077674
851,42.55,48.68180104,0.532277134,49.4388275,2.467722866,49.46772287,3.467722866,49.53227713,1.467722866,50.46772287,2.467722866,50.37827987,3.37827987,50.53227713,0.532277134,51.31463963,2.334403133,50.46442022,3.267235323
852,42.6,48.64894157,0.498053509,49.48264343,2.513897598,49.5138976,3.501946491,49.4861024,1.513897598,50.5138976,2.513897598,50.40158761,3.401587606,50.4861024,0.498053509,51.34860888,2.363869058,50.40576063,3.286998957
853,42.65,48.61400605,0.498053509,49.52863228,2.562245257,49.56224526,3.501946491,49.43775474,1.562245257,50.56224526,2.562245257,50.42431856,3.424318564,50.43775474,0.498053509,51.38434426,2.392775961,50.34678015,3.310787567
854,42.7,48.57689759,0.498053509,49.57679407,2.612765846,49.61276585,3.501946491,49.38723415,1.612765846,50.61276585,2.612765846,50.44756063,3.44756063,50.38723415,0.498053509,51.42045874,2.420774037,50.2884985,3.339620864
855,42.75,48.53795667,0.498053509,49.62712878,2.665459363,49.66480065,3.501946491,49.33454064,1.665459363,50.66545936,2.665459363,50.47272589,3.472725891,50.33454064,0.498053509,51.45702569,2.448982556,50.23068705,3.373270221
856,42.8,48.49786418,0.498053509,49.67963642,2.720325808,49.71637788,3.501946491,49.27967419,1.720325808,50.72032581,2.720325808,50.50073932,3.493120708,50.27967419,0.498053509,51.49575723,2.47914139,50.17200067,3.410390506
857,42.85,48.45559877,0.498053509,49.73431699,2.777365182,49.76753242,3.501946491,49.22263482,1.777365182,50.77736518,2.777365182,50.53217147,3.494078418,50.22263482,0.498053509,51.53601927,2.510805314,50.11217441,3.450659723
858,42.9,48.41135245,0.498053509,49.79171766,2.837124656,49.81779539,3.501946491,49.16342252,1.836577485,50.83657748,2.836577485,50.56750427,3.498936788,50.16342252,0.498053509,51.57660195,2.544504121,50.05012761,3.492883145
859,42.95,48.36550929,0.498053509,49.85333535,2.901101155,49.86565302,3.501946491,49.10203728,1.897962716,50.89822096,2.89822096,50.60677213,3.500922029,50.10203728,0.498053509,51.61935755,2.579790418,49.98335773,3.503377451
860,43,48.31749319,0.498053509,49.919093,2.969217611,49.91140027,3.501946491,49.03847912,1.961520875,50.96301681,2.963016813,50.64951148,3.500922029,50.03847912,0.498053509,51.66428609,2.616735736,49.91125629,3.503377451
861,43.05,48.26730416,0.498053509,49.99038396,3.042867369,49.95627618,3.501946491,48.97274804,2.027251963,51.03073937,3.030739367,50.6954338,3.500922029,49.97274804,0.498053509,51.71042897,2.655620898,49.83371629,3.503377451
862,43.1,48.21494221,0.498053509,50.06825977,3.123101993,50.00378217,3.501946491,48.90484402,2.09515598,51.10111562,3.101115619,50.74320374,3.500922029,49.90484402,0.498053509,51.755869,2.695836336,49.75484575,3.503377451
863,43.15,48.16121,0.498053509,50.15292438,3.210125399,50.05415009,3.501946491,48.83476708,2.165232925,51.17381979,3.173819787,50.79245314,3.500922029,49.83476708,0.498053509,51.80286701,2.736805592,49.67574083,3.503377451
864,43.2,48.10771288,0.498053509,50.24475784,3.304317666,50.1079433,3.501946491,48.7625172,2.237482799,51.24846769,3.248467692,50.84145628,3.500922029,49.7625172,0.498053509,51.84926073,2.775894596,49.59742154,3.503377451
865,43.25,48.05204283,0.498053509,50.34422346,3.406142091,50.16614336,3.501946491,48.6880944,2.311905601,51.32462378,3.324623782,50.89028338,3.500922029,49.6880944,0.498053509,51.89503024,2.81319452,49.52013809,3.503377451
866,43.3,47.99419985,0.498053509,50.44774525,3.485029536,50.2305396,3.501946491,48.61149867,2.388501331,51.40182301,3.401823005,50.93801809,3.500922029,49.61149867,0.498053509,51.94297269,2.850097589,49.44230756,3.503377451
867,43.35,47.93418394,0.498053509,50.55395667,3.485627163,50.30293941,3.501946491,48.53273001,2.467269991,51.47961172,3.479611717,50.98530155,3.500922029,49.53273001,0.498053509,51.99308806,2.887558749,49.3623041,3.503377451
868,43.4,47.87199511,0.498053509,50.66255169,3.488608378,50.38173683,3.501946491,48.45178842,2.548211579,51.55760777,3.499112116,51.03243936,3.500922029,49.45178842,0.498053509,52.04537636,2.925419273,49.28012772,3.503377451
869,43.45,47.80789454,0.498053509,50.77349693,3.49393982,50.46696789,3.501946491,48.36867391,2.631326095,51.63561111,3.499121252,51.07950356,3.500922029,49.36867391,0.498053509,52.09983759,2.962193334,49.1957784,3.503377451
870,43.5,47.74240464,0.498053509,50.88673391,3.499239143,50.55867237,3.501946491,48.28338646,2.71661354,51.71353271,3.499048651,51.12652091,3.500922029,49.28338646,0.498053509,52.15655638,3.001224957,49.10925616,3.503377451
871,43.55,47.67507617,0.498053509,51.00219522,3.499791194,50.65687684,3.501946491,48.19592609,2.804073913,51.79093651,3.498458244,51.17351858,3.500922029,49.19592609,0.498053509,52.21548911,3.042755235,49.02056099,3.503377451
872,43.6,47.60657784,0.498053509,51.11986085,3.500343245,50.76158464,3.501946491,48.10629278,2.893707215,51.86750956,3.497037095,51.22049501,3.500922029,49.10629278,0.498053509,52.2760078,3.086725598,48.92969289,3.503377451
873,43.65,47.53590658,0.498053509,51.24026455,3.500343245,50.87279783,3.501946491,48.01448655,2.985513445,51.94341176,3.494945089,51.26737322,3.500922029,49.01448655,0.498053509,52.33887661,3.132933026,48.83665186,3.503377451
874,43.7,47.46306239,0.498053509,51.36395549,3.500343245,50.99051583,3.501946491,47.9205074,3.079492604,52.0178456,3.491384727,51.31455099,3.500922029,48.9205074,0.498053509,52.40396394,3.181019824,48.74143791,3.503377451
875,43.75,47.38848105,0.498053509,51.48766268,3.500343245,51.11473748,3.501946491,47.82435531,3.175644692,52.09196943,3.487514355,51.3638947,3.500922029,48.82435531,0.498053509,52.47057671,3.23113952,48.64405102,3.503377451
876,43.8,47.31305115,0.498053509,51.61135024,3.500343245,51.24546049,3.501946491,47.72603029,3.273969708,52.16525358,3.482804304,51.41541491,3.500922029,48.72603029,0.498053509,52.53745682,3.283048991,48.54449121,3.503377451
877,43.85,47.23549937,0.498053509,51.7349935,3.500343245,51.38267963,3.501946491,47.62553235,3.374467653,52.2387178,3.478274323,51.46912383,3.500922029,48.62553235,0.498053509,52.60533092,3.336441373,48.44275847,3.503377451
878,43.9,47.15577466,0.498053509,51.85856275,3.500343245,51.5263555,3.501946491,47.52286147,3.477138526,52.31183485,3.473397169,51.52613493,3.500922029,48.52286147,0.498053509,52.6727949,3.390947763,48.3388528,3.503377451
879,43.95,47.07451403,0.498053509,51.98202233,3.500343245,51.67533577,3.501946491,47.41801767,3.503213668,52.38544177,3.46900988,51.58972164,3.500922029,48.41801767,0.498053509,52.74047928,3.445936417,48.2327742,3.503377451
880,44,46.99311813,0.498053509,52.1058257,3.500343245,51.82696827,3.501946491,47.31100094,3.503213668,52.45815065,3.463724566,51.65984105,3.500922029,48.31100094,0.498053509,52.80699441,3.486905702,48.12452267,3.503377451
881,44.05,46.91007691,0.498053509,52.2310378,3.500343245,51.98279866,3.501946491,47.20181128,3.503213668,52.53080459,3.458384296,51.73648685,3.500922029,48.20181128,0.498053509,52.87091454,3.486316616,48.01409822,3.503377451
882,44.1,46.82530573,0.498053509,52.35675513,3.500343245,52.14268934,3.501946491,47.0904487,3.503213668,52.60309733,3.452682833,51.81955914,3.500922029,48.0904487,0.498053509,52.9313957,3.483452473,47.90150083,3.503377451
883,44.15,46.73836162,0.498053509,52.48351116,3.500343245,52.30638267,3.501946491,46.97691318,3.503213668,52.67639567,3.447986973,51.90886184,3.500922029,47.97691318,0.498053509,52.98897616,3.477958611,47.78673052,3.503377451
884,44.2,46.64949573,0.498053509,52.61068632,3.500343245,52.47461235,3.501946491,46.86120474,3.503213668,52.75016315,3.443760248,52.00468617,3.500922029,47.86120474,0.498053509,53.04115222,3.467512261,47.66978728,3.503377451
885,44.25,46.55930644,0.498053509,52.73880546,3.500343245,52.64874275,3.501946491,46.74332336,3.503213668,52.82604731,3.441650205,52.10703153,3.500922029,47.74332336,0.498053509,53.08900407,3.450460576,47.55067111,3.503377451
886,44.3,46.46723252,0.498053509,52.86665255,3.49997529,52.82810501,3.501946491,46.62326906,3.503213668,52.9060281,3.443636794,52.21535471,3.500922029,47.62326906,0.498053509,53.13278128,3.427301164,47.42938201,3.503377451
887,44.35,46.37298568,0.498053509,52.99222542,3.497333104,53.01088418,3.501946491,46.50104183,3.503213668,52.99314317,3.452757656,52.32748301,3.500922029,47.50104183,0.498053509,53.17292083,3.400548168,47.30591998,3.503377451
888,44.4,46.27659192,0.498053509,53.11317842,3.490118806,53.19271247,3.501946491,46.37664167,3.503213668,53.08671057,3.468330858,52.44178425,3.500922029,47.37664167,0.498053509,53.20983388,3.373095362,47.18028503,3.503377451
889,44.45,46.17810328,0.498053509,53.23113559,3.480051928,53.37079553,3.501946491,46.25006859,3.503213668,53.18601171,3.489637795,52.55879263,3.500922029,47.25006859,0.498053509,53.2500319,3.350847352,47.05247714,3.503377451
890,44.5,46.0774417,0.498053509,53.35042542,3.471317717,53.542976,3.501946491,46.12132257,3.503213668,53.28916593,3.496495209,52.68058296,3.500922029,47.12132257,0.498053509,53.29783425,3.335927596,46.92249633,3.503377451
891,44.55,45.97477165,0.498053509,53.47077729,3.463645538,53.70988496,3.501946491,45.99040363,3.503213668,53.3948595,3.499791112,52.80847305,3.500922029,46.99040363,0.498053509,53.35476504,3.329308078,46.79034259,3.503377451
892,44.6,45.87042199,0.498053509,53.59131088,3.45615508,53.87124961,3.501946491,45.85731176,3.503213668,53.50152698,3.500817369,52.94213155,3.500922029,46.85731176,0.498053509,53.42129373,3.332286467,46.65601592,3.503377451
893,44.65,45.76484455,0.498053509,53.71231135,3.44913151,54.02737038,3.501946491,45.72204695,3.503213668,53.60892438,3.500817369,53.08125728,3.500922029,46.72204695,0.498053509,53.49734748,3.344963207,46.51951632,3.503377451
894,44.7,45.66003152,0.498053509,53.83375904,3.442555147,54.17868319,3.501946491,45.58460922,3.503213668,53.71716006,3.500817369,53.22591097,3.500922029,46.58460922,0.498053509,53.58250486,3.367239689,46.38084379,3.503377451
895,44.75,45.55372332,0.498053509,53.95390314,3.434675211,54.32479201,3.501946491,45.44499857,3.503213668,53.82590357,3.500817369,53.37798036,3.500922029,46.44499857,0.498053509,53.6764315,3.39821407,46.23999834,3.503377451
896,44.8,45.44714502,0.498053509,54.07300311,3.425751132,54.46637571,3.501946491,45.30321498,3.503213668,53.93510936,3.500817369,53.53736045,3.500922029,46.30321498,0.498053509,53.77685723,3.435687543,46.09697995,3.503377451
897,44.85,45.34075495,0.498053509,54.19142752,3.416151491,54.60533642,3.501946491,45.15925846,3.503213668,54.0448648,3.500817369,53.70407181,3.500922029,46.15925846,0.498053509,53.88322232,3.479026127,45.95178864,3.503377451
898,44.9,45.23291338,0.498053509,54.30962132,3.406321249,54.7416547,3.501946491,45.01312902,3.503213668,54.15537621,3.500817369,53.87830828,3.500922029,46.01312902,0.498053509,53.99465818,3.491878706,45.8044244,3.503377451
899,44.95,45.12506322,0.498053509,54.42805453,3.396730412,54.87531069,3.501946491,44.86482665,3.503213668,54.26678613,3.500817369,54.06016119,3.500922029,45.86482665,0.498053509,54.11157645,3.498435682,45.65488723,3.503377451
900,45,45.0151844,0.498053509,54.54809572,3.38874756,55.00628571,3.501946491,44.71435135,3.503213668,54.38022416,3.500817369,54.24948472,3.500922029,45.71435135,0.498053509,54.23616866,3.501768949,45.50317713,3.503377451
901,45.05,44.90391646,0.498053509,54.67269583,3.385323629,55.13456598,3.501946491,44.56170312,3.503213668,54.49864035,3.500817369,54.4463458,3.500922029,45.56170312,0.498053509,54.36468187,3.501768949,45.34929411,3.503377451
902,45.1,44.79152857,0.498053509,54.80006587,3.384669623,55.26014585,3.501946491,44.40688196,3.503213668,54.61977167,3.500817369,54.64889698,3.500922029,45.40742519,0.498053509,54.49885599,3.501768949,45.19323815,3.503377451
903,45.15,44.67642452,0.498053509,54.92974975,3.386329457,55.38302342,3.501946491,44.24988787,3.503213668,54.74085715,3.500817369,54.85512957,3.500922029,45.25314727,0.498053509,54.63985599,3.501768949,45.03500927,3.503377451
904,45.2,44.55697461,0.498053509,55.0651472,3.393702863,55.50320184,3.501946491,44.09072086,3.503213668,54.86626345,3.500817369,55.06612716,3.500922029,45.09886934,0.498053509,54.78448338,3.501768949,44.87460745,3.503377451
905,45.25,44.43317884,0.498053509,55.20642283,3.406954441,55.6201521,3.501946491,43.92938092,3.503213668,54.99963631,3.500817369,55.28077997,3.500922029,44.94459142,0.498053509,54.93307132,3.501768949,44.71203271,3.503377451
906,45.3,44.30503722,0.498053509,55.353336,3.42584357,55.73227304,3.501946491,43.76586804,3.503213668,55.14151685,3.500817369,55.49646628,3.500922029,44.79031349,0.498053509,55.08697567,3.501768949,44.54728504,3.503377451
907,45.35,44.17254974,0.498053509,55.50434524,3.448828764,55.83907394,3.501946491,43.60018224,3.503213668,55.28936082,3.500817369,55.70925781,3.500922029,44.63603556,0.498053509,55.24961551,3.501768949,44.38036445,3.503377451
908,45.4,44.0357164,0.498053509,55.65957418,3.476033654,55.93901216,3.501946491,43.43232351,3.503213668,55.44338329,3.500817369,55.91923956,3.500922029,44.48175764,0.498053509,55.42278276,3.501768949,44.21127092,3.503377451
909,45.45,43.89466859,0.498053509,55.81921458,3.498461725,56.03331273,3.501946491,43.26229186,3.503213668,55.60488431,3.500817369,56.12795854,3.500922029,44.32734833,0.498053509,55.60556596,3.501768949,44.04000447,3.503377451
910,45.5,43.74966908,0.498053509,55.98474398,3.499213941,56.12553132,3.501946491,43.09008727,3.503213668,55.77634324,3.500817369,56.33699884,3.4994753,44.17254486,0.498053509,55.79572338,3.501768949,43.86656508,3.503377451
911,45.55,43.60032372,0.498053509,56.15309602,3.499966157,56.21596904,3.501946491,42.91570976,3.503213668,55.95487675,3.500817369,56.54009809,3.492087513,44.01774139,0.498053509,55.99614133,3.501768949,43.69095277,3.503377451
912,45.6,43.4466325,0.498053509,56.32264423,3.499464352,56.30507779,3.501946491,42.73915931,3.503213668,56.13994664,3.500817369,56.73684352,3.478345903,43.86293792,0.498053509,56.20732411,3.501768949,43.51316753,3.503377451
913,45.65,43.28859542,0.498053509,56.49014261,3.496912719,56.39617039,3.501946491,42.56043594,3.503213668,56.33152259,3.500817369,56.92745783,3.458473173,43.70813445,0.498053509,56.42916475,3.501768949,43.33320936,3.503377451
914,45.7,43.12682396,0.498053509,56.65631196,3.493032063,56.49003696,3.501946491,42.37953964,3.503213668,56.53047035,3.500817369,57.1130876,3.433615906,43.5527195,0.498053509,56.65842156,3.501768949,43.15107826,3.503377451
915,45.75,42.96254106,0.498053509,56.82278704,3.489457126,56.58932543,3.501946491,42.19647041,3.503213668,56.73848081,3.500817369,57.29568855,3.405729818,43.39547014,0.498053509,56.8865735,3.501768949,42.96677424,3.503377451
916,45.8,42.7939123,0.498053509,56.98781451,3.484434582,56.69497776,3.501946491,42.01122825,3.503213668,56.95186705,3.500817369,57.47368996,3.373244198,43.23822078,0.498053509,57.11397994,3.501768949,42.78029728,3.503377451
917,45.85,42.62167506,0.498053509,57.15435994,3.480930008,56.80862707,3.501946491,41.82381317,3.503213668,57.16901315,3.500817369,57.64954999,3.338617189,43.08023404,0.498053509,57.33573894,3.501768949,42.5916474,3.503377451
918,45.9,42.44753825,0.498053509,57.32253492,3.479054971,56.93061668,3.501946491,41.63422515,3.503213668,57.39097345,3.500817369,57.8232534,3.301833563,42.91980102,0.498053509,57.55357037,3.501768949,42.40082459,3.503377451
919,45.95,42.26975794,0.498053509,57.49289504,3.479365083,57.06033586,3.501946491,41.44246421,3.503213668,57.61531171,3.500817369,57.99689529,3.26498842,42.75866564,0.498053509,57.76664618,3.501768949,42.20782885,3.503377451
920,46,42.088129,0.498053509,57.66734911,3.483769134,57.19806052,3.501946491,41.24853034,3.503213668,57.83899918,3.500817369,58.17087847,3.228484561,42.59703303,0.498053509,57.97492358,3.501768949,42.01266018,3.503377451
921,46.05,41.90399891,0.498053509,57.84752399,3.49389401,57.34362716,3.501946491,41.05242354,3.503213668,58.0621217,3.500817369,58.34525596,3.192375016,42.43355572,0.498053509,58.17897559,3.501768949,41.81531858,3.503377451
922,46.1,41.71678892,0.498053509,58.03305745,3.498676682,57.49568261,3.501946491,40.85414381,3.503213668,58.28476512,3.500817369,58.52185685,3.158488867,42.26881244,0.498053509,58.38136683,3.501768949,41.61580406,3.503377451
923,46.15,41.52585343,0.498053509,58.22311521,3.499892431,57.65342976,3.501946491,40.65369115,3.503213668,58.50623239,3.500817369,58.70097387,3.127118848,42.10344882,0.498053509,58.58521178,3.501768949,41.4141166,3.503377451
924,46.2,41.3308237,0.498053509,58.41657374,3.499892431,57.81470425,3.501946491,40.45106557,3.503213668,58.72533845,3.500817369,58.88424926,3.0999072,41.93783356,0.498053509,58.79077105,3.501768949,41.21025622,3.503377451
925,46.25,41.13274625,0.498053509,58.61340463,3.499892431,57.97977645,3.501946491,40.24626706,3.503213668,58.94162486,3.499810851,59.07294943,3.07812033,41.77092019,0.498053509,58.99638436,3.501768949,41.00422291,3.503377451
926,46.3,40.9330211,0.498053509,58.81493345,3.499892431,58.14702158,3.501946491,40.03929561,3.503213668,59.15389919,3.49479225,59.26639576,3.061079626,41.60183389,0.498053509,59.202774,3.501768949,40.79601667,3.503377451
927,46.35,40.73269875,0.498053509,59.02251847,3.499892431,58.31643964,3.501946491,39.83015124,3.503213668,59.36225591,3.485856041,59.46402947,3.048226303,41.43057466,0.498053509,59.40946993,3.501768949,40.5856375,3.503377451
928,46.4,40.53020348,0.498053509,59.23619233,3.499892431,58.48803063,3.501946491,39.61883394,3.503213668,59.56698987,3.473297074,59.6677464,3.041456191,41.2571425,0.498053509,59.61615809,3.501768949,40.3730854,3.503377451
929,46.45,40.32553527,0.498053509,59.45576185,3.499892431,58.66179455,3.501946491,39.40534371,3.503213668,59.7687271,3.457741376,59.8776788,3.040901554,41.08153741,0.498053509,59.8221968,3.501768949,40.15836038,3.503377451
930,46.5,40.11881075,0.498053509,59.68099524,3.499892431,58.8377314,3.501946491,39.18968056,3.503213668,59.96837569,3.440097041,60.09384451,3.046580231,40.90375939,0.498053509,60.02689041,3.501768949,39.94146242,3.503377451
931,46.55,39.91055129,0.498053509,59.91159148,3.499892431,59.01584117,3.501946491,38.97184447,3.503213668,60.16682343,3.421251857,60.31592976,3.058178448,40.72380844,0.498053509,60.22967027,3.501768949,39.72239154,3.503377451
932,46.6,39.70098343,0.498053509,60.14712384,3.499892431,59.19612388,3.501946491,38.75183546,3.503213668,60.3641391,3.401274593,60.54257753,3.074339182,40.54168457,0.498053509,60.4302052,3.501768949,39.50114773,3.503377451
933,46.65,39.48994906,0.498053509,60.38674019,3.499892431,59.37857951,3.501946491,38.52965352,3.503213668,60.56087876,3.380721328,60.77273171,3.094006325,40.35738777,0.498053509,60.62815182,3.501768949,39.27773099,3.503377451
934,46.7,39.27886106,0.498053509,60.62859695,3.499892431,59.56320807,3.501946491,38.30529864,3.503213668,60.76095426,3.363503903,61.00840748,3.119195057,40.17091804,0.498053509,60.82261678,3.501768949,39.05214132,3.503377451
935,46.75,39.06560012,0.498053509,60.87133698,3.499892431,59.75000956,3.501946491,38.07877085,3.503213668,60.96583612,3.351092834,61.24907815,3.149378685,39.98227538,0.498053509,61.01356321,3.501768949,38.82437873,3.503377451
936,46.8,38.85016626,0.498053509,61.11580475,3.499892431,59.93898398,3.501946491,37.85007012,3.503213668,61.17584153,3.343805321,61.4926604,3.182473906,39.79145979,0.498053509,61.20402904,3.501768949,38.5944432,3.503377451
937,46.85,38.63284049,0.498053509,61.36108199,3.499652997,60.13013133,3.501946491,37.61919646,3.503213668,61.39121037,3.341881228,61.73801879,3.217345254,39.59847127,0.498053509,61.39715473,3.501768949,38.36233475,3.503377451
938,46.9,38.41473742,0.498053509,61.60487534,3.497929671,60.3234516,3.501946491,37.38614988,3.503213668,61.61381484,3.347192773,61.98568898,3.25452841,39.40330983,0.498053509,61.59299241,3.501768949,38.12805336,3.503377451
939,46.95,38.19645948,0.498053509,61.84566434,3.493201986,60.5189448,3.501946491,37.15093036,3.503213668,61.84310291,3.359187918,62.23343305,3.291785445,39.20597545,0.498053509,61.79384629,3.501768949,37.89159905,3.503377451
940,47,37.97702986,0.498053509,62.08449944,3.486520413,60.71661094,3.501946491,36.91353792,3.503213668,62.07933259,3.378124667,62.48098359,3.328848945,39.00646815,0.498053509,61.99959262,3.501768949,37.65297181,3.503377451
941,47.05,37.7554273,0.498053509,62.32403317,3.480537458,60.91645,3.501946491,36.67397255,3.503213668,62.32341174,3.40491089,62.72943576,3.366814079,38.80478792,0.498053509,62.20854819,3.501768949,37.41217165,3.503377451
942,47.1,37.5317851,0.498053509,62.56474001,3.475727627,61.11846199,3.501946491,36.43223425,3.503213668,62.57557184,3.439778065,62.97839929,3.405290573,38.60093476,0.498053509,62.4213221,3.501768949,37.16919855,3.503377451
943,47.15,37.30636982,0.498053509,62.80702192,3.472492854,61.3226469,3.501946491,36.18832302,3.503213668,62.83509685,3.482010151,63.22719972,3.443603965,38.39490867,0.498053509,62.63808071,3.501768949,36.92405253,3.503377451
944,47.2,37.07940349,0.498053509,63.04873374,3.468687995,61.52900475,3.501946491,35.94223887,3.503213668,63.09877114,3.494212594,63.47313306,3.479050269,38.18670966,0.498053509,62.8609955,3.501768949,36.67673357,3.503377451
945,47.25,36.85212986,0.498053509,63.29100901,3.465446587,61.73753552,3.501946491,35.69398178,3.503213668,63.36562494,3.498201593,63.7171091,3.504609442,37.97633771,0.498053509,63.09013161,3.501768949,36.42724169,3.503377451
946,47.3,36.62273402,0.498053509,63.53477784,3.463698735,61.94823923,3.501946491,35.44355177,3.503213668,63.63527322,3.499762173,63.95869169,3.504609442,37.76379284,0.498053509,63.32549729,3.501768949,36.17557688,3.503377451
947,47.35,36.39131736,0.498053509,63.78100319,3.46440741,62.16111586,3.501946491,35.19094883,3.503213668,63.90673124,3.499948474,64.19777739,3.504609442,37.54907503,0.498053509,63.56710956,3.501768949,35.92173914,3.503377451
948,47.4,36.15823771,0.498053509,64.03098369,3.468871231,62.37616542,3.501946491,34.93617296,3.503213668,64.17860754,3.499994151,64.43436186,3.504609442,37.3321843,0.498053509,63.81498708,3.501768949,35.66572847,3.503377451
949,47.45,35.92560145,0.498053509,64.28588536,3.47825622,62.59338791,3.501946491,34.67922416,3.503213668,64.44986569,3.499235377,64.66845108,3.504609442,37.11312065,0.498053509,64.06917234,3.501768949,35.40754488,3.503377451
950,47.5,35.69405166,0.498053509,64.54691473,3.493768913,62.81278333,3.501946491,34.42010243,3.503213668,64.72124935,3.498602107,64.90005786,3.504609442,36.89188406,0.498053509,64.32900131,3.501768949,35.14718835,3.503377451
951,47.55,35.4605622,0.498053509,64.81520633,3.499188686,63.03435167,3.501946491,34.15880777,3.503213668,64.99483947,3.499734378,65.12859974,3.504609442,36.66847454,0.498053509,64.59363195,3.501768949,34.8846589,3.503377451
952,47.6,35.22559964,0.498053509,65.08805981,3.499188686,63.25809295,3.501946491,33.89534019,3.503213668,65.26839674,3.499511027,65.35352454,3.504609442,36.4428921,0.498053509,64.86677844,3.501768949,34.61995652,3.503377451
953,47.65,34.98846414,0.498053509,65.36609418,3.499188686,63.48400715,3.501946491,33.62969968,3.503213668,65.54050407,3.497837729,65.57870005,3.504609442,36.21513672,0.498053509,65.1478768,3.501768949,34.35308121,3.503377451
954,47.7,34.74959453,0.498053509,65.64930926,3.499188686,63.71209428,3.501946491,33.36188624,3.503213668,65.80931656,3.492869595,65.80422531,3.504609442,35.98520842,0.498053509,65.43691906,3.501768949,34.08403297,3.503377451
955,47.75,34.50986842,0.498053509,65.93688868,3.499188686,63.94235434,3.501946491,33.09189987,3.503213668,66.07502587,3.484798281,66.0302294,3.504609442,35.75310719,0.498053509,65.73460236,3.501768949,33.8128118,3.503377451
956,47.8,34.26825495,0.498053509,66.22533346,3.497979641,64.17478733,3.501946491,32.81974057,3.503213668,66.33960201,3.475593797,66.25868973,3.504609442,35.51883303,0.498053509,66.03983253,3.501768949,33.53941771,3.503377451
957,47.85,34.02532528,0.498053509,66.50575002,3.491897503,64.40939325,3.501946491,32.54540834,3.503213668,66.60325738,3.465468544,66.48778655,3.504609442,35.28238594,0.498053509,66.35043444,3.501768949,33.26385068,3.503377451
958,47.9,33.78053964,0.498053509,66.78139464,3.481043434,64.64617209,3.501946491,32.26890318,3.503213668,66.86839965,3.456830189,66.72073971,3.504609442,35.04376593,0.498053509,66.66926729,3.501768949,32.98611073,3.503377451
959,47.95,33.53453191,0.498053509,67.05285499,3.466005084,64.88512387,3.501946491,31.9902251,3.503213668,67.13525376,3.449903677,66.95776502,3.504609442,34.80297298,0.498053509,66.99579018,3.501768949,32.70619785,3.503377451
960,48,33.28635125,0.498053509,67.32054835,3.447199747,65.12624857,3.501946491,31.70937409,3.503213668,67.40363103,3.444500325,67.19858823,3.504609442,34.56000711,0.498053509,67.3297739,3.501768949,32.42411204,3.503377451
961,48.05,33.03599767,0.498053509,67.58637622,3.426528927,65.3695462,3.501946491,31.42635015,3.503213668,67.67413626,3.44122493,67.44448333,3.504609442,34.31486831,0.498053509,67.66837804,3.501768949,32.1398533,3.503377451
962,48.1,32.78347115,0.498053509,67.85122628,3.404880289,65.61501676,3.501946491,31.14115328,3.503213668,67.94538743,3.438695473,67.69656768,3.504609442,34.06755658,0.498053509,68.00717928,3.501768949,31.85342163,3.503377451
963,48.15,32.52877171,0.498053509,68.11681586,3.383971178,65.86266025,3.501946491,30.85378348,3.503213668,68.21594408,3.435471494,67.95588071,3.504609442,33.81807192,0.498053509,68.34415379,3.501768949,31.56481704,3.503377451
964,48.2,32.27246658,0.498053509,68.38621334,3.36686997,66.11247666,3.501946491,30.56424075,3.503213668,68.48630193,3.432048726,68.22241658,3.504609442,33.56641433,0.498053509,68.67694618,3.501768949,31.27403951,3.503377451
965,48.25,32.01569027,0.498053509,68.6596115,3.35376943,66.36446601,3.501946491,30.2725251,3.503213668,68.75728689,3.429253064,68.49570204,3.504609442,33.31258382,0.498053509,69.00347695,3.501768949,30.98108906,3.503377451
966,48.3,31.75674102,0.498053509,68.93741657,3.345075807,66.61862828,3.501946491,29.97863651,3.503213668,69.03011491,3.428300458,68.77490491,3.504609442,33.05658037,0.498053509,69.32284587,3.501768949,30.68596568,3.503377451
967,48.35,31.49561885,0.498053509,69.21976714,3.340927687,66.87496349,3.501946491,29.682575,3.503213668,69.30478868,3.429193598,69.06026933,3.504609442,32.798404,0.498053509,69.63550171,3.501768949,30.38866937,3.503377451
968,48.4,31.23238473,0.498053509,69.50520012,3.339861972,67.13347162,3.501946491,29.38434056,3.503213668,69.57993653,3.430560831,69.35018133,3.504609442,32.5380547,0.498053509,69.93999625,3.501768949,30.08920013,3.503377451
969,48.45,30.96766896,0.498053509,69.79550214,3.343665298,67.39415268,3.501946491,29.08393319,3.503213668,69.8578746,3.434718271,69.64700459,3.504609442,32.27553247,0.498053509,70.23880423,3.501768949,29.78755796,3.503377451
970,48.5,49.00054323,0.999456768,49.00054323,2.000543232,49.00054323,3.000543232,49.99945677,1.000543232,50.00054323,2.000543232,50.00054323,3.000543232,50.99945677,0.999456768,51.00054323,2.000543232,50.99945677,3.000391952
971,48.55,49.00217293,0.996740607,49.00325939,2.003259393,49.00325939,3.003259393,49.99674061,1.003259393,50.00325939,2.003259393,50.00325939,3.003259393,50.99674061,0.996740607,51.00325939,2.002922213,50.99674061,3.002303029
972,48.6,49.0016297,0.991851518,49.00814848,2.008148482,49.00814848,3.008148482,49.99185152,1.008148482,50.00814848,2.008148482,50.00814848,3.008148482,50.99185152,0.991851518,51.00814848,2.006462584,50.99185152,3.005787151
973,48.65,48.99891354,0.9847895,49.0152105,2.0152105,49.0152105,3.0152105,49.9847895,1.0152105,50.0152105,2.0152105,50.0152105,3.0152105,50.9847895,0.9847895,51.0149919,2.012175883,50.9847895,3.011085896
974,48.7,48.99446843,0.975554554,49.02444545,2.024445446,49.02444545,3.024445446,49.97555455,1.024445446,50.02444545,2.024445446,50.02444545,3.024445446,50.97555455,0.975554554,51.02335245,2.019778381,50.97555455,3.017482659
975,48.75,48.98918233,0.964146679,49.03585332,2.035853321,49.03585332,3.035853321,49.96414668,1.035853321,50.03585332,2.035853321,50.03585332,3.035853321,50.96414668,0.964146679,51.03388593,2.028145148,50.96414668,3.025848035
976,48.8,48.98220723,0.950565876,49.04939975,2.049434124,49.04943412,3.049434124,49.95056588,1.049434124,50.04943412,2.049434124,50.04943412,3.049434124,50.95056588,0.950565876,51.04589509,2.037012432,50.95056588,3.035450214
977,48.85,48.97470096,0.934812144,49.06501597,2.065187856,49.06518786,3.065187856,49.93481214,1.065187856,50.06518786,2.065187856,50.06518786,3.065187856,50.93481214,0.934812144,51.05798545,2.048052644,50.93481214,3.04615777
978,48.9,48.96559178,0.916885484,49.08280511,2.083114516,49.08311452,3.083114516,49.91688548,1.083114516,50.08311452,2.083114516,50.08311452,3.083114516,50.91688548,0.916885484,51.07218107,2.061265785,50.91688548,3.058744239
979,48.95,48.95481571,0.896785895,49.10276719,2.103214105,49.10321411,3.103214105,49.89678589,1.103214105,50.10321411,2.103214105,50.10321411,3.103214105,50.89678589,0.896785895,51.08819191,2.076624914,50.89678589,3.073503636
980,49,48.94338481,0.874513377,49.12490219,2.125486623,49.12548662,3.125486623,49.87451338,1.125486623,50.12548662,2.125486623,50.12548662,3.125486623,50.87451338,0.874513377,51.1059115,2.094043193,50.87451338,3.090435962
981,49.05,48.93022972,0.850067931,49.14921013,2.149932069,49.14993207,3.149932069,49.85006793,1.149932069,50.14993207,2.149932069,50.14993207,3.149932069,50.85006793,0.850067931,51.12546006,2.113535532,50.85006793,3.109141522
982,49.1,48.91654113,0.823449557,49.17569099,2.176550443,49.17655044,3.176550443,49.82344956,1.176550443,50.17655044,2.176550443,50.17596644,3.175966443,50.82344956,0.823449557,51.14614967,2.134449847,50.82295523,3.128326596
983,49.15,48.90155913,0.794658254,49.20434478,2.205341746,49.20534175,3.205341746,49.79465825,1.205341746,50.20534175,2.205341746,50.20185945,3.201859445,50.79465825,0.794867316,51.16891122,2.155284235,50.7917033,3.147401391
984,49.2,48.88440419,0.763694022,49.2351715,2.236305978,49.23630598,3.236305978,49.76369402,1.236305978,50.23630598,2.236305978,50.22765436,3.227654356,50.76369402,0.764739333,51.19307117,2.178261326,50.75635988,3.165620691
985,49.25,48.86549759,0.730556862,49.26817115,2.269443138,49.26944314,3.269443138,49.73055686,1.269443138,50.26944314,2.269443138,50.25326973,3.253269728,50.73055686,0.732438421,51.21718156,2.203320669,50.71698852,3.183572512
986,49.3,48.84568185,0.695246773,49.30334372,2.304753227,49.30475323,3.304753227,49.69524677,1.304753227,50.30475323,2.304753227,50.27862568,3.278625682,50.69524677,0.697964581,51.24104133,2.230552941,50.67367493,3.201603764
987,49.35,48.82369317,0.657763756,49.34068923,2.342236244,49.34223624,3.342236244,49.65776376,1.342236244,50.34223624,2.342236244,50.30360567,3.303605667,50.65776376,0.661317812,51.26707402,2.259958141,50.62653732,3.220156857
988,49.4,48.79953157,0.618107811,49.38020766,2.381892189,49.38189219,3.381892189,49.61810781,1.381892189,50.38189219,2.381892189,50.32812107,3.328121066,50.61810781,0.622498115,51.29493984,2.29153627,50.57574643,3.239402523
989,49.45,48.77319704,0.576278936,49.42189902,2.423721064,49.42372106,3.423721064,49.57627894,1.423721064,50.42372106,2.423721064,50.35212906,3.352129059,50.57627894,0.581857958,51.32395917,2.325287327,50.52157107,3.259430794
990,49.5,48.74468958,0.532277134,49.46576331,2.467722866,49.46772287,3.467722866,49.53227713,1.467722866,50.46772287,2.467722866,50.37575919,3.375759186,50.53227713,0.540102276,51.35515143,2.360805508,50.46449284,3.28012952
991,49.55,48.71407301,0.498053509,49.51180053,2.513897598,49.5138976,3.501946491,49.4861024,1.513897598,50.5138976,2.513897598,50.39893689,3.398936887,50.4861024,0.507563243,51.38850304,2.397279201,50.4054667,3.302517684
992,49.6,48.68168526,0.498053509,49.56001068,2.562245257,49.56224526,3.501946491,49.43775474,1.562245257,50.56224526,2.562245257,50.42149443,3.421494428,50.43775474,0.507020011,51.42398682,2.435925823,50.34601001,3.328821145
993,49.65,48.64775549,0.498053509,49.61039375,2.612765846,49.61276585,3.501946491,49.38723415,1.612765846,50.61276585,2.612765846,50.44459946,3.444599457,50.38723415,0.50430385,51.46164353,2.476745373,50.28728458,3.360201738
994,49.7,48.61165279,0.498053509,49.66294976,2.665459363,49.66481265,3.501946491,49.33454064,1.665459363,50.66545936,2.665459363,50.46987354,3.469873541,50.33454064,0.501044457,51.50131217,2.519503428,50.22896897,3.396337999
995,49.75,48.57404348,0.498053509,49.71767869,2.720325808,49.71645461,3.501946491,49.27967419,1.720325808,50.72032581,2.720325808,50.49826708,3.498267084,50.27967419,0.500501225,51.54231752,2.563731138,50.16959231,3.435759062
996,49.8,48.53626018,0.498053509,49.77435274,2.777365182,49.76773658,3.501946491,49.22263482,1.777365182,50.77736518,2.777365182,50.53027035,3.506026194,50.22263482,0.499957993,51.58443609,2.609964667,50.10886358,3.478173928
997,49.85,48.49739042,0.498053509,49.83303116,2.837092368,49.81827173,3.501946491,49.16342252,1.836577485,50.83657748,2.836577485,50.56625244,3.506026194,50.16342252,0.499957993,51.62872759,2.657869796,50.04570853,3.48874223
998,49.9,48.45960712,0.498053509,49.89529379,2.900403758,49.86679691,3.501946491,49.10203728,1.897962716,50.89796272,2.897962716,50.6063366,3.506026194,50.10203728,0.499957993,51.67519202,2.707570048,49.97785152,3.485499774
999,49.95,48.41965089,0.498053509,49.96001017,2.966389171,49.91336737,3.501946491,49.03847912,1.961520875,50.96172917,2.961729167,50.64991447,3.506026194,50.03847912,0.499957993,51.72337579,2.758309809,49.90544636,3.478840948
1000,50,48.37752174,0.498053509,50.02914694,3.037455812,49.95897635,3.501946491,48.97274804,2.027251963,51.02844006,3.028440055,50.69660163,3.506026194,49.97274804,0.499957993,51.77204917,2.811222499,49.82919556,3.47156877
1001,50.05,48.33384029,0.498053509,50.10196717,3.112450452,50.00741018,3.501946491,48.90484402,2.09515598,51.09783649,3.097836488,50.74509698,3.506026194,49.90484402,0.499957993,51.82192778,2.866308118,49.75223808,3.465255369
1002,50.1,48.28984785,0.498053509,50.18039572,3.193787047,50.05828552,3.501946491,48.83476708,2.165232925,51.16960808,3.169608077,50.79500584,3.506026194,49.83476708,0.499957993,51.87397931,2.923413976,49.67513301,3.462610091
1003,50.15,48.24368247,0.498053509,50.26459713,3.280896493,50.11265252,3.501946491,48.7625172,2.237482799,51.24338571,3.243385709,50.84454948,3.506026194,49.7625172,0.499957993,51.9281001,2.982234698,49.59920805,3.46325361
1004,50.2,48.19534417,0.498053509,50.35570295,3.374910352,50.17133278,3.501946491,48.6880944,2.311905601,51.31874538,3.318745378,50.89375508,3.506026194,49.6880944,0.499957993,51.98408279,3.043228348,49.52455667,3.467128949
1005,50.25,48.14483293,0.498053509,50.45119066,3.473306109,50.23590074,3.501946491,48.61149867,2.388501331,51.39522626,3.395226258,50.94166966,3.506026194,49.61149867,0.499957993,52.0420066,3.106163119,49.44945805,3.473560267
1006,50.3,48.09214877,0.498053509,50.54972187,3.499085512,50.30834151,3.501946491,48.53273001,2.467269991,51.47270794,3.472707938,50.98900478,3.506026194,49.53273001,0.499957993,52.10119873,3.170118537,49.3721865,3.482164513
1007,50.35,48.03729168,0.498053509,50.65048781,3.499644969,50.38729344,3.501946491,48.45178842,2.548211579,51.5516883,3.492625679,51.03616584,3.506026194,49.45178842,0.499957993,52.16169389,3.234633979,49.29274203,3.492941687
1008,50.4,47.98038139,0.498053509,50.75348036,3.499644969,50.47276183,3.501946491,48.36867391,2.631326095,51.63164257,3.493829786,51.08322017,3.506026194,49.36867391,0.499957993,52.2233347,3.300295071,49.21112462,3.50224684
1009,50.45,47.92165737,0.498053509,50.85870471,3.499644969,50.56474855,3.501946491,48.28338646,2.71661354,51.71278861,3.496225669,51.13016778,3.506026194,49.28338646,0.499957993,52.28588369,3.366864349,49.12733428,3.50224684
1010,50.5,47.86076042,0.498053509,50.96616961,3.499644969,50.66325544,3.501946491,48.19592609,2.804073913,51.79536488,3.498791804,51.1770064,3.506026194,49.19592609,0.499957993,52.34908044,3.434081378,49.04137102,3.50224684
1011,50.55,47.79769053,0.498053509,51.07589048,3.499644969,50.76828457,3.501946491,48.10629278,2.893707215,51.87963174,3.499268591,51.2237209,3.506026194,49.10629278,0.499957993,52.41264219,3.484741622,48.95323483,3.50224684
1012,50.6,47.73244772,0.498053509,51.18789964,3.499644969,50.87983845,3.501946491,48.01448655,2.985513445,51.96544548,3.499861896,51.26971812,3.506026194,49.01448655,0.499957993,52.47591155,3.484759031,48.86292571,3.50224684
1013,50.65,47.66503199,0.498053509,51.30232194,3.499644969,50.99792052,3.501946491,47.9205074,3.079492604,52.05267727,3.499978415,51.31407715,3.506026194,48.9205074,0.499957993,52.53800678,3.484847117,48.77044366,3.50224684
1014,50.7,47.59544332,0.498053509,51.41882007,3.499727674,51.12253623,3.501946491,47.82435531,3.175644692,52.14363859,3.499978415,51.35945106,3.506026194,48.82435531,0.499957993,52.60017691,3.485010113,48.67578868,3.50224684
1015,50.75,47.52458187,0.498053509,51.53559853,3.499975788,51.25369616,3.501946491,47.72603029,3.273969708,52.23669512,3.499978415,51.40679922,3.506026194,48.72603029,0.499957993,52.66242654,3.485252604,48.57896077,3.50224684
1016,50.8,47.45424794,0.498053509,51.65249463,3.499996773,51.39142597,3.501946491,47.62553235,3.374467653,52.33184254,3.499978415,51.45613633,3.506026194,48.62553235,0.499957993,52.72476095,3.485579876,48.47995994,3.50224684
1017,50.85,47.3826448,0.498053509,51.7694699,3.500017758,51.53501639,3.501946491,47.52286147,3.477138526,52.42899684,3.499978415,51.50847583,3.506026194,48.52286147,0.499957993,52.78710791,3.485998154,48.37878618,3.50224684
1018,50.9,47.31157988,0.498053509,51.88650765,3.500017758,51.68188379,3.501946491,47.41801767,3.503213668,52.52757791,3.499978415,51.5671462,3.506026194,48.41801767,0.499957993,52.84890104,3.486514937,48.27543948,3.50224684
1019,50.95,47.23834204,0.498053509,52.00359966,3.500017758,51.83098838,3.501946491,47.31100094,3.503213668,52.62697968,3.499978415,51.63224283,3.506026194,48.31100094,0.499957993,52.90955107,3.487136769,48.16991986,3.50224684
1020,51,47.16293127,0.498053509,52.12074181,3.500017758,51.98229192,3.501946491,47.20181128,3.503213668,52.72720944,3.49925878,51.70379066,3.506026194,48.20181128,0.499957993,52.96961708,3.487676865,48.06222731,3.50224684
1021,51.05,47.08534757,0.498053509,52.23793194,3.500017758,52.13631955,3.501946491,47.0904487,3.503213668,52.82525683,3.496356777,51.78180204,3.506026194,48.0904487,0.499957993,53.02769731,3.487762806,47.95236184,3.50224684
1022,51.1,47.00559094,0.498053509,52.35516573,3.500017758,52.29468028,3.501946491,46.97691318,3.503213668,52.9232202,3.493370756,51.8662845,3.506026194,47.97691318,0.499957993,53.08588369,3.487954892,47.84032343,3.50224684
1023,51.15,46.92366138,0.498053509,52.47291955,3.500017758,52.45734966,3.501946491,46.86120474,3.503213668,53.02109479,3.490295961,51.95724317,3.506026194,47.86120474,0.499957993,53.14303837,3.487163933,47.7261121,3.50224684
1024,51.2,46.83980167,0.498053509,52.59262887,3.500017758,52.62475711,3.501946491,46.74332336,3.503213668,53.11878127,3.487033049,52.05468171,3.506026194,47.74332336,0.499957993,53.19579374,3.482182143,47.60972783,3.50224684
1025,51.25,46.75449737,0.498053509,52.71432562,3.500017758,52.79800366,3.501946491,46.62326906,3.503213668,53.21631349,3.483615878,52.15860293,3.506026194,47.62326906,0.499957993,53.24486683,3.47370561,47.49117064,3.50224684
1026,51.3,46.66769535,0.498053509,52.83822574,3.500017758,52.97495974,3.501946491,46.50104183,3.503213668,53.31360204,3.479955043,52.26846864,3.506026194,47.50104183,0.499957993,53.29190797,3.464283602,47.37044052,3.50224684
1027,51.35,46.58074603,0.498053509,52.96532717,3.500017758,53.15256685,3.501946491,46.37664167,3.503213668,53.40926396,3.474667564,52.38265936,3.506026194,47.37664167,0.499957993,53.33664422,3.455816096,47.24753747,3.50224684
1028,51.4,46.49254315,0.498053509,53.09866132,3.500017758,53.33365512,3.501946491,46.25006859,3.503213668,53.50072852,3.465182739,52.50117558,3.506026194,47.25006859,0.499957993,53.38320269,3.449170799,47.1224615,3.50224684
1029,51.45,46.40492546,0.498053509,53.23754476,3.500017758,53.51658647,3.501946491,46.12132257,3.503213668,53.5894741,3.452978927,52.62401784,3.506026194,47.12132257,0.499957993,53.43355823,3.446795183,46.99521259,3.50224684
1030,51.5,46.31513484,0.498053509,53.3806613,3.500017758,53.69746086,3.501946491,45.99040363,3.503213668,53.67894187,3.441497309,52.75118667,3.506026194,46.99040363,0.499957993,53.48848462,3.450408208,46.86579076,3.50224684
1031,51.55,46.2231713,0.498053509,53.52897892,3.500017758,53.87280735,3.501946491,45.85731176,3.503213668,53.76984652,3.431452561,52.88264053,3.506026194,46.85731176,0.499957993,53.54990558,3.460515799,46.73419599,3.50224684
1032,51.6,46.1290842,0.498053509,53.681948,3.500017758,54.04273862,3.501946491,45.72204695,3.503213668,53.86249881,3.423155469,53.01825765,3.506026194,46.72199762,0.499957993,53.61847981,3.477776666,46.6004283,3.50224684
1033,51.65,46.03267722,0.498053509,53.83813687,3.500017758,54.20830019,3.501946491,45.58460922,3.503213668,53.95836179,3.418069054,53.15729038,3.506026194,46.58465771,0.499957993,53.69309099,3.494664503,46.46448768,3.50224684
1034,51.7,45.93290289,0.498053509,53.99864301,3.500017758,54.37122244,3.501946491,45.44499857,3.503213668,54.06025534,3.419013212,53.29824864,3.506026194,46.44633951,0.499957993,53.77156963,3.496189864,46.32637413,3.50224684
1035,51.75,45.82948343,0.498053509,54.15989229,3.499905899,54.52931034,3.501946491,45.30321498,3.503213668,54.16744364,3.42525212,53.44350162,3.506026194,46.30732081,0.499957993,53.85559943,3.500765947,46.18608766,3.50224684
1036,51.8,45.72219432,0.498053509,54.3205868,3.499239263,54.68317971,3.501946491,45.15925846,3.503213668,54.2805838,3.437442893,53.59305917,3.506026194,46.16782614,0.499957993,53.94355206,3.500765947,46.04362825,3.50224684
1037,51.85,45.61220287,0.498053509,54.48044536,3.497736688,54.83452888,3.501946491,45.01312902,3.503213668,54.39956812,3.455477822,53.7469265,3.506026194,46.02668819,0.499957993,54.03552976,3.500765947,45.89899592,3.50224684
1038,51.9,45.49863591,0.498053509,54.63977752,3.495707708,54.98341811,3.501946491,44.86482665,3.503213668,54.52404727,3.47900758,53.90550398,3.506026194,45.88478017,0.499957993,54.13156222,3.500765947,45.75219065,3.50224684
1039,51.95,45.38145675,0.498053509,54.79850612,3.493677377,55.13051784,3.501946491,44.71435135,3.503213668,54.65256757,3.499713653,54.07015307,3.506026194,45.74213876,0.499957993,54.23097237,3.500765947,45.60321246,3.50224684
1040,52,45.26059305,0.498053509,54.95599623,3.492215194,55.27710743,3.501946491,44.56170312,3.503213668,54.7821167,3.499713653,54.24065709,3.506026194,45.59883629,0.499957993,54.33243861,3.500765947,45.45206134,3.50224684
1041,52.05,45.13572591,0.498053509,55.11601517,3.493281837,55.42143298,3.501946491,44.40688196,3.503213668,54.91600251,3.499713653,54.4149089,3.506026194,45.45519167,0.499957993,54.43688002,3.500765947,45.29873729,3.50224684
1042,52.1,45.0073676,0.498053509,55.27834415,3.496658513,55.56350457,3.501946491,44.24988787,3.503213668,55.05343035,3.499713653,54.59232262,3.506026194,45.3106926,0.499957993,54.54673502,3.500765947,45.14324032,3.50224684
1043,52.15,44.87524607,0.498053509,55.4429355,3.500474235,55.70335099,3.501946491,44.09072086,3.503213668,55.19407286,3.499713653,54.7727718,3.506026194,45.1656111,0.499957993,54.66218312,3.500765947,44.98557041,3.50224684
1044,52.2,44.73918294,0.498053509,55.60972761,3.500474235,55.8409987,3.501946491,43.92938092,3.503213668,55.33775567,3.499713653,54.95611331,3.506026194,45.02012552,0.499957993,54.78338464,3.500765947,44.82572758,3.50224684
1045,52.25,44.59876236,0.498053509,55.77850014,3.500474235,55.97665082,3.501946491,43.76586804,3.503213668,55.48344984,3.499713653,55.14155235,3.506026194,44.87465165,0.499957993,54.91114704,3.500765947,44.66371182,3.50224684
1046,52.3,44.45412425,0.498053509,55.94884476,3.500474235,56.11071435,3.501946491,43.60018224,3.503213668,55.63074292,3.499713653,55.32911671,3.506026194,44.72904951,0.499957993,55.04546151,3.500765947,44.49952313,3.50224684
1047,52.35,44.30554877,0.498053509,56.12138951,3.500474235,56.24255703,3.501946491,43.43232351,3.503213668,55.78038344,3.499713653,55.51946317,3.506026194,44.58303887,0.499957993,55.18619716,3.500765947,44.33316151,3.50224684
1048,52.4,44.15261565,0.498053509,56.29561858,3.500474235,56.37211319,3.501946491,43.26229186,3.503213668,55.93361704,3.499713653,55.71543462,3.506026194,44.43703994,0.499957993,55.3321096,3.500765947,44.16462696,3.50224684
1049,52.45,43.99532506,0.498053509,56.46888573,3.499470822,56.50030774,3.501946491,43.09008727,3.503213668,56.09283413,3.499713653,55.91995443,3.506026194,44.29105246,0.499957993,55.48077139,3.500765947,43.99391948,3.50224684
1050,52.5,43.83378104,0.498053509,56.63800039,3.494427864,56.62982756,3.501946491,42.91570976,3.503213668,56.25706961,3.499713653,56.1336676,3.506026194,44.14497237,0.499957993,55.63252432,3.500765947,43.82103908,3.50224684
1051,52.55,43.66819142,0.498053509,56.80303919,3.485309048,56.75908686,3.501946491,42.73915931,3.503213668,56.42537954,3.499713653,56.3550746,3.506026194,43.99859178,0.499957993,55.7873192,3.500765947,43.64598574,3.50224684
1052,52.6,43.49855846,0.498053509,56.96418628,3.472298523,56.88796197,3.501946491,42.56043594,3.503213668,56.59803468,3.499713653,56.58294977,3.506026194,43.85190841,0.499957993,55.94577075,3.500765947,43.46875948,3.50224684
1053,52.65,43.32550844,0.498053509,57.12170177,3.455656392,57.0163112,3.501946491,42.37953964,3.503213668,56.77499157,3.499713653,56.8180183,3.506026194,43.70429597,0.499957993,56.10531381,3.500765947,43.28936029,3.50224684
1054,52.7,43.1481033,0.498053509,57.27593291,3.435729909,57.1439831,3.501946491,42.19647041,3.503213668,56.95622712,3.499713653,57.06106306,3.506026194,43.55669251,0.499957993,56.26521799,3.500765947,43.10778817,3.50224684
1055,52.75,42.9663436,0.498053509,57.42735648,3.412995866,57.27082744,3.501946491,42.01122825,3.503213668,57.14292529,3.499713653,57.31033603,3.506026194,43.40909748,0.499957993,56.4272951,3.500765947,42.92404312,3.50224684
1056,52.8,42.7802299,0.498053509,57.57669092,3.388172688,57.39678561,3.501946491,41.82381317,3.503213668,57.33833975,3.499713653,57.56131047,3.506026194,43.2615103,0.499957993,56.59154514,3.500765947,42.73812515,3.50224684
1057,52.85,42.58976277,0.498053509,57.72516893,3.362493072,57.52296437,3.501946491,41.63422515,3.503213668,57.54176605,3.499713653,57.80963531,3.506026194,43.11393044,0.499957993,56.75695261,3.500765947,42.55003424,3.50224684
1058,52.9,42.39548626,0.498053509,57.87476706,3.337933588,57.65222243,3.501946491,41.44246421,3.503213668,57.75290822,3.499713653,58.05381808,3.506026194,42.96581384,0.499957993,56.92127802,3.500765947,42.35977041,3.50224684
1059,52.95,42.19848791,0.498053509,58.027533,3.31654191,57.78545742,3.501946491,41.24853034,3.503213668,57.97040246,3.499713653,58.29289387,3.506026194,42.81607299,0.499957993,57.0871508,3.500765947,42.16733365,3.50224684
1060,53,41.99856557,0.498053509,58.18468198,3.299533266,57.92585792,3.501946491,41.05242354,3.503213668,58.18985286,3.499713653,58.52665655,3.506026194,42.66579338,0.499957993,57.25519651,3.500765947,41.97272396,3.50224684
1061,53.05,41.79912009,0.498053509,58.34706981,3.287763481,58.07347341,3.501946491,40.85414381,3.503213668,58.41046645,3.499864396,58.75510616,3.506026194,42.51334084,0.499957993,57.42541515,3.500765947,41.77594134,3.50224684
1062,53.1,41.59750168,0.498053509,58.51542968,3.281965729,58.22832019,3.501946491,40.65369115,3.503213668,58.63153595,3.500015139,58.97828151,3.506026194,42.35871538,0.499957993,57.59780672,3.500765947,41.57698579,3.50224684
1063,53.15,41.39371034,0.498053509,58.69032218,3.282700614,58.39044004,3.501946491,40.45106557,3.503213668,58.85252201,3.499920702,59.19622585,3.506026194,42.20191699,0.499957993,57.77237121,3.500765947,41.37585732,3.50224684
1064,53.2,41.18791714,0.498053509,58.87209093,3.290311746,58.55935898,3.501946491,40.24626706,3.503213668,59.07307095,3.499389148,59.40952596,3.506026194,42.04294566,0.499957993,57.94965279,3.500765947,41.17255591,3.50224684
1065,53.25,40.98046422,0.498053509,59.06088348,3.304946677,58.7329989,3.501946491,40.03929561,3.503213668,59.29297302,3.498210731,59.61985771,3.506026194,41.88180142,0.499957993,58.13128389,3.500765947,40.96708158,3.50224684
1066,53.3,40.77140536,0.498053509,59.25669227,3.326597847,58.90986865,3.501946491,39.83015124,3.503213668,59.51212245,3.496279661,59.82725695,3.506026194,41.71848424,0.499957993,58.31726456,3.500765947,40.75943432,3.50224684
1067,53.35,40.56187455,0.498053509,59.45938208,3.355130037,59.09014425,3.501946491,39.61883394,3.503213668,59.73049535,3.493572065,60.03176138,3.506026194,41.55299413,0.499957993,58.50759484,3.500765947,40.54961413,3.50224684
1068,53.4,40.35077284,0.498053509,59.66870197,3.390292305,59.27402745,3.501946491,39.40534371,3.503213668,59.94815193,3.49014815,60.23341482,3.506026194,41.3853311,0.499957993,58.70227476,3.500765947,40.33762101,3.50224684
1069,53.45,40.13930429,0.498053509,59.88427461,3.431707326,59.4619996,3.501946491,39.18968056,3.503213668,60.16527031,3.486186037,60.43227455,3.506026194,41.21549513,0.499957993,58.90103785,3.500765947,40.12345496,3.50224684
1070,53.5,39.92674927,0.498053509,60.10554541,3.478820508,59.65480795,3.501946491,38.97184447,3.503213668,60.38222423,3.482059459,60.62842388,3.506026194,41.04348624,0.499957993,59.10335108,3.500765947,39.90711599,3.50224684
1071,53.55,39.71528072,0.498053509,60.33175699,3.492646289,59.851819,3.501946491,38.75183546,3.503213668,60.59953804,3.478292775,60.82193839,3.506026194,40.86930442,0.499957993,59.31001411,3.500765947,39.68860408,3.50224684
1072,53.6,39.50163924,0.498053509,60.5622653,3.498026064,60.05306959,3.501946491,38.52965352,3.503213668,60.81753979,3.475214034,61.01276549,3.506026194,40.69294967,0.499957993,59.52102698,3.500765947,39.46791925,3.50224684
1073,53.65,39.28597975,0.498053509,60.79690886,3.50015668,60.25863462,3.501946491,38.30529864,3.503213668,61.03651164,3.473105389,61.20078744,3.506026194,40.51442199,0.499957993,59.73632299,3.500765947,39.24506149,3.50224684
1074,53.7,39.06861213,0.498053509,61.03549728,3.50015668,60.46864723,3.501946491,38.07877085,3.503213668,61.25674893,3.472262188,61.38583357,3.506026194,40.33372138,0.499957993,59.95576868,3.500765947,39.0200308,3.50224684
1075,53.75,38.84929453,0.498053509,61.27792373,3.50015668,60.68235865,3.501946491,37.85007012,3.503213668,61.47851741,3.47295017,61.56800396,3.506026194,40.15084785,0.499957993,60.17956435,3.500765947,38.79282718,3.50224684
1076,53.8,38.62881242,0.498053509,61.52459886,3.50015668,60.89910925,3.501946491,37.61919646,3.503213668,61.70135765,3.47470991,61.74866081,3.506026194,39.96580139,0.499957993,60.40674384,3.500765947,38.56345063,3.50224684
1077,53.85,38.40717603,0.498053509,61.77695416,3.50015668,61.12131943,3.501946491,37.38614988,3.503213668,61.92341435,3.475686119,61.92988602,3.506026194,39.77858199,0.499957993,60.63489075,3.500765947,38.33190116,3.50224684
1078,53.9,38.18336672,0.498053509,62.03448433,3.50015668,61.34761025,3.501946491,37.15093036,3.503213668,62.14457116,3.47576243,62.11262478,3.506026194,39.58918967,0.499957993,60.86593577,3.500765947,38.09817876,3.50224684
1079,53.95,37.95770818,0.498053509,62.2945726,3.499455657,61.57874535,3.501946491,36.91353792,3.503213668,62.36669915,3.476809927,62.29833442,3.506026194,39.39762442,0.499957993,61.10075682,3.500765947,37.86228342,3.50224684
1080,54,37.73123156,0.498053509,62.55189442,3.495988187,61.81587408,3.501946491,36.67397255,3.503213668,62.59008891,3.479119191,62.48782259,3.506026194,39.20388625,0.499957993,61.33820568,3.500765947,37.62421516,3.50224684
1081,54.05,37.50373324,0.498053509,62.80664203,3.489946507,62.05739496,3.501946491,36.43223425,3.503213668,62.81428542,3.482235206,62.68120106,3.506026194,39.00797514,0.499957993,61.57988763,3.500765947,37.38397397,3.50224684
1082,54.1,37.274062,0.498053509,63.05912165,3.481636843,62.30380472,3.501946491,36.18832302,3.503213668,63.03893542,3.485804714,62.87851734,3.506026194,38.80989111,0.499957993,61.82531394,3.500765947,37.14155986,3.50224684
1083,54.15,37.04221786,0.498053509,63.30960002,3.471325921,62.55545478,3.501946491,35.94223887,3.503213668,63.26374829,3.489537092,63.07978927,3.506026194,38.60963414,0.499957993,62.07414486,3.500765947,36.89697281,3.50224684
1084,54.2,36.80820079,0.498053509,63.55823087,3.459256132,62.81218182,3.501946491,35.69398178,3.503213668,63.48838534,3.493093644,63.2849273,3.506026194,38.40720425,0.499957993,62.32655849,3.500765947,36.65021283,3.50224684
1085,54.25,36.5720108,0.498053509,63.80506238,3.445652939,63.07435218,3.501946491,35.44355177,3.503213668,63.71245168,3.496079495,63.49373825,3.506026194,38.20260143,0.499957993,62.58219951,3.500765947,36.40127993,3.50224684
1086,54.3,36.33364788,0.498053509,64.05057033,3.43072619,63.34286736,3.501946491,35.19094883,3.503213668,63.93602008,3.498567399,63.70645477,3.506026194,37.99582568,0.499957993,62.84018151,3.500765947,36.1501741,3.50224684
1087,54.35,36.09311203,0.498053509,64.29494823,3.414669391,63.61806493,3.501946491,34.93617296,3.503213668,64.15892746,3.500081864,63.92303267,3.506026194,37.786877,0.499957993,63.10018275,3.500765947,35.89689534,3.50224684
1088,54.4,35.85040325,0.498053509,64.53837538,3.397661841,63.89889256,3.501946491,34.67922416,3.503213668,64.38104026,3.49986451,64.14340971,3.506026194,37.5757554,0.499957993,63.36327324,3.500765947,35.64144365,3.50224684
1089,54.45,35.60552154,0.498053509,64.78101332,3.379865082,64.1841122,3.501946491,34.42010243,3.503213668,64.60226711,3.498761213,64.36749346,3.506026194,37.36246086,0.499957993,63.6307134,3.500765947,35.38381903,3.50224684
1090,54.5,35.3584669,0.498053509,65.02300499,3.36142206,64.47377455,3.501946491,34.15880777,3.503213668,64.82255026,3.496714202,64.59500103,3.506026194,37.1469934,0.499957993,63.90195899,3.500765947,35.12402148,3.50224684
1091,54.55,35.10923934,0.498053509,65.26407114,3.342053504,64.76785341,3.501946491,33.89534019,3.503213668,65.04186905,3.493702838,64.82658974,3.506026194,36.92935301,0.499957993,64.1753775,3.500765947,34.86205101,3.50224684
1092,54.6,34.85783884,0.498053509,65.5031375,3.320685166,65.06587858,3.501946491,33.62969968,3.503213668,65.26027303,3.489776664,65.06591463,3.506026194,36.70953969,0.499957993,64.45096894,3.500765947,34.59790761,3.50224684
1093,54.65,34.60426542,0.498053509,65.7404874,3.297600376,65.36727747,3.501946491,33.36188624,3.503213668,65.47881421,3.485987699,65.31291397,3.506026194,36.48755344,0.499957993,64.72873331,3.500765947,34.33159127,3.50224684
1094,54.7,34.34851907,0.498053509,65.97647484,3.273153113,65.67033298,3.501946491,33.09189987,3.503213668,65.70046978,3.485313112,65.56745546,3.506026194,36.26339426,0.499957993,65.00888093,3.500765947,34.06310201,3.50224684
1095,54.75,34.09148302,0.498053509,66.21155164,3.247795218,65.97158909,3.501946491,32.81974057,3.503213668,65.92565116,3.48816434,65.82904111,3.506026194,36.03706216,0.499957993,65.29218066,3.500765947,33.79243983,3.50224684
1096,54.8,33.83512495,0.498053509,66.44629688,3.222105753,66.27099579,3.501946491,32.54540834,3.503213668,66.15407498,3.494258,66.09627518,3.506026194,35.80855712,0.499957993,65.57924545,3.500765947,33.51960471,3.50224684
1097,54.85,33.57736351,0.498053509,66.68141261,3.196786789,66.56824519,3.501946491,32.26890318,3.503213668,66.38493775,3.500545129,66.36841175,3.506026194,35.57787916,0.499957993,65.87121647,3.500765947,33.24459666,3.50224684
1098,54.9,33.31792678,0.498053509,66.91769732,3.1726368,66.86294348,3.501946491,31.9902251,3.503213668,66.61636613,3.500545129,66.6452701,3.506026194,35.34502827,0.499957993,66.16972334,3.500765947,32.96741569,3.50224684
1099,54.95,33.05684107,0.498053509,67.15598217,3.150486945,67.15465512,3.501946491,31.70937409,3.503213668,66.84825342,3.500545129,66.9265769,3.506026194,35.11000445,0.499957993,66.47476651,3.500765947,32.68806179,3.50224684
1100,55,32.79515424,0.498053509,67.39705671,3.131126792,67.44294809,3.501946491,31.42635015,3.503213668,67.08140525,3.500545129,67.21256439,3.506026194,34.8728077,0.499957993,66.78555794,3.500765947,32.40653495,3.50224684
1101,55.05,32.53129448,0.498053509,67.64164015,3.115275529,67.72746538,3.501946491,31.14115328,3.503213668,67.31866804,3.500545129,67.50301037,3.506026194,34.63343803,0.499957993,67.10052105,3.500765947,32.12283519,3.50224684
1102,55.1,32.26526179,0.498053509,67.89035447,3.103555156,68.00793598,3.501946491,30.85378348,3.503213668,67.56103617,3.500545129,67.79262284,3.506026194,34.39189542,0.499957993,67.42202215,3.500765947,31.8369625,3.50224684
1103,55.15,31.99705618,0.498053509,68.14371464,3.096480623,68.28416892,3.501946491,30.56424075,3.503213668,67.80838789,3.500545129,68.08154722,3.506026194,34.14817989,0.499957993,67.75045314,3.500765947,31.54891689,3.50224684
1104,55.2,31.72667763,0.498053509,68.40201583,3.094347116,68.55549636,3.501946491,30.2725251,3.503213668,68.06121808,3.500545129,68.37015687,3.506026194,33.90229142,0.499957993,68.0872083,3.500765947,31.25869834,3.50224684
1105,55.25,31.45412616,0.498053509,68.66527259,3.097169181,68.82021974,3.501946491,29.97863651,3.503213668,68.3187029,3.500545129,68.65746782,3.506026194,33.65423003,0.499957993,68.43288413,3.500765947,30.96630687,3.50224684
1106,55.3,31.17940176,0.498053509,68.93435287,3.105814753,69.07914468,3.501946491,29.682575,3.503213668,68.5816924,3.500545129,68.9441721,3.506026194,33.40399571,0.499957993,68.78531008,3.500765947,30.67174247,3.50224684
1107,55.35,30.90270726,0.498053509,69.21071304,3.12174023,69.33395328,3.501946491,29.38434056,3.503213668,68.85297266,3.500545129,69.23181712,3.506026194,33.15158847,0.499957993,69.13929222,3.500765947,30.37500513,3.50224684
1108,55.4,30.62444831,0.498053509,69.49298468,3.143577169,69.58233522,3.501946491,29.08393319,3.503213668,69.13343649,3.500545129,69.51792819,3.506026194,32.89700829,0.499957993,69.49695326,3.500765947,30.07609487,3.50224684
1109,55.45,30.34441957,0.498053509,69.7813806,3.171538387,69.8248706,3.501946491,28.78135289,3.503213668,69.42284333,3.500545129,69.80286489,3.506026194,32.64025518,0.499957993,69.85758942,3.500765947,29.77501169,3.50224684
1110,55.5,30.06342729,0.498053509,70.07609339,3.205816479,70.06270873,3.501946491,28.47659967,3.503213668,69.72055847,3.500545129,70.08745865,3.506026194,32.38132915,0.499957993,70.22008797,3.500765947,29.47175557,3.50224684
1111,55.55,48.99945677,0.999456768,49.00054323,2.000543232,49.00054323,3.000543232,49.99945677,1.000543232,50.00054323,2.000543232,50.00054323,3.000543232,50.99945677,0.999456768,51.00054323,2.000543232,50.99945677,3.000543232
1112,55.6,48.99674061,0.996740607,49.00325939,2.003259393,49.00325939,3.003259393,49.99674061,1.003259393,50.00325939,2.003259393,50.00325939,3.003259393,50.99674061,0.996740607,51.00325939,2.003218594,50.99674061,3.002555355
1113,55.65,48.99200581,0.991851518,49.00814848,2.008148482,49.00814848,3.008148482,49.99185152,1.008148482,50.00814848,2.008148482,50.00814848,3.008148482,50.99185152,0.991851518,51.00781279,2.007944487,50.99185152,3.004628295
1114,55.7,48.98556098,0.9847895,49.0152105,2.0152105,49.0152105,3.0152105,49.9847895,1.0152105,50.0152105,2.0152105,50.0152105,3.0152105,50.9847895,0.9847895,51.01277738,2.014843309,50.9847895,3.008874164
1115,55.75,48.97734497,0.975554554,49.02444545,2.024445446,49.02444545,3.024445446,49.97555455,1.024445446,50.02444545,2.024445446,50.02444545,3.024445446,50.97555455,0.975554554,51.01765087,2.023915059,50.97555455,3.015292961
1116,55.8,48.96816127,0.964146679,49.03585332,2.035853321,49.03585332,3.035853321,49.96414668,1.035853321,50.03585332,2.035853321,50.03585332,3.035853321,50.96414668,0.964146679,51.02469728,2.035159738,50.96414668,3.023741989
1117,55.85,48.95680463,0.950565876,49.04943412,2.049434124,49.04943412,3.049434124,49.95056588,1.049434124,50.04943412,2.049434124,50.04943412,3.049434124,50.95056588,0.950565876,51.03391662,2.048577345,50.95056588,3.033935852
1118,55.9,48.94327507,0.934812144,49.06518786,2.065187856,49.06518786,3.065187856,49.93481214,1.065187856,50.06518786,2.065187856,50.06518786,3.065187856,50.93481214,0.934812144,51.0448777,2.064167881,50.93481214,3.046302644
1119,55.95,48.92757258,0.916885484,49.08311452,2.083114516,49.08311452,3.083114516,49.91688548,1.083114516,50.08311452,2.083114516,50.08311452,3.083114516,50.91688548,0.916885484,51.05649856,2.081931345,50.91688548,3.060842365
1120,56,48.90969716,0.896785895,49.10321411,2.103214105,49.10321411,3.103214105,49.89678589,1.103214105,50.10321411,2.103214105,50.10321411,3.103214105,50.89678589,0.896785895,51.06963358,2.101867738,50.89678589,3.077555015
1121,56.05,48.89073528,0.874513377,49.12548662,2.125486623,49.12548662,3.125486623,49.87451338,1.125486623,50.12548662,2.125486623,50.12548662,3.125486623,50.87451338,0.874513377,51.08435744,2.12397706,50.87451338,3.096440592
1122,56.1,48.87285986,0.850067931,49.14993207,2.149932069,49.14993207,3.149932069,49.85006793,1.149932069,50.14993207,2.149932069,50.14993207,3.149932069,50.85006793,0.850067931,51.09950197,2.14825931,50.85006793,3.117123271
1123,56.15,48.85281152,0.823449557,49.17655044,2.176550443,49.17655044,3.176550443,49.82344956,1.176550443,50.17655044,2.176550443,50.17597611,3.175976106,50.82344956,0.823449557,51.11681944,2.174714488,50.82294732,3.138291234
1124,56.2,48.83059024,0.794658254,49.20534175,2.205341746,49.20534175,3.205341746,49.79465825,1.205341746,50.20534175,2.205341746,50.20188529,3.201885285,50.79465825,0.794658254,51.13624369,2.203342595,50.79165327,3.159457848
1125,56.25,48.80619604,0.763694022,49.23630598,2.236305978,49.23630598,3.236305978,49.76369402,1.236305978,50.23630598,2.236305978,50.22769863,3.227698633,50.76369402,0.763694022,51.15683894,2.234143631,50.75622156,3.180013703
1126,56.3,48.77962891,0.730556862,49.26944314,2.269443138,49.26944314,3.269443138,49.73055686,1.269443138,50.26944314,2.269443138,50.25353865,3.253538649,50.73055686,0.730556862,51.17717869,2.267117595,50.71670012,3.198368834
1127,56.35,48.75088885,0.695246773,49.30475323,2.304753227,49.30475323,3.304753227,49.69524677,1.304753227,50.30475323,2.304753227,50.27912445,3.279124449,50.69524677,0.695246773,51.19855113,2.302264488,50.67316198,3.217053123
1128,56.4,48.71997586,0.657763756,49.34223624,2.342236244,49.34223624,3.342236244,49.65776376,1.342236244,50.34223624,2.342236244,50.30439306,3.304393064,50.65776376,0.657763756,51.21883712,2.339584309,50.62570989,3.236157767
1129,56.45,48.68688994,0.618107811,49.38189219,2.381892189,49.38189219,3.381892189,49.61810781,1.381892189,50.38189219,2.381892189,50.32928901,3.329289008,50.61810781,0.618107811,51.24129603,2.379077059,50.57449362,3.25571675
1130,56.5,48.65163109,0.576278936,49.42372106,2.423721064,49.42372106,3.423721064,49.57627894,1.423721064,50.42372106,2.423721064,50.35374169,3.353741694,50.57627894,0.576278936,51.26592787,2.420742737,50.51975592,3.275822095
1131,56.55,48.61419932,0.532277134,49.46772287,2.467722866,49.46772287,3.467722866,49.53227713,1.467722866,50.46772287,2.467722866,50.37753143,3.377531426,50.53227713,0.532277134,51.29234726,2.464581344,50.46195279,3.297207874
1132,56.6,48.57459462,0.498053509,49.5138976,2.513897598,49.5138976,3.501946491,49.4861024,1.513897598,50.5138976,2.513897598,50.40083864,3.400838637,50.4861024,0.498053509,51.31932548,2.510592879,50.40206642,3.320426648
1133,56.65,48.53281698,0.498053509,49.56224526,2.562245257,49.56224526,3.501946491,49.43775474,1.562245257,50.56224526,2.562245257,50.42488322,3.424883222,50.43775474,0.498053509,51.34710274,2.558777343,50.34176914,3.345968101
1134,56.7,48.48909266,0.498053509,49.61276585,2.612765846,49.61276585,3.501946491,49.38723415,1.612765846,50.61276585,2.612765846,50.45085634,3.450856336,50.38723415,0.498053509,51.37656497,2.609134735,50.28227624,3.375389362
1135,56.75,48.44396025,0.498053509,49.66545936,2.665459363,49.66492201,3.501946491,49.33454064,1.665459363,50.66545936,2.665459363,50.4801543,3.480154301,50.33454064,0.498053509,51.40597166,2.661665056,50.22313556,3.408087287
1136,56.8,48.39691337,0.498053509,49.72032581,2.720325808,49.71711333,3.501946491,49.27967419,1.720325808,50.72032581,2.720325808,50.51359206,3.504425237,50.27967419,0.498053509,51.43504231,2.716368305,50.16283969,3.44181707
1137,56.85,48.34769356,0.498053509,49.77736518,2.777365182,49.76933611,3.501946491,49.22263482,1.777365182,50.77788236,2.77788236,50.55130692,3.504425237,50.22263482,0.498053509,51.4651247,2.772728835,50.10112018,3.476323518
1138,56.9,48.29668562,0.498053509,49.83709078,2.837090782,49.82094415,3.501946491,49.16342252,1.836577485,50.83967648,2.839676478,50.59321753,3.504425237,50.16342252,0.498053509,51.49532361,2.829205892,50.03693224,3.502901264
1139,56.95,48.24465911,0.498053509,49.90082941,2.900829409,49.87040535,3.501946491,49.10203728,1.897962716,50.90596518,2.905965177,50.63912237,3.504425237,50.10203728,0.498053509,51.525669,2.885829425,49.9679468,3.502901264
1140,57,48.19045967,0.498053509,49.96852543,2.968525431,49.91793335,3.501946491,49.03847912,1.961520875,50.97717817,2.977178172,50.68842838,3.504425237,50.03847912,0.498053509,51.5559047,2.942652085,49.89381707,3.502901264
1141,57.05,48.13417104,0.498053509,50.04213606,3.042136055,49.96477213,3.501946491,48.97274804,2.027251963,51.05239636,3.052396359,50.74085759,3.504425237,49.97274804,0.498053509,51.58549558,2.999756411,49.81450258,3.502901264
1142,57.1,48.07596067,0.498053509,50.12229724,3.122297238,50.01441767,3.501946491,48.90484402,2.09515598,51.13214141,3.132141411,50.79512218,3.504425237,49.90484402,0.498053509,51.61544583,3.057033119,49.73424338,3.502901264
1143,57.15,48.01557738,0.498053509,50.2089905,3.208990498,50.06722057,3.501946491,48.83476708,2.165232925,51.2157315,3.215731504,50.85092595,3.504425237,49.83476708,0.498053509,51.64568816,3.114198498,49.65407546,3.502901264
1144,57.2,47.95302116,0.498053509,50.30244063,3.302440634,50.12379084,3.501946491,48.7625172,2.237482799,51.30198733,3.301987331,50.90663856,3.504425237,49.7625172,0.498053509,51.67608399,3.172193244,49.57450985,3.502901264
1145,57.25,47.88829201,0.498053509,50.40298998,3.402989982,50.18505941,3.501946491,48.6880944,2.311905601,51.39014949,3.390149491,50.96297341,3.504425237,49.6880944,0.498053509,51.70704069,3.231358476,49.49494039,3.502901264
1146,57.3,47.82138993,0.498053509,50.50739776,3.480774611,50.25154669,3.501946491,48.61149867,2.388501331,51.47977457,3.479774575,51.02070514,3.504425237,49.61149867,0.498053509,51.73934272,3.291888376,49.41482531,3.502901264
1147,57.35,47.75231492,0.498053509,50.61449915,3.481383408,50.32222162,3.501946491,48.53273001,2.467269991,51.56979558,3.50227736,51.0804178,3.504425237,49.53273001,0.498053509,51.77248839,3.353319939,49.33253729,3.502901264
1148,57.4,47.68106698,0.498053509,50.72402927,3.484420944,50.39711062,3.501946491,48.45178842,2.548211579,51.65973145,3.50227736,51.14240596,3.504425237,49.45178842,0.498053509,51.80595598,3.415264284,49.24807635,3.502901264
1149,57.45,47.60764612,0.498053509,50.83595719,3.489856272,50.47624874,3.501946491,48.36867391,2.631326095,51.74889566,3.50227736,51.20640139,3.504425237,49.36867391,0.498053509,51.83837518,3.477375963,49.16144247,3.502901264
1150,57.5,47.53240007,0.498053509,50.95023041,3.497636904,50.56022246,3.501946491,48.28338646,2.71661354,51.83717382,3.50227736,51.27026156,3.504425237,49.28338646,0.498053509,51.86847107,3.49220812,49.07263567,3.502901264
1151,57.55,47.45602432,0.498053509,51.06677747,3.500011858,50.65070426,3.501946491,48.19592609,2.804073913,51.92601713,3.50227736,51.33600289,3.504425237,49.19592609,0.498053509,51.89846904,3.490096292,48.98165594,3.502901264
1152,57.6,47.37747564,0.498053509,51.18554523,3.500011858,50.747704,3.501946491,48.10629278,2.893707215,52.01237855,3.50227736,51.40367247,3.504425237,49.10629278,0.498053509,51.93097628,3.490074253,48.88850328,3.502901264
1153,57.65,47.29714427,0.498053509,51.30707881,3.500011858,50.85122252,3.501946491,48.01448655,2.985513445,52.09631844,3.50227736,51.47338914,3.504425237,49.01448655,0.498053509,51.96541671,3.49170852,48.79317769,3.502901264
1154,57.7,47.21581067,0.498053509,51.43241038,3.500011858,50.96126065,3.501946491,47.9205074,3.079492604,52.17854546,3.50227736,51.54453109,3.504425237,48.9205074,0.498053509,51.99949557,3.492968816,48.69567918,3.502901264
1155,57.75,47.13230414,0.498053509,51.56079769,3.500011858,51.07766885,3.501946491,47.82435531,3.175644692,52.2600046,3.50227736,51.61596478,3.504425237,48.82435531,0.498053509,52.03211262,3.49273005,48.59600773,3.502901264
1156,57.8,47.04662468,0.498053509,51.69443568,3.500011858,51.2001473,3.501946491,47.72603029,3.273969708,52.33758838,3.50227736,51.69055037,3.504425237,48.72603029,0.498053509,52.06526967,3.492779675,48.49416336,3.502901264
1157,57.85,46.95877229,0.498053509,51.8296082,3.499494211,51.32914808,3.501946491,47.62553235,3.374467653,52.41215567,3.50227736,51.77002246,3.504425237,48.62553235,0.498053509,52.09724943,3.491983633,48.39014606,3.502901264
1158,57.9,46.86874697,0.498053509,51.96354364,3.497739488,51.46466955,3.501946491,47.52286147,3.477138526,52.4858068,3.50227736,51.85230361,3.504425237,48.52286147,0.498053509,52.12541645,3.49087753,48.28395583,3.502901264
1159,57.95,46.77654873,0.498053509,52.098605,3.497110683,51.60684779,3.501946491,47.41801767,3.503213668,52.55618962,3.50227736,51.93978804,3.504425237,48.41801767,0.498053509,52.1506772,3.487325119,48.17559267,3.502901264
1160,58,46.68217755,0.498053509,52.23350546,3.496320973,51.75648988,3.501946491,47.31100094,3.503213668,52.62341753,3.50227736,52.03243916,3.504425237,48.31100094,0.498053509,52.17438973,3.481370231,48.06505658,3.502901264
1161,58.05,46.58563345,0.498053509,52.36577517,3.49290052,51.91474793,3.501946491,47.20181128,3.503213668,52.68619612,3.50227736,52.1312321,3.504425237,48.20181128,0.498053509,52.20129537,3.478324576,47.95234757,3.502901264
1162,58.1,46.48691642,0.498053509,52.49590771,3.487342892,52.08208701,3.501946491,47.0904487,3.503213668,52.74393118,3.50227736,52.23539691,3.504425237,48.0904487,0.498053509,52.23295521,3.479582934,47.83746562,3.502901264
1163,58.15,46.38673481,0.498053509,52.62476479,3.480509803,52.25926201,3.501946491,46.97691318,3.503213668,52.79557138,3.50227736,52.34327147,3.504425237,47.97691318,0.498053509,52.27290493,3.489657649,47.72041075,3.502901264
1164,58.2,46.28691965,0.498053509,52.75439659,3.474451439,52.44320471,3.501946491,46.86120474,3.503213668,52.84270152,3.50227736,52.45598911,3.504425237,47.86120474,0.498053509,52.32213377,3.503605206,47.60118295,3.502901264
1165,58.25,46.18640851,0.498053509,52.88392683,3.468291515,52.63083092,3.501946491,46.74332336,3.503213668,52.88429475,3.50227736,52.57598838,3.504425237,47.74332336,0.498053509,52.38104874,3.503605206,47.47978222,3.502901264
1166,58.3,46.08442598,0.498053509,53.01202112,3.46069563,52.82071834,3.501946491,46.62326906,3.503213668,52.92153857,3.50227736,52.70246595,3.504425237,47.62326906,0.498053509,52.4504089,3.503605206,47.35620856,3.502901264
1167,58.35,45.98027053,0.498053509,53.13631294,3.449297291,53.01324544,3.501946491,46.50104183,3.503213668,52.9576338,3.50227736,52.83589653,3.504425237,47.50104183,0.498053509,52.52968299,3.503605206,47.23046197,3.502901264
1168,58.4,45.87394214,0.498053509,53.25617037,3.433464549,53.20667936,3.501946491,46.37664167,3.503213668,52.99568469,3.50227736,52.97579751,3.504425237,47.37664167,0.498053509,52.61922653,3.503605206,47.10254246,3.502901264
1169,58.45,45.76549258,0.498053509,53.37334747,3.414951482,53.39765935,3.501946491,46.25006859,3.503213668,53.03654569,3.50227736,53.12162649,3.504425237,47.25006859,0.498053509,52.71720515,3.503605206,46.97245002,3.502901264
1170,58.5,45.65511334,0.498053509,53.48949791,3.395411761,53.58406749,3.501946491,46.12132257,3.503213668,53.0801996,3.50227736,53.26862428,3.504425237,47.12132257,0.498053509,52.82169819,3.503605206,46.84018464,3.502901264
1171,58.55,45.54282513,0.498053509,53.60657458,3.376798257,53.76592171,3.501946491,45.99040363,3.503213668,53.12985236,3.50227736,53.4167849,3.504425237,46.99040363,0.498053509,52.9327037,3.503605206,46.70574634,3.502901264
1172,58.6,45.42836399,0.498053509,53.72596449,3.360497998,53.94317851,3.501946491,45.85731176,3.503213668,53.18586349,3.50227736,53.56679391,3.504425237,46.85731176,0.498053509,53.04927366,3.503605206,46.56913511,3.502901264
1173,58.65,45.31218491,0.498053509,53.84820499,3.34704834,54.11737948,3.501946491,45.72204695,3.503213668,53.24937186,3.50227736,53.72113642,3.504425237,46.72204695,0.498053509,53.16862659,3.503605206,46.43035095,3.502901264
1174,58.7,45.19546593,0.498053509,53.97361714,3.336770322,54.2885367,3.501946491,45.58460922,3.503213668,53.31910742,3.50227736,53.8786114,3.504425237,46.58460922,0.498053509,53.2916348,3.503605206,46.28939387,3.502901264
1175,58.75,45.07803793,0.498053509,54.10290124,3.330364249,54.45668068,3.501946491,45.44499857,3.503213668,53.39159305,3.50227736,54.03658525,3.504425237,46.44499857,0.498053509,53.42057145,3.503605206,46.14626385,3.502901264
1176,58.8,44.96041631,0.498053509,54.23755782,3.329330662,54.62184487,3.501946491,45.30321498,3.503213668,53.46635414,3.50227736,54.19419795,3.504425237,46.30321498,0.498053509,53.55430544,3.503605206,46.00096091,3.502901264
1177,58.85,44.84062176,0.498053509,54.37783363,3.333916311,54.78406434,3.501946491,45.15925846,3.503213668,53.54465984,3.50227736,54.35229696,3.504425237,46.15925846,0.498053509,53.68791625,3.503605206,45.85348504,3.502901264
1178,58.9,44.71892023,0.498053509,54.52388979,3.344282302,54.9433774,3.501946491,45.01312902,3.503213668,53.62839031,3.50227736,54.51399521,3.504425237,46.01312902,0.498053509,53.82091212,3.503605206,45.70383624,3.502901264
1179,58.95,44.59584359,0.498053509,54.67580155,3.360503896,55.09982879,3.501946491,44.86482665,3.503213668,53.71487579,3.50227736,54.67920657,3.504425237,45.86482665,0.498053509,53.95227529,3.503605206,45.55201451,3.502901264
1180,59,44.47059402,0.498053509,54.83357163,3.38258381,55.25347435,3.501946491,44.71435135,3.503213668,53.80572524,3.50227736,54.84791772,3.504425237,45.71435135,0.498053509,54.08362252,3.503605206,45.39801985,3.502901264
1181,59.05,44.34317152,0.498053509,54.99710208,3.410424089,55.40438843,3.501946491,44.56170312,3.503213668,53.90093486,3.50227736,55.0202225,3.504425237,45.56170312,0.498053509,54.21495669,3.503605206,45.24185226,3.502901264
1182,59.1,44.2135761,0.498053509,55.1661307,3.44376255,55.55267638,3.501946491,44.40688196,3.503213668,54.00050241,3.50227736,55.19640839,3.504425237,45.40688196,0.498053509,54.34627959,3.503605206,45.08351175,3.502901264
1183,59.15,44.08258025,0.498053509,55.34007414,3.482015823,55.6984963,3.501946491,44.24988787,3.503213668,54.10442573,3.50227736,55.37717635,3.504425237,45.24988787,0.498053509,54.47759245,3.503605206,44.92299831,3.502901264
1184,59.2,43.951729,0.498053509,55.51784884,3.49306238,55.84202797,3.501946491,44.09072086,3.503213668,54.21270247,3.50227736,55.56356104,3.504425237,45.09072086,0.498053509,54.60889611,3.503605206,44.76031193,3.502901264
1185,59.25,43.81909241,0.498053509,55.69841577,3.496555172,55.98333116,3.501946491,43.92938092,3.503213668,54.32533394,3.50227736,55.75591601,3.504425237,44.92938092,0.498053509,54.74019118,3.503605206,44.59545263,3.502901264
1186,59.3,43.68591544,0.498053509,55.88169168,3.500728473,56.12243329,3.501946491,43.76586804,3.503213668,54.44231961,3.50227736,55.95434574,3.504425237,44.76586804,0.498053509,54.87147808,3.503605206,44.4284204,3.502901264
1187,59.35,43.55197494,0.498053509,56.06753548,3.500728473,56.259365,3.501946491,43.60018224,3.503213668,54.5625726,3.50227736,56.15884968,3.504425237,44.60018224,0.498053509,55.00167065,3.503605206,44.25921525,3.502901264
1188,59.4,43.41601229,0.498053509,56.25657289,3.500728473,56.39412371,3.501946491,43.43232351,3.503213668,54.68391983,3.50227736,56.36799143,3.504425237,44.43232351,0.498053509,55.12859617,3.503605206,44.08783716,3.502901264
1189,59.45,43.27832905,0.498053509,56.4510482,3.500728473,56.52665665,3.501946491,43.26229186,3.503213668,54.80961928,3.50227736,56.57858147,3.504425237,44.26229186,0.498053509,55.25551415,3.503605206,43.91428615,3.502901264
1190,59.5,43.13847288,0.498053509,56.65143989,3.500728473,56.65805197,3.501946491,43.09008727,3.503213668,54.93966713,3.50227736,56.78982839,3.504425237,44.09008727,0.498053509,55.38242457,3.503605206,43.7385622,3.502901264
1191,59.55,42.99728213,0.498053509,56.85434785,3.500728473,56.79301037,3.501946491,42.91570976,3.503213668,55.07390864,3.50227736,56.99852605,3.504425237,43.91570976,0.498053509,55.50917172,3.503605206,43.56066533,3.502901264
1192,59.6,42.85643352,0.498053509,57.05965269,3.500728473,56.93453944,3.501946491,42.73915931,3.503213668,55.21203677,3.50227736,57.20481565,3.504425237,43.73915931,0.498053509,55.6354441,3.503605206,43.38059553,3.502901264
1193,59.65,42.71341198,0.498053509,57.26732861,3.500728473,57.08261092,3.501946491,42.56043594,3.503213668,55.35451868,3.50227736,57.40871878,3.504425237,43.56043594,0.498053509,55.7617084,3.503605206,43.1983528,3.502901264
1194,59.7,42.56821752,0.498053509,57.47737801,3.500728473,57.23721718,3.501946491,42.37953964,3.503213668,55.50044466,3.50227736,57.61022413,3.504425237,43.37953964,0.498053509,55.88705558,3.503605206,43.01393715,3.502901264
1195,59.75,42.42085013,0.498053509,57.68983324,3.500728473,57.39835488,3.501946491,42.19647041,3.503213668,55.64731994,3.50227736,57.80927446,3.504425237,43.19647041,0.498053509,56.00899345,3.503605206,42.82734856,3.502901264
1196,59.8,42.2713098,0.498053509,57.90480876,3.500728473,57.56602227,3.501946491,42.01122825,3.503213668,55.79652508,3.50227736,58.00564731,3.504425237,43.01122825,0.498053509,56.12889825,3.503605206,42.63858705,3.502901264
1197,59.85,42.11959655,0.498053509,58.12156735,3.500728473,57.74021841,3.501946491,41.82381317,3.503213668,55.95008639,3.50227736,58.20013973,3.504425237,42.82381317,0.498053509,56.24879211,3.503605206,42.4476526,3.502901264
1198,59.9,41.96571037,0.498053509,58.33710033,3.500728473,57.92094281,3.501946491,41.63422515,3.503213668,56.10800525,3.50227736,58.39639342,3.504425237,42.63422515,0.498053509,56.36867335,3.503605206,42.25454523,3.502901264
1199,59.95,41.80965126,0.498053509,58.55072507,3.500728473,58.10819522,3.501946491,41.44246421,3.503213668,56.27028376,3.50227736,58.59460785,3.504425237,42.44246421,0.498053509,56.48853931,3.503605206,42.05926493,3.502901264
1200,60,41.65160011,0.498053509,58.76234568,3.500728473,58.30197549,3.501946491,41.24853034,3.503213668,56.43692539,3.50227736,58.79483907,3.504425237,42.24889269,0.498053509,56.60838523,3.503605206,41.8618117,3.502901264
1201,60.05,41.49137544,0.498053509,58.97192609,3.500728473,58.50228355,3.501946491,41.05242354,3.503213668,56.60793704,3.50227736,58.99711155,3.504425237,42.05477853,0.498053509,56.72820005,3.503605206,41.66218555,3.502901264
1202,60.1,41.32772018,0.498053509,59.17944933,3.500728473,58.70911942,3.501946491,40.85414381,3.503213668,56.7833407,3.50227736,59.20143689,3.504425237,41.85974909,0.498053509,56.84785321,3.503605206,41.46038646,3.502901264
1203,60.15,41.16282095,0.498053509,59.38490772,3.500728473,58.92248319,3.501946491,40.65369115,3.503213668,56.96209318,3.50227736,59.40781929,3.504425237,41.66161777,0.498053509,56.96820082,3.503605206,41.25641445,3.502901264
1204,60.2,40.99464403,0.498053509,59.58829978,3.500728473,59.14237505,3.501946491,40.45106557,3.503213668,57.14194145,3.50227736,59.61625716,3.504425237,41.46241829,0.498053509,57.09183684,3.503605206,41.05026951,3.502901264
1205,60.25,40.82212125,0.498053509,59.78962975,3.500728473,59.36879531,3.501946491,40.24626706,3.503213668,57.32485323,3.50227736,59.8267426,3.504425237,41.2632188,0.498053509,57.21676244,3.503605206,40.84195164,3.502901264
1206,60.3,40.64559902,0.498053509,59.98890911,3.500728473,59.60174439,3.501946491,40.03875214,3.503213668,57.50779597,3.50227736,60.03925829,3.504425237,41.06367291,0.498053509,57.34600603,3.503605206,40.63200431,3.502901264
1207,60.35,40.46579054,0.498053509,60.18616218,3.500728473,59.84122285,3.501946491,39.82689039,3.503213668,57.69078515,3.50227736,60.25376734,3.504425237,40.86306741,0.498053509,57.4795474,3.503605206,40.42151448,3.502901264
1208,60.4,40.28169729,0.498053509,60.38144625,3.500728473,60.08723149,3.501946491,39.61122529,3.503213668,57.8737756,3.50227736,60.47016439,3.504425237,40.66240082,0.498053509,57.61742462,3.503605206,40.20885173,3.502901264
1209,60.45,40.09339908,0.498053509,60.57504292,3.500728473,60.33977139,3.501946491,39.39338726,3.503213668,58.05677432,3.50227736,60.68707765,3.504425237,40.46159334,0.498053509,57.75963908,3.503605206,39.99401604,3.502901264
1210,60.5,39.90133119,0.498053509,60.76847992,3.500728473,60.59884411,3.501946491,39.17337631,3.503213668,58.23977824,3.50227736,60.90105891,3.504425237,40.26020968,0.498053509,57.90619175,3.503605206,39.77700743,3.502901264
1211,60.55,39.70537801,0.498053509,60.96448367,3.500728473,60.86445238,3.501946491,38.95119242,3.503213668,58.42286211,3.50227736,61.11257852,3.504425237,40.05836545,0.498053509,58.05701065,3.503605206,39.55782589,3.502901264
1212,60.6,39.50519636,0.498053509,61.162873,3.500728473,61.1366022,3.501946491,38.72683561,3.503213668,58.60617067,3.50227736,61.32171059,3.504425237,39.85640384,0.498053509,58.21195095,3.503605206,39.33647142,3.502901264
1213,60.65,39.30102098,0.498053509,61.3636011,3.500728473,61.41531455,3.501946491,38.50030587,3.503213668,58.7896407,3.50227736,61.52836854,3.504425237,39.65409009,0.498053509,58.37107518,3.503605206,39.11294402,3.502901264
1214,60.7,39.09253985,0.498053509,61.56666119,3.500728473,61.69949618,3.501946491,38.2716032,3.503213668,58.97358233,3.50227736,61.73345297,3.504425237,39.45173625,0.498053509,58.53407184,3.503605206,38.88724369,3.502901264
1215,60.75,38.87983318,0.498053509,61.77316469,3.500728473,61.98469306,3.501946491,38.0407276,3.503213668,59.15752884,3.50227736,61.94051957,3.504425237,39.24926208,0.498053509,58.70140886,3.503605206,38.65937044,3.502901264
1216,60.8,38.66314994,0.498053509,61.9863794,3.500728473,62.26772867,3.501946491,37.80767907,3.503213668,59.34147806,3.50227736,62.14960041,3.504425237,39.04641864,0.498053509,58.87308643,3.503605206,38.42932425,3.502901264
1217,60.85,38.4432287,0.498053509,62.20626588,3.500728473,62.54860107,3.501946491,37.57245762,3.503213668,59.52543086,3.50227736,62.36069209,3.504425237,38.84246732,0.498053509,59.04910467,3.503605206,38.19710514,3.502901264
1218,60.9,38.21907231,0.498053509,62.43283835,3.500728473,62.82730797,3.501946491,37.33506323,3.503213668,59.70938879,3.50227736,62.57376499,3.504425237,38.6384053,0.498053509,59.22946367,3.503605206,37.9627131,3.502901264
1219,60.95,37.99107526,0.498053509,62.66615055,3.500728473,63.10384782,3.501946491,37.09549592,3.503213668,59.89443826,3.50227736,62.78871547,3.504425237,38.43383809,0.498053509,59.413077,3.503605206,37.72614813,3.502901264
1220,61,37.75925158,0.498053509,62.9064347,3.500728473,63.37821948,3.501946491,36.85375568,3.503213668,60.08290454,3.50227736,63.0063367,3.504425237,38.22875165,0.498053509,59.59761938,3.503605206,37.48741023,3.502901264
1221,61.05,37.52416852,0.498053509,63.15292454,3.500728473,63.65042206,3.501946491,36.60984251,3.503213668,60.2718321,3.50227736,63.22971287,3.504425237,38.02257874,0.498053509,59.78604547,3.503605206,37.2464994,3.502901264
1222,61.1,37.28799899,0.498053509,63.4019176,3.500728473,63.92045492,3.501946491,36.36375641,3.503213668,60.46076198,3.50227736,63.45938573,3.504425237,37.81314643,0.498053509,59.97881244,3.503605206,37.00341565,3.502901264
1223,61.15,37.04754764,0.498053509,63.65325251,3.500728473,64.18831758,3.501946491,36.11549738,3.503213668,60.64981082,3.50227736,63.69543469,3.504425237,37.60365009,0.498053509,60.17580628,3.503605206,36.75815896,3.502901264
1224,61.2,36.80294256,0.498053509,63.90688231,3.500728473,64.45400974,3.501946491,35.86506542,3.503213668,60.83920663,3.50227736,63.93789081,3.504425237,37.39396162,0.498053509,60.37679898,3.503605206,36.51072935,3.502901264
1225,61.25,36.55468681,0.498053509,64.16278555,3.500728473,64.71753118,3.501946491,35.61246054,3.503213668,61.02860755,3.50227736,64.18676966,3.504425237,37.18372992,0.498053509,60.58213237,3.503605206,36.26112681,3.502901264
1226,61.3,36.304714,0.498053509,64.42095094,3.500728473,64.97888174,3.501946491,35.35768273,3.503213668,61.21818813,3.50227736,64.44207954,3.504425237,36.97132529,0.498053509,60.79163133,3.503605206,36.00935134,3.502901264
1227,61.35,36.05269308,0.498053509,64.68137268,3.500728473,65.23806133,3.501946491,35.10073199,3.503213668,61.40829745,3.50227736,64.70382434,3.504425237,36.75674774,0.498053509,61.00494569,3.503605206,35.75540294,3.502901264
1228,61.4,35.79887367,0.498053509,64.94404861,3.500728473,65.4950699,3.501946491,34.84160832,3.503213668,61.59841237,3.50227736,64.97200464,3.504425237,36.53999726,0.498053509,61.22260016,3.503605206,35.49928162,3.502901264
1229,61.45,35.54377645,0.498053509,65.20897967,3.500728473,65.74990743,3.501946491,34.58031172,3.503213668,61.78868102,3.50227736,65.24661786,3.504425237,36.32107384,0.498053509,61.44444661,3.503605206,35.24098736,3.502901264
1230,61.5,35.28919165,0.498053509,65.47617019,3.500728473,66.00257395,3.501946491,34.31684219,3.503213668,61.97939943,3.50227736,65.52765755,3.504425237,36.0999775,0.498053509,61.67018892,3.503605206,34.98052018,3.502901264
1231,61.55,35.03266707,0.498053509,65.74562905,3.500728473,66.25306954,3.501946491,34.05119974,3.503213668,62.17012197,3.50227736,65.81511137,3.504425237,35.87670823,0.498053509,61.90027009,3.503605206,34.71788006,3.502901264
1232,61.6,34.77484242,0.498053509,66.01737302,3.500728473,66.50139433,3.501946491,33.78338435,3.503213668,62.3608441,3.50227736,66.10895549,3.504425237,35.65126603,0.498053509,62.13468939,3.503605206,34.45306702,3.502901264
1233,61.65,34.51536487,0.498053509,66.29143682,3.500728473,66.74754852,3.501946491,33.51339604,3.503213668,62.55157441,3.50227736,66.40913403,3.504425237,35.42365091,0.498053509,62.37344582,3.503605206,34.18608105,3.502901264
1234,61.7,34.25371441,0.498053509,66.5679263,3.500728473,66.99153243,3.501946491,33.2412348,3.503213668,62.74300755,3.50227736,66.71528275,3.504425237,35.19386285,0.498053509,62.61584447,3.503605206,33.91692216,3.502901264
1235,61.75,33.99097747,0.498053509,66.84817944,3.500728473,67.23334654,3.501946491,32.96690063,3.503213668,62.93653215,3.50227736,67.02572843,3.504425237,34.96190187,0.498053509,62.86049629,3.503605206,33.64559033,3.502901264
1236,61.8,33.72940451,0.498053509,67.13554379,3.500728473,67.47299153,3.501946491,32.69039353,3.503213668,63.13006824,3.50227736,67.33804299,3.504425237,34.72776795,0.498053509,63.10947808,3.503605206,33.37208557,3.502901264
1237,61.85,33.46589117,0.498053509,67.42963641,3.500728473,67.71046815,3.501946491,32.4117135,3.503213668,63.32361593,3.50227736,67.65235537,3.504425237,34.49146111,0.498053509,63.36278254,3.503605206,33.09640789,3.502901264
1238,61.9,33.20020489,0.498053509,67.73039319,3.500728473,67.94577664,3.501946491,32.13086055,3.503213668,63.51719483,3.50227736,67.96869777,3.504425237,34.25298134,0.498053509,63.62037984,3.503605206,32.81855728,3.502901264
1239,61.95,32.93234568,0.498053509,68.03779742,3.500728473,68.17890373,3.501946491,31.84783466,3.503213668,63.7119975,3.50227736,68.28706068,3.504425237,34.01232865,0.498053509,63.88113348,3.503605206,32.53853374,3.502901264
1240,62,32.66249574,0.498053509,68.35080094,3.500728473,68.41109398,3.501946491,31.56263585,3.503213668,63.91145426,3.50227736,68.60630723,3.504425237,33.76950302,0.498053509,64.14182513,3.503605206,32.25633727,3.502901264
1241,62.05,32.39108688,0.498053509,68.66620411,3.500728473,68.64710776,3.501946491,31.27526411,3.503213668,64.11529307,3.50227736,68.92317982,3.504425237,33.52450446,0.498053509,64.40249072,3.503605206,31.97196787,3.502901264
1242,62.1,32.11802748,0.498053509,68.98388473,3.500728473,68.88968231,3.501946491,30.98571944,3.503213668,64.323498,3.50227736,69.23775849,3.504425237,33.27733298,0.498053509,64.66313913,3.503605206,31.68542555,3.502901264
1243,62.15,31.84375549,0.498053509,69.30383302,3.500728473,69.13879587,3.501946491,30.69400184,3.503213668,64.53606259,3.50227736,69.55005528,3.504425237,33.02798857,0.498053509,64.92377444,3.503605206,31.39671029,3.502901264
1244,62.2,31.56731058,0.498053509,69.62604975,3.500728473,69.39444216,3.501946491,30.40011132,3.503213668,64.75298444,3.50227736,69.86006911,3.504425237,32.77647123,0.498053509,65.18439898,3.503605206,31.10582211,3.502901264
1245,62.25,31.28876515,0.498053509,69.95054328,3.500728473,69.6566183,3.501946491,30.10404786,3.503213668,64.97426094,3.50227736,70.16778863,3.504425237,32.52278096,0.498053509,65.44501423,3.503605206,30.812761,3.502901264
1246,62.3,48.99945677,0.999456768,49.00054323,2.000543232,49.00054323,3.000543232,49.99945677,1.000543232,50.00054323,2.000543232,50.00054323,3.000543232,50.99945677,0.999456768,51.00051882,2.000543232,50.99945677,3.00027004
1247,62.35,48.99674061,0.996740607,49.00325939,2.003259393,49.00325939,3.003259393,49.99674061,1.003259393,50.00325939,2.003259393,50.00325939,3.003259393,50.99674061,0.996740607,51.00313735,2.003259393,50.99674061,3.001893434
1248,62.4,48.99211811,0.991851518,49.00814848,2.008148482,49.00814848,3.008148482,49.99185152,1.008148482,50.00814848,2.008148482,50.00814848,3.008148482,50.99185152,0.991851518,51.00707065,2.008148482,50.99185152,3.005689756
1249,62.45,48.98612244,0.9847895,49.0152105,2.0152105,49.0152105,3.014846846,49.9847895,1.0152105,50.0152105,2.0152105,50.0152105,3.0152105,50.9847895,0.9847895,51.01060238,2.0152105,50.9847895,3.011659007
1250,62.5,48.97805888,0.975554554,49.02444545,2.024445446,49.02444545,3.022627176,49.97555455,1.024445446,50.02444545,2.024445446,50.02444545,3.024445446,50.97555455,0.975554554,51.01630705,2.023710621,50.97555455,3.019801186
1251,62.55,48.96878106,0.964146679,49.03585332,2.035853321,49.03585332,3.032580435,49.96414668,1.035853321,50.03585332,2.035853321,50.03585332,3.035853321,50.96414668,0.964146679,51.02418464,2.032179194,50.96414668,3.030116294
1252,62.6,48.95926101,0.950565876,49.04943412,2.049434124,49.04943412,3.044706623,49.95056588,1.049434124,50.04943412,2.049434124,50.04943412,3.049434124,50.95056588,0.950616653,51.03423516,2.042820696,50.95056588,3.041517866
1253,62.65,48.94756803,0.934812144,49.06518786,2.065187856,49.06518786,3.059005739,49.93481214,1.065187856,50.06518786,2.065187856,50.06518786,3.065187856,50.93481214,0.93506603,51.04635985,2.055635126,50.93481214,3.051832974
1254,62.7,48.93370212,0.916885484,49.08311452,2.083114516,49.08311452,3.075477783,49.91688548,1.083114516,50.08311452,2.083114516,50.08311452,3.083114516,50.91688548,0.917342479,51.06034731,2.070622485,50.91688548,3.064014373
1255,62.75,48.91766329,0.896785895,49.10321411,2.103214105,49.10321411,3.094122756,49.89678589,1.103214105,50.10321411,2.103214105,50.10321411,3.103214105,50.89678589,0.897445999,51.07646606,2.087584747,50.89678589,3.077448792
1256,62.8,48.89945152,0.874513377,49.12548662,2.125486623,49.12548662,3.114940658,49.87451338,1.125486623,50.12548662,2.125486623,50.12548662,3.125486623,50.87451338,0.875376591,51.09475773,2.106125863,50.87451338,3.09305614
1257,62.85,48.87938718,0.850067931,49.14993207,2.149932069,49.14993207,3.137931488,49.85006793,1.149932069,50.14993207,2.149932069,50.14993207,3.149932069,50.85006793,0.851134254,51.11522233,2.126839906,50.85006793,3.110144529
1258,62.9,48.85811093,0.823449557,49.17655044,2.176550443,49.17655044,3.163095247,49.82344956,1.176550443,50.17655044,2.176550443,50.17596717,3.175967168,50.82344956,0.824718988,51.13785986,2.149726879,50.82295544,3.126836074
1259,62.95,48.83466176,0.794658254,49.20534175,2.205341746,49.20534175,3.190431934,49.79465825,1.205341746,50.20534175,2.205341746,50.20183178,3.20183178,50.79465825,0.796130794,51.16267032,2.174602077,50.79170702,3.143737542
1260,63,48.80903966,0.763694022,49.23630598,2.236305978,49.23630598,3.21994155,49.76369402,1.236305978,50.23630598,2.236305978,50.22749054,3.227490537,50.76369402,0.765369672,51.1896537,2.201096095,50.75637951,3.160844691
1261,63.05,48.78158709,0.730556862,49.26944314,2.269443138,49.26944314,3.251103893,49.73055686,1.269443138,50.26944314,2.269443138,50.25299077,3.252990772,50.73055686,0.732466947,51.21862876,2.229763042,50.71704358,3.177566039
1262,63.1,48.75298898,0.695246773,49.30475323,2.304753227,49.30475323,3.282878562,49.69524677,1.304753227,50.30475323,2.304753227,50.27841438,3.278414381,50.69524677,0.69748527,51.24923299,2.260602917,50.67379402,3.193099617
1263,63.15,48.72221793,0.657763756,49.34223624,2.342236244,49.34223624,3.315739695,49.65776376,1.342236244,50.34223624,2.342236244,50.30350141,3.303501407,50.65776376,0.660330665,51.28201014,2.293538996,50.62676851,3.208947399
1264,63.2,48.68927396,0.618107811,49.38189219,2.381892189,49.38189219,3.347514364,49.61810781,1.381892189,50.38189219,2.381892189,50.32827828,3.328278283,50.61810781,0.621003132,51.31696022,2.327703949,50.57617011,3.224801032
1265,63.25,48.65415706,0.576278936,49.42372106,2.423721064,49.42372106,3.381461962,49.57627894,1.423721064,50.42372106,2.423721064,50.35276084,3.352760844,50.57627894,0.57950267,51.35367334,2.361900184,50.52232277,3.240999614
1266,63.3,48.61686723,0.532277134,49.46772287,2.467722866,49.46772287,3.417582488,49.53227713,1.467722866,50.46772287,2.467722866,50.37799813,3.377998134,50.53227713,0.53582928,51.39132968,2.398179176,50.46579759,3.255752349
1267,63.35,48.5775293,0.498053509,49.5138976,2.513897598,49.5138976,3.455875942,49.4861024,1.513897598,50.5138976,2.513897598,50.40397752,3.403977515,50.4861024,0.501851964,51.43115896,2.436360585,50.40762908,3.270633752
1268,63.4,48.53639294,0.498053509,49.56224526,2.562245257,49.56224526,3.496342325,49.43775474,1.562245257,50.56224526,2.562245257,50.42940685,3.429406855,50.43775474,0.501308732,51.47316116,2.47604041,50.34919584,3.289596272
1269,63.45,48.49308366,0.498053509,49.61276585,2.612765846,49.61276585,3.506866345,49.38723415,1.612765846,50.61276585,2.612765846,50.45530209,3.45530209,50.38723415,0.499679036,51.51672611,2.515099696,50.29142437,3.313566425
1270,63.5,48.44813414,0.498053509,49.66545936,2.665459363,49.66478422,3.506866345,49.33454064,1.665459363,50.66545936,2.665459363,50.48287768,3.482877678,50.33454064,0.499679036,51.56063341,2.55402211,50.23417241,3.342401952
1271,63.55,48.4026098,0.498053509,49.72032581,2.720325808,49.71627281,3.506866345,49.27967419,1.720325808,50.72032581,2.720325808,50.51297162,3.504896462,50.27967419,0.499679036,51.60671363,2.595117453,50.17628828,3.374951152
1272,63.6,48.35491253,0.498053509,49.77736518,2.777365182,49.76722489,3.506866345,49.22263482,1.777365182,50.77736518,2.777365182,50.54613752,3.504896462,50.22263482,0.499679036,51.65496679,2.638385725,50.11762467,3.411066742
1273,63.65,48.30504232,0.498053509,49.83681203,2.836812025,49.8171362,3.506866345,49.16342252,1.836577485,50.83657748,2.836577485,50.58286227,3.504896462,50.16342252,0.499679036,51.70539288,2.683826925,50.05723824,3.449805358
1274,63.7,48.2529992,0.498053509,49.89998247,2.899982468,49.8645258,3.506866345,49.10203728,1.897962716,50.89823791,2.898237912,50.62325504,3.504896462,50.10203728,0.499679036,51.75799189,2.731441053,49.99279318,3.488831211
1275,63.75,48.19878314,0.498053509,49.9681216,2.968121599,49.90966715,3.506866345,49.03847912,1.961520875,50.96311996,2.963119959,50.66688122,3.504896462,50.03847912,0.499679036,51.81233786,2.781122137,49.92375956,3.497492865
1276,63.8,48.14239415,0.498053509,50.04025488,3.040254883,49.95361381,3.506866345,48.97274804,2.027251963,51.03100416,3.031004158,50.7136189,3.504896462,49.97274804,0.499679036,51.86757885,2.83265823,49.84989928,3.493749821
1277,63.85,48.08383224,0.498053509,50.11856472,3.118564721,49.9985065,3.506866345,48.90484402,2.09515598,51.10162456,3.101624559,50.76211919,3.504896462,49.90484402,0.499679036,51.92499276,2.886244472,49.77523299,3.493231904
1278,63.9,48.02309739,0.498053509,50.20331332,3.203313324,50.04647977,3.506866345,48.83476708,2.165232925,51.17465935,3.17465935,50.81200378,3.504896462,49.83476708,0.499679036,51.98457961,2.940834338,49.70064628,3.496195276
1279,63.95,47.96018962,0.498053509,50.29707807,3.297078069,50.09815433,3.506866345,48.7625172,2.237482799,51.24972266,3.249722664,50.86152324,3.504896462,49.7625172,0.499679036,52.04633938,2.995194233,49.62700546,3.50130102
1280,64,47.89510892,0.498053509,50.39811732,3.398117322,50.15450647,3.506866345,48.6880944,2.311905601,51.32636925,3.326369255,50.9112913,3.504896462,49.6880944,0.499679036,52.11027208,3.051727057,49.554453,3.50130102
1281,64.05,47.82785529,0.498053509,50.5030466,3.476277793,50.21658582,3.506866345,48.61149867,2.388501331,51.40411626,3.404116258,50.96202826,3.504896462,49.61149867,0.499679036,52.17637771,3.110432809,49.48192086,3.50130102
1282,64.1,47.75842873,0.498053509,50.61066868,3.476824668,50.28443444,3.506866345,48.53273001,2.467269991,51.4824884,3.482488402,51.01439047,3.504896462,49.53273001,0.499679036,52.24465627,3.17131149,49.40885842,3.50130102
1283,64.15,47.68708932,0.498053509,50.7205576,3.479638375,50.35699162,3.506866345,48.45178842,2.548211579,51.56108373,3.502136493,51.0681482,3.504896462,49.45178842,0.499679036,52.31502514,3.2343631,49.33362304,3.50130102
1284,64.2,47.61435718,0.498053509,50.83294236,3.484947923,50.43591924,3.506866345,48.36867391,2.631326095,51.63969077,3.502136493,51.12173824,3.504896462,49.36867391,0.499679036,52.38714182,3.299587638,49.25621475,3.50130102
1285,64.25,47.53945212,0.498053509,50.94778131,3.492711662,50.52125897,3.506866345,48.28338646,2.71661354,51.71830899,3.502136493,51.17517302,3.504896462,49.28338646,0.499679036,52.46089952,3.366985104,49.17663352,3.50130102
1286,64.3,47.46287341,0.498053509,51.06493735,3.499890148,50.61298575,3.506866345,48.19592609,2.804073913,51.79646042,3.502136493,51.22855654,3.504896462,49.19592609,0.499679036,52.53680044,3.436511357,49.09487936,3.50130102
1287,64.35,47.38561964,0.498053509,51.1847431,3.499890148,50.71099128,3.506866345,48.10629278,2.893707215,51.87264464,3.502136493,51.28204444,3.504896462,49.10629278,0.499679036,52.61478516,3.489778999,49.01095228,3.50130102
1288,64.4,47.30619294,0.498053509,51.30906633,3.499890148,50.81547903,3.506866345,48.01448655,2.985513445,51.9466581,3.502136493,51.33545335,3.504896462,49.01448655,0.499679036,52.69494282,3.490322231,48.92485226,3.50130102
1289,64.45,47.22459331,0.498053509,51.43693717,3.499975761,50.92644949,3.506866345,47.9205074,3.079492604,52.01849991,3.502136493,51.39001293,3.504896462,48.9205074,0.499679036,52.7772734,3.492830324,48.83657932,3.50130102
1290,64.5,47.1411447,0.498053509,51.56509765,3.500061373,51.04390285,3.506866345,47.82435531,3.175644692,52.08816928,3.502136493,51.44879065,3.504896462,48.82435531,0.499679036,52.86177691,3.496619039,48.74613345,3.50130102
1291,64.55,47.05685995,0.498053509,51.69337688,3.500061373,51.16783841,3.506866345,47.72603029,3.273969708,52.15566521,3.502136493,51.51184837,3.504896462,48.72603029,0.499679036,52.94845334,3.500079614,48.65351465,3.50130102
1292,64.6,46.97149705,0.498053509,51.82173705,3.500061373,51.29825429,3.506866345,47.62553235,3.374467653,52.2209862,3.502136493,51.57920563,3.504896462,48.62553235,0.499679036,53.03730271,3.500079614,48.55872293,3.50130102
1293,64.65,46.88440872,0.498053509,51.9501753,3.500061373,51.43514711,3.506866345,47.52286147,3.477138526,52.28413024,3.502136493,51.65088231,3.504896462,48.52286147,0.499679036,53.128325,3.500079614,48.46175827,3.50130102
1294,64.7,46.79667142,0.498053509,52.07868633,3.500061373,51.57851058,3.506866345,47.41801767,3.503213668,52.34509443,3.502136493,51.72689323,3.504896462,48.41801767,0.499679036,53.22152022,3.500079614,48.36262069,3.50130102
1295,64.75,46.70761165,0.498053509,52.2072694,3.500061373,51.72886925,3.506866345,47.31100094,3.503213668,52.4033346,3.502136493,51.80727309,3.504896462,48.31100094,0.499679036,53.31688838,3.500079614,48.26131017,3.50130102
1296,64.8,46.61742365,0.498053509,52.33592896,3.500061373,51.88674748,3.506866345,47.20181128,3.503213668,52.4572232,3.502136493,51.89316734,3.504896462,48.20181128,0.499679036,53.41442946,3.500079614,48.15782673,3.50130102
1297,64.85,46.525483,0.498053509,52.46468348,3.500061373,52.04891267,3.506866345,47.0904487,3.503213668,52.50670156,3.502136493,51.98781462,3.504896462,48.0904487,0.499679036,53.51414346,3.500079614,48.05217036,3.50130102
1298,64.9,46.43230818,0.498053509,52.5925122,3.499039944,52.21531916,3.506866345,46.97691318,3.503213668,52.55275233,3.502136493,52.09115696,3.504896462,47.97691318,0.499679036,53.6160304,3.500079614,47.94434106,3.50130102
1299,64.95,46.33986353,0.498053509,52.71623814,3.493915744,52.38596823,3.506866345,46.86120474,3.503213668,52.59873799,3.502136493,52.20317353,3.504896462,47.86120474,0.499679036,53.72009027,3.500079614,47.83433884,3.50130102
1300,65,46.24663373,0.498053509,52.83583981,3.484667271,52.56080668,3.506866345,46.74332336,3.503213668,52.6446774,3.502136493,52.32383365,3.504896462,47.74332336,0.499679036,53.82632306,3.500079614,47.72216368,3.50130102
1301,65.05,46.15146713,0.498053509,52.95145579,3.471433107,52.73843295,3.506866345,46.62326906,3.503213668,52.69168504,3.502136493,52.45309088,3.504896462,47.62326906,0.499679036,53.93472878,3.500079614,47.6078156,3.50130102
1302,65.1,46.05523044,0.498053509,53.06331334,3.454440507,52.91502271,3.506866345,46.50104183,3.503213668,52.74291133,3.502136493,52.59087799,3.504896462,47.50104183,0.499679036,54.04530743,3.500079614,47.49129458,3.50130102
1303,65.15,45.95800422,0.498053509,53.17165654,3.434056293,53.0907716,3.506866345,46.37664167,3.503213668,52.79809854,3.502136493,52.73697621,3.504896462,47.37664167,0.499679036,54.15805901,3.500079614,47.37260064,3.50130102
1304,65.2,45.85879394,0.498053509,53.27687598,3.410916514,53.26482444,3.506866345,46.25006859,3.503213668,52.85692637,3.502136493,52.89098358,3.504896462,47.25006859,0.499679036,54.27298352,3.500079614,47.25173377,3.50130102
1305,65.25,45.75804467,0.498053509,53.38049437,3.386175691,53.4363043,3.506866345,46.12132257,3.503213668,52.92098739,3.502136493,53.05194237,3.504896462,47.12132257,0.499679036,54.39008096,3.500079614,47.12869397,3.50130102
1306,65.3,45.65565698,0.498053509,53.48424845,3.361570544,53.60372648,3.506866345,45.99040363,3.503213668,52.99386856,3.502136493,53.21639397,3.504896462,46.99040363,0.499679036,54.50935132,3.500079614,47.00348125,3.50130102
1307,65.35,45.55209432,0.498053509,53.58974678,3.338709657,53.76623248,3.506866345,45.85731176,3.503213668,53.07431522,3.502136493,53.38408188,3.504896462,46.85731176,0.499679036,54.63079462,3.500079614,46.87609559,3.50130102
1308,65.4,45.4464762,0.498053509,53.69792277,3.318526429,53.92410291,3.506866345,45.72204695,3.503213668,53.1605964,3.502136493,53.5546088,3.504896462,46.72204695,0.499679036,54.75441084,3.500079614,46.74653701,3.50130102
1309,65.45,45.3390376,0.498053509,53.80943719,3.301681636,54.07890815,3.506866345,45.58460922,3.503213668,53.25265182,3.502136493,53.72746338,3.504896462,46.58460922,0.499679036,54.88019999,3.500079614,46.6148055,3.50130102
1310,65.5,45.22942607,0.498053509,53.92465757,3.288542796,54.23063222,3.506866345,45.44499857,3.503213668,53.35044035,3.502136493,53.90203285,3.504896462,46.44499857,0.499679036,55.00721769,3.500079614,46.48090106,3.50130102
1311,65.55,45.11800386,0.498053509,54.04370489,3.279230891,54.37927587,3.506866345,45.30321498,3.503213668,53.45393722,3.502136493,54.0776519,3.504896462,46.30321498,0.499679036,55.1325897,3.500079614,46.34482369,3.50130102
1312,65.6,45.00549549,0.498053509,54.16809075,3.27525753,54.52538305,3.506866345,45.15925846,3.503213668,53.56313398,3.502136493,54.25370048,3.504896462,46.15925846,0.499679036,55.2566405,3.500079614,46.20657339,3.50130102
1313,65.65,44.89138593,0.498053509,54.29871625,3.277523819,54.67057516,3.506866345,45.01312902,3.503213668,53.67769848,3.502136493,54.42967725,3.504896462,46.01312902,0.499679036,55.38071363,3.500079614,46.06615016,3.50130102
1314,65.7,44.77683461,0.498053509,54.43700668,3.28745503,54.81475438,3.506866345,44.86482665,3.503213668,53.79661808,3.502136493,54.60577441,3.504896462,45.86482665,0.499679036,55.5047022,3.500079614,45.92355401,3.50130102
1315,65.75,44.66015809,0.498053509,54.58310213,3.30519126,54.95771893,3.506866345,44.71435135,3.503213668,53.91934678,3.502136493,54.78339728,3.504896462,45.71435135,0.499679036,55.62838911,3.500079614,45.77878492,3.50130102
1316,65.8,44.54130865,0.498053509,54.73690004,3.330629946,55.09981123,3.506866345,44.56170312,3.503213668,54.04424841,3.502136493,54.96239819,3.504896462,45.56170312,0.499679036,55.75209266,3.500079614,45.63184291,3.50130102
1317,65.85,44.42033829,0.498053509,54.89888707,3.364257755,55.2410625,3.506866345,44.40688196,3.503213668,54.17132297,3.502136493,55.14324941,3.504896462,45.40688196,0.499679036,55.87528221,3.499546771,45.48272797,3.50130102
1318,65.9,44.29735105,0.498053509,55.06905581,3.406067278,55.38147138,3.506866345,44.24988787,3.503213668,54.30057046,3.502136493,55.32752377,3.504896462,45.24988787,0.499679036,55.99628725,3.496886194,45.3314401,3.50130102
1319,65.95,44.17219088,0.498053509,55.24705915,3.45590948,55.52122704,3.506866345,44.09072086,3.503213668,54.43199087,3.502136493,55.51544399,3.504896462,45.09072086,0.499679036,56.11501389,3.492117496,45.1779793,3.50130102
1320,66,44.04485778,0.498053509,55.43206997,3.49767669,55.66109756,3.506866345,43.92938092,3.503213668,54.56558422,3.502136493,55.70789553,3.504896462,44.92938092,0.499679036,56.23167394,3.485282224,45.02234558,3.50130102
1321,66.05,43.91535175,0.498053509,55.6239764,3.499309398,55.80064901,3.506866345,43.76586804,3.503213668,54.70135049,3.502136493,55.90343402,3.504896462,44.76586804,0.499679036,56.34573531,3.475882664,44.86453892,3.50130102
1322,66.1,43.78384142,0.498053509,55.8230018,3.500942106,55.9407662,3.506866345,43.60018224,3.503213668,54.83928969,3.502136493,56.09858316,3.504896462,44.60018224,0.499679036,56.45560167,3.46191852,44.70455934,3.50130102
1323,66.15,43.65088956,0.498053509,56.03102201,3.500942106,56.08578578,3.506866345,43.43232351,3.503213668,54.97940182,3.502136493,56.29368654,3.504896462,44.43232351,0.499679036,56.56182248,3.442532396,44.54240683,3.50130102
1324,66.2,43.51644131,0.498053509,56.24635557,3.500942106,56.23793781,3.506866345,43.26229186,3.503213668,55.12168688,3.502136493,56.48772611,3.504896462,44.26229186,0.499679036,56.66430739,3.419095245,44.37808139,3.50130102
1325,66.25,43.37982014,0.498053509,56.46361168,3.500942106,56.39593398,3.506866345,43.09008727,3.503213668,55.26614487,3.502136493,56.67836189,3.504896462,44.09008727,0.499679036,56.76310347,3.394247509,44.21158302,3.50130102
1326,66.3,43.24102603,0.498053509,56.68428598,3.500942106,56.5615316,3.506866345,42.91570976,3.503213668,55.41277578,3.502136493,56.86613764,3.504896462,43.91570976,0.499679036,56.86300429,3.370825464,44.04291172,3.50130102
1327,66.35,43.100059,0.498053509,56.90681372,3.500942106,56.73376725,3.506866345,42.73915931,3.503213668,55.56157963,3.502136493,57.04919945,3.504896462,43.73915931,0.499679036,56.96617258,3.351625124,43.8720675,3.50130102
1328,66.4,42.95691904,0.498053509,57.13038395,3.500942106,56.91282409,3.506866345,42.56043594,3.503213668,55.7125564,3.502136493,57.22688882,3.504896462,43.56098045,0.499679036,57.07644466,3.339693264,43.69905034,3.50130102
1329,66.45,42.81106162,0.498053509,57.3527375,3.499794345,57.09762827,3.506866345,42.37953964,3.503213668,55.8657061,3.502136493,57.40020143,3.504896462,43.38280673,0.499679036,57.19475859,3.336297299,43.52386026,3.50130102
1330,66.5,42.66151792,0.498053509,57.57044117,3.493996709,57.28749153,3.506866345,42.19647041,3.503213668,56.02102873,3.502136493,57.57239717,3.504896462,43.20397356,0.499679036,57.32311601,3.342944817,43.34649725,3.50130102
1331,66.55,42.5096174,0.498053509,57.78338311,3.483437338,57.48146148,3.506866345,42.01122825,3.503213668,56.17852429,3.502136493,57.74351337,3.504896462,43.02315147,0.499679036,57.46207003,3.360188939,43.16696131,3.50130102
1332,66.6,42.35336526,0.498053509,57.99219348,3.4687464,57.67914245,3.506866345,41.82381317,3.503213668,56.33819277,3.502136493,57.91385317,3.504896462,42.84233529,0.499679036,57.61137999,3.388149239,42.98525244,3.50130102
1333,66.65,42.19276124,0.498053509,58.19793492,3.450986537,57.88070916,3.506866345,41.63422515,3.503213668,56.50003419,3.502136493,58.08405956,3.504896462,42.66152525,0.499679036,57.77007281,3.426573111,42.80137064,3.50130102
1334,66.7,42.0278051,0.498053509,58.40094127,3.430491583,58.08636153,3.506866345,41.44246421,3.503213668,56.66404853,3.502136493,58.25408724,3.504896462,42.48072156,0.499679036,57.9376746,3.474878159,42.61531592,3.50130102
1335,66.75,41.85887167,0.498053509,58.60383762,3.409886617,58.29833429,3.506866345,41.24853034,3.503213668,56.8302358,3.502136493,58.42619621,3.504896462,42.2995494,0.499679036,58.11117152,3.490588055,42.42708826,3.50130102
1336,66.8,41.68671079,0.498053509,58.80470673,3.387254426,58.51459306,3.506866345,41.05242354,3.503213668,56.998596,3.502136493,58.59949668,3.504896462,42.11725889,0.499679036,58.29244938,3.496299152,42.23668768,3.50130102
1337,66.85,41.51019733,0.498053509,59.00323341,3.362279793,58.73303241,3.506866345,40.85414381,3.503213668,57.16912913,3.502136493,58.77676852,3.504896462,41.93497517,0.499679036,58.48211543,3.49837251,42.04411417,3.50130102
1338,66.9,41.3293312,0.498053509,59.19982843,3.335373507,58.95029083,3.506866345,40.65369115,3.503213668,57.34183519,3.502136493,58.95730258,3.504896462,41.75269828,0.499679036,58.68003207,3.500445868,41.84936773,3.50130102
1339,66.95,41.14411236,0.498053509,59.39493448,3.306978252,59.16634651,3.506866345,40.45106557,3.503213668,57.51671418,3.502136493,59.14105413,3.504896462,41.57042824,0.499679036,58.88591409,3.500445868,41.65244836,3.50130102
1340,67,40.95454084,0.498053509,59.58924847,3.277790931,59.38144324,3.506866345,40.24626706,3.503213668,57.69376609,3.502136493,59.32834309,3.504896462,41.38816499,0.499679036,59.09914508,3.500445868,41.45335606,3.50130102
1341,67.05,40.76061896,0.498053509,59.78484265,3.249883809,59.59649819,3.506866345,40.03929561,3.503213668,57.87299094,3.502136493,59.52021282,3.504896462,41.20590842,0.500414804,59.31841632,3.500445868,41.25209084,3.50130102
1342,67.1,40.56235064,0.498053509,59.98352631,3.225066158,59.81268808,3.506866345,39.83015124,3.503213668,58.05438871,3.502136493,59.71795153,3.504896462,41.02366054,0.503361631,59.5421508,3.500445868,41.04865268,3.50130102
1343,67.15,40.3597243,0.498053509,60.18268205,3.200720595,60.02657508,3.506866345,39.61883394,3.503213668,58.23795941,3.502136493,59.91821955,3.504896462,40.84143033,0.506326124,59.77340664,3.500445868,40.8430416,3.50130102
1344,67.2,40.15272915,0.498053509,60.38272753,3.17726476,60.23795163,3.506866345,39.40534371,3.503213668,58.42370304,3.502136493,60.12088932,3.504896462,40.65922811,0.509318614,60.01201396,3.500445868,40.63525759,3.50130102
1345,67.25,39.94135534,0.498053509,60.58380053,3.154836453,60.44664208,3.506866345,39.18968056,3.503213668,58.61161959,3.502136493,60.32583409,3.504896462,40.47706326,0.512348468,60.25777388,3.500445868,40.42530065,3.50130102
1346,67.3,39.725594,0.498053509,60.78681506,3.134349678,60.65250692,3.506866345,38.97184447,3.503213668,58.80170908,3.502136493,60.53294142,3.504896462,40.29494413,0.51542405,60.51048257,3.500445868,40.21317078,3.50130102
1347,67.35,39.50543727,0.498053509,60.9924621,3.116495412,60.85544862,3.506866345,38.75183546,3.503213668,58.99397149,3.502136493,60.7421054,3.504896462,40.1128781,0.518552724,60.76991489,3.500445868,39.99886799,3.50130102
1348,67.4,39.28143676,0.498053509,61.20116739,3.101699396,61.05541129,3.506866345,38.52965352,3.503213668,59.18840684,3.502136493,60.95322273,3.504896462,39.93031238,0.521181715,61.03584493,3.500445868,39.78239226,3.50130102
1349,67.45,39.05526332,0.498053509,61.41331904,3.090349737,61.25237267,3.506866345,38.30529864,3.503213668,59.38501511,3.502136493,61.16614121,3.504896462,39.74557374,0.521637777,61.30742766,3.500445868,39.56374361,3.50130102
1350,67.5,38.8272952,0.498053509,61.62926419,3.082793574,61.44630047,3.506866345,38.07877085,3.503213668,59.58379631,3.502136493,61.38174733,3.504896462,39.55866217,0.519920911,61.58210264,3.500445868,39.34292203,3.50130102
1351,67.55,38.59828888,0.498053509,61.84935088,3.07937896,61.63806453,3.506866345,37.85007012,3.503213668,59.78475044,3.502136493,61.60323744,3.504896462,39.36957766,0.516031116,61.8570803,3.499607872,39.11992751,3.50130102
1352,67.6,38.36772417,0.498053509,62.07391225,3.080439027,61.83076395,3.506866345,37.61919646,3.503213668,59.98787749,3.502136493,61.83046576,3.504896462,39.17832023,0.509968393,62.12818031,3.495336991,38.89476008,3.50130102
1353,67.65,38.13683011,0.498053509,62.30288101,3.085906474,62.0251667,3.506866345,37.38614988,3.503213668,60.19317748,3.502136493,62.06390321,3.504896462,38.98488987,0.501732741,62.39556108,3.487346862,38.66741971,3.50130102
1354,67.7,37.90376314,0.498053509,62.53553294,3.095057099,62.22142366,3.506866345,37.15093036,3.503213668,60.40065039,3.502136493,62.30349688,3.504896462,38.78928659,0.499266404,62.65900861,3.475423502,38.43790641,3.50130102
1355,67.75,37.66875839,0.498053509,62.77072605,3.1067489,62.41961471,3.506866345,36.91353792,3.503213668,60.61029624,3.502136493,62.5482235,3.504896462,38.59151037,0.499266404,62.9183547,3.459398696,38.20622019,3.50130102
1356,67.8,37.43228621,0.498053509,63.01041905,3.122940587,62.62085181,3.506866345,36.67397255,3.503213668,60.82211501,3.502136493,62.79520655,3.504896462,38.39156123,0.499266404,63.17386906,3.439542168,37.97236103,3.50130102
1357,67.85,37.19398803,0.498053509,63.25446116,3.143481392,62.82860832,3.506866345,36.43223425,3.503213668,61.03610671,3.502136493,63.04379591,3.504896462,38.18943915,0.499266404,63.42566343,3.415965637,37.73632895,3.50130102
1358,67.9,36.95455771,0.498053509,63.50257781,3.168096742,63.04307266,3.506866345,36.18832302,3.503213668,61.25227134,3.502136493,63.29384178,3.504896462,37.98514415,0.499266404,63.67391171,3.388843029,37.49812394,3.50130102
1359,67.95,36.71295447,0.498053509,63.7547445,3.196762116,63.26435907,3.506866345,35.94223887,3.503213668,61.47060889,3.502136493,63.54521911,3.504896462,37.77867622,0.499266404,63.91895083,3.358511257,37.257746,3.50130102
1360,68,36.46917829,0.498053509,64.01060153,3.229117837,63.49258053,3.506866345,35.69398178,3.503213668,61.69111938,3.502136493,63.79784999,3.504896462,37.57003536,0.499266404,64.16114438,3.325230706,37.01519514,3.50130102
1361,68.05,36.22322919,0.498053509,64.26963491,3.264649917,63.72752944,3.506866345,35.44355177,3.503213668,61.91380279,3.502136493,64.05171116,3.504896462,37.35922158,0.499266404,64.40093116,3.289233772,36.77047134,3.50130102
1362,68.1,35.97510716,0.498053509,64.53204891,3.303562608,63.96814717,3.506866345,35.19094883,3.503213668,62.13865913,3.502136493,64.30652251,3.504896462,37.14623486,0.499266404,64.64006299,3.252581893,36.52357461,3.50130102
1363,68.15,35.7248122,0.498053509,64.79734197,3.345354362,64.21328957,3.506866345,34.93617296,3.503213668,62.36568841,3.502136493,64.56150134,3.504896462,36.93107522,0.499266404,64.88181652,3.219638182,36.27450496,3.50130102
1364,68.2,35.47234431,0.498053509,65.06206997,3.386581055,64.46082224,3.506866345,34.67922416,3.503213668,62.5948906,3.502136493,64.8152524,3.504896462,36.71374264,0.499266404,65.1247944,3.191178206,36.02326238,3.50130102
1365,68.25,35.21770349,0.498053509,65.32428192,3.425900793,64.71355808,3.506866345,34.42010243,3.503213668,62.82626573,3.502136493,65.06927947,3.504896462,36.49423714,0.499266404,65.37242522,3.167371174,35.76984687,3.50130102
1366,68.3,34.96144239,0.498053509,65.58258238,3.463136351,64.97110934,3.506866345,34.15880777,3.503213668,63.05981379,3.502136493,65.32232227,3.504896462,36.27255871,0.499266404,65.62428737,3.148101359,35.51425843,3.50130102
1367,68.35,34.7046663,0.498053509,65.83896392,3.498452977,65.23218846,3.506866345,33.89534019,3.503213668,63.29553477,3.502136493,65.57564876,3.504896462,36.04870735,0.499266404,65.87964882,3.13405013,35.25649706,3.50130102
1368,68.4,34.4458938,0.498053509,66.09341158,3.50696246,65.49615489,3.506866345,33.62969968,3.503213668,63.53342869,3.502136493,65.82908391,3.504896462,35.82268307,0.499266404,66.13790575,3.125299181,34.99656277,3.50130102
1369,68.45,34.18547796,0.498053509,66.34536425,3.50696246,65.76446955,3.506866345,33.36188624,3.503213668,63.77349553,3.502136493,66.08345854,3.504896462,35.59448585,0.499266404,66.40093273,3.121883372,34.73445554,3.50130102
1370,68.5,33.92288919,0.498053509,66.59509469,3.50696246,66.03671874,3.506866345,33.09189987,3.503213668,64.0157353,3.502136493,66.33829669,3.504896462,35.36411571,0.499266404,66.66755768,3.123762379,34.47017539,3.50130102
1371,68.55,33.65812749,0.498053509,66.8418486,3.50696246,66.31536836,3.506866345,32.81974057,3.503213668,64.260148,3.502136493,66.59409442,3.504896462,35.13157264,0.499266404,66.9387369,3.130815507,34.20372231,3.50130102
1372,68.6,33.39119287,0.498053509,67.084351,3.50696246,66.59914527,3.506866345,32.54540834,3.503213668,64.50673363,3.502136493,66.85021874,3.504896462,34.89685664,0.499266404,67.2126107,3.142757252,33.9350963,3.50130102
1373,68.65,33.12208531,0.498053509,67.32258458,3.50696246,66.88881123,3.506866345,32.26890318,3.503213668,64.75549218,3.502136493,67.10725097,3.504896462,34.65996771,0.499266404,67.4898747,3.159136176,33.66429736,3.50130102
1374,68.7,32.85118425,0.498053509,67.55624044,3.50696246,67.18500049,3.506866345,31.9902251,3.503213668,65.00642367,3.502136493,67.36558583,3.504896462,34.42090585,0.499266404,67.77136238,3.17973879,33.3913255,3.50130102
1375,68.75,32.57924853,0.498053509,67.78596668,3.50696246,67.48803708,3.506866345,31.70937409,3.503213668,65.25952808,3.502136493,67.62591738,3.504896462,34.17967106,0.499266404,68.05644634,3.203937677,33.1161807,3.50130102
1376,68.8,32.30556954,0.498053509,68.01218865,3.50696246,67.7967769,3.506866345,31.42635015,3.503213668,65.51480542,3.502136493,67.88983489,3.504896462,33.93626335,0.499266404,68.34437038,3.230976644,32.83886298,3.50130102
1377,68.85,32.03100657,0.498053509,68.23543693,3.50696246,68.10797405,3.506866345,31.14115328,3.503213668,65.77225569,3.502136493,68.1604345,3.504896462,33.6906827,0.499266404,68.63426937,3.259990563,32.55937232,3.50130102
1378,68.9,31.75427067,0.498053509,68.45600553,3.50696246,68.42151496,3.506866345,30.85378348,3.503213668,66.03187889,3.502136493,68.43761405,3.504896462,33.44292913,0.499266404,68.9248736,3.290088249,32.27770874,3.50130102
1379,68.95,31.47536184,0.498053509,68.67387283,3.50696246,68.73686998,3.506866345,30.56424075,3.503213668,66.29367502,3.502136493,68.72099256,3.504896462,33.19300263,0.499266404,69.21459139,3.320435054,31.99387223,3.50130102
1380,69,31.1943137,0.498053509,68.89035868,3.50696246,69.05400525,3.506866345,30.2725251,3.503213668,66.55764408,3.502136493,69.01174645,3.504896462,32.9409032,0.499266404,69.50383284,3.350305524,31.70786279,3.50130102
1381,69.05,30.91119348,0.498053509,69.10779879,3.50696246,69.36968124,3.506866345,29.97863651,3.503213668,66.82378606,3.502136493,69.30895464,3.504896462,32.68663084,0.499266404,69.79186932,3.379084356,31.41968043,3.50130102
1382,69.1,30.62590033,0.498053509,69.33263932,3.50696246,69.68378449,3.506866345,29.682575,3.503213668,67.09210097,3.502136493,69.6092548,3.504896462,32.43018556,0.499266404,70.07794079,3.406238176,31.12932513,3.50130102
1383,69.15,48.99945677,0.999456768,49.00054323,2.000543232,49.00054323,3.000543232,49.99945677,1.000543232,50.00054323,2.000543232,50.00054323,3.000543232,50.99945677,0.999456768,51.00054323,2.000543232,50.99945677,3.000543232
1384,69.2,48.99674061,0.996740607,49.00301504,2.003259393,49.00325939,3.003259393,49.99674061,1.003259393,50.00325939,2.003259393,50.00325939,3.003259393,50.99674061,0.996740607,51.00307352,2.003259393,50.99674061,3.002710516
1385,69.25,48.99185152,0.991851518,49.00692672,2.008148482,49.00814848,3.00766441,49.99185152,1.008148482,50.00814848,2.008148482,50.00814848,3.008148482,50.99185152,0.991851518,51.0072191,2.008148482,50.99185152,3.004317632
1386,69.3,48.98529293,0.9847895,49.01301134,2.0152105,49.0152105,3.012790138,49.9847895,1.0152105,50.0152105,2.0152105,50.0152105,3.0152105,50.9847895,0.9847895,51.01353761,2.0152105,50.9847895,3.004381002
1387,69.35,48.9780717,0.975554554,49.02126888,2.024445446,49.02444545,3.020088795,49.97555455,1.024445446,50.02444545,2.024445446,50.02444545,3.024445446,50.97555455,0.975935778,51.02202904,2.024445446,50.97555455,3.005245453
1388,69.4,48.96867754,0.964146679,49.03169935,2.035853321,49.03585332,3.029073167,49.96414668,1.035853321,50.03585332,2.035853321,50.03585332,3.035853321,50.96414668,0.966226761,51.03269341,2.035853321,50.96414668,3.007897966
1389,69.45,48.95711045,0.950565876,49.04430274,2.049434124,49.04943412,3.038768827,49.95056588,1.049434124,50.04943412,2.049434124,50.04943412,3.049434124,50.95056588,0.955340742,51.04541766,2.049434124,50.95056588,3.011568808
1390,69.5,48.94337043,0.934812144,49.05907907,2.065187856,49.06518786,3.050637415,49.93481214,1.065187856,50.06518786,2.065187856,50.06518786,3.065187856,50.93481214,0.943703907,51.05970588,2.065187856,50.93481214,3.017412579
1391,69.55,48.92769201,0.916885484,49.07602833,2.083114516,49.08311452,3.064678931,49.91688548,1.083114516,50.08311452,2.083114516,50.08311452,3.083114516,50.91688548,0.929894143,51.0752969,2.083114516,50.91688548,3.025276601
1392,69.6,48.91068914,0.896785895,49.09515051,2.103214105,49.10321411,3.080893376,49.89678589,1.103214105,50.10321411,2.103214105,50.10321411,3.103214105,50.89678589,0.913911451,51.09287899,2.103214105,50.89678589,3.034557198
1393,69.65,48.89194807,0.874513377,49.11644562,2.125486623,49.12548662,3.09928075,49.87451338,1.125486623,50.12548662,2.125486623,50.12548662,3.125486623,50.87451338,0.89575583,51.11263402,2.125486623,50.87451338,3.045115756
1394,69.7,48.87103408,0.850067931,49.13991366,2.149932069,49.14993207,3.119841052,49.85006793,1.149932069,50.14993207,2.149932069,50.14993207,3.149932069,50.85006793,0.87542728,51.13400939,2.149932069,50.85006793,3.057847242
1395,69.75,48.84794715,0.823449557,49.16555463,2.176550443,49.17655044,3.142574282,49.82344956,1.176550443,50.17655044,2.176550443,50.1759313,3.175931304,50.82344956,0.852925802,51.15589993,2.176550443,50.82300369,3.072305785
1396,69.8,48.8226873,0.794658254,49.19336853,2.205341746,49.20534175,3.167480442,49.79465825,1.205341746,50.20534175,2.205341746,50.20164442,3.20164442,50.79465825,0.828251396,51.17996341,2.204912056,50.79200346,3.087003636
1397,69.85,48.79535702,0.763694022,49.22335535,2.236305978,49.23630598,3.194559529,49.76369402,1.236305978,50.23630598,2.236305978,50.22708688,3.227086877,50.76369402,0.801404061,51.20586623,2.234157524,50.75715399,3.101645579
1398,69.9,48.76616131,0.730556862,49.25551511,2.269443138,49.26944314,3.222932914,49.73055686,1.269443138,50.26944314,2.269443138,50.2522357,3.252235697,50.73055686,0.772383797,51.23223153,2.265504763,50.71856395,3.116326343
1399,69.95,48.73479267,0.695246773,49.28984779,2.304753227,49.30475323,3.250843333,49.69524677,1.304753227,50.30475323,2.304753227,50.27725104,3.277251035,50.69524677,0.741190605,51.25864066,2.298811453,50.67637455,3.130324533
1400,70,48.70177206,0.657763756,49.3263534,2.342236244,49.34223624,3.280859379,49.65776376,1.342236244,50.34223624,2.342236244,50.30176509,3.301765089,50.65776376,0.707824484,51.28711633,2.334291071,50.63077934,3.144971329
1401,70.05,48.66814139,0.618107811,49.36503194,2.381892189,49.38189219,3.312846451,49.61810781,1.381892189,50.38189219,2.381892189,50.32574672,3.325746724,50.61810781,0.672285435,51.31692886,2.371943617,50.58204526,3.160491237
1402,70.1,48.63233778,0.576278936,49.40588341,2.423721064,49.42372106,3.347006451,49.57627894,1.423721064,50.42372106,2.423721064,50.34947335,3.349473353,50.57627894,0.634573458,51.34699356,2.411769093,50.53055373,3.176488208
1403,70.15,48.59534617,0.532277134,49.44890781,2.467722866,49.46772287,3.38333938,49.53227713,1.467722866,50.46772287,2.467722866,50.37277188,3.372771883,50.53227713,0.594688551,51.37812133,2.453767497,50.47686979,3.193971059
1404,70.2,48.55913636,0.498053509,49.49410513,2.513897598,49.5138976,3.421845237,49.4861024,1.513897598,50.5138976,2.513897598,50.39602743,3.396027426,50.4861024,0.552630717,51.41142204,2.497938829,50.42130382,3.212830711
1405,70.25,48.52075363,0.498053509,49.54147539,2.562245257,49.56224526,3.462524023,49.43775474,1.562245257,50.56287296,2.562872961,50.41889206,3.418892064,50.43775474,0.508399953,51.44688016,2.54428309,50.36345032,3.233532951
1406,70.3,48.48019946,0.498053509,49.59101857,2.612765846,49.61276585,3.494255385,49.38723415,1.612765846,50.61648124,2.61648124,50.44196464,3.441964636,50.38723415,0.496934838,51.48446468,2.592728475,50.30455006,3.257412049
1407,70.35,48.43747685,0.498053509,49.64273468,2.665459363,49.66545936,3.494798617,49.33454064,1.665459363,50.67399308,2.673993078,50.46684484,3.466844835,50.33454064,0.496934838,51.52402664,2.643131377,50.24531651,3.28442174
1408,70.4,48.3925813,0.498053509,49.69662372,2.720325808,49.71992201,3.497110978,49.27967419,1.720325808,50.73367785,2.733677845,50.49542025,3.495420249,50.27967419,0.496934838,51.56432904,2.695707208,50.18570195,3.313017447
1409,70.45,48.34560035,0.498053509,49.75268569,2.777365182,49.77505003,3.499158973,49.22263482,1.777365182,50.79553554,2.795535541,50.52871045,3.503423649,50.22263482,0.496934838,51.60426618,2.750455967,50.12496966,3.341274977
1410,70.5,48.296709,0.498053509,49.81159449,2.837251385,49.83021394,3.498453631,49.16342252,1.836577485,50.85956616,2.859566165,50.5666979,3.503423649,50.16342252,0.496934838,51.64637626,2.807377655,50.0608691,3.367275848
1411,70.55,48.24564473,0.498053509,49.87551005,2.902144353,49.88252934,3.49489979,49.10203728,1.897962716,50.92599357,2.925993572,50.60802721,3.503423649,50.10203728,0.496934838,51.69057966,2.866472271,49.99365485,3.394410338
1412,70.6,48.19240753,0.498053509,49.94472558,2.972337288,49.93212039,3.488621588,49.03847912,1.961520875,50.99542553,2.995425532,50.65192903,3.503423649,50.03847912,0.496934838,51.7366428,2.927739816,49.92427352,3.423457398
1413,70.65,48.1369974,0.498053509,50.018924,3.047513113,49.98086135,3.481493299,48.97274804,2.027251963,51.06759397,3.067593972,50.69683549,3.503423649,49.97274804,0.496934838,51.78465572,2.991180289,49.85427416,3.455071142
1414,70.7,48.07941435,0.498053509,50.09828307,3.127849593,50.03303413,3.477796829,48.90484402,2.09515598,51.14262337,3.142623366,50.7416141,3.503423649,49.90484402,0.496934838,51.83440214,3.056354255,49.7837106,3.488928912
1415,70.75,48.01965836,0.498053509,50.18370147,3.214245394,50.0903169,3.479210348,48.83476708,2.165232925,51.22145274,3.221452739,50.78594617,3.503423649,49.83476708,0.496934838,51.88458162,3.121961285,49.71308338,3.498625926
1416,70.8,47.95772945,0.498053509,50.27720019,3.308721523,50.15336442,3.486388622,48.7625172,2.237482799,51.30367181,3.303671809,50.82815733,3.503423649,49.7625172,0.496934838,51.93527122,3.187599853,49.64317911,3.499915204
1417,70.85,47.8936276,0.498053509,50.3776348,3.410133535,50.22310866,3.495350917,48.6880944,2.311905601,51.38859842,3.388598424,50.86891142,3.503423649,49.6880944,0.496934838,51.98624334,3.252413716,49.57428377,3.500401168
1418,70.9,47.82735283,0.498053509,50.48374999,3.489967463,50.30079948,3.49731009,48.61149867,2.388501331,51.47381615,3.473816153,50.90893509,3.503423649,49.61149867,0.496934838,52.03604752,3.317965443,49.50483175,3.500401168
1419,70.95,47.75890513,0.498053509,50.59238688,3.490547104,50.38661704,3.499269264,48.53273001,2.467269991,51.55802432,3.495128702,50.94877911,3.503423649,49.53273001,0.496934838,52.08389354,3.384319885,49.4332068,3.500401168
1420,71,47.6882845,0.498053509,50.70334115,3.49344412,50.47889995,3.499269264,48.45178842,2.548211579,51.64370897,3.496952532,50.98849851,3.503423649,49.45178842,0.496934838,52.13235158,3.451193383,49.35940892,3.500401168
1421,71.05,47.61549095,0.498053509,50.81659871,3.498644425,50.57768303,3.499269264,48.36867391,2.631326095,51.73118359,3.499297936,51.0275678,3.503423649,49.36867391,0.496934838,52.18112583,3.501362246,49.28343811,3.500401168
1422,71.1,47.54052446,0.498053509,50.93211201,3.500370458,50.68300361,3.499269264,48.28338646,2.71661354,51.82120721,3.499297936,51.0643879,3.503423649,49.28338646,0.496934838,52.22995424,3.501362246,49.20529437,3.500401168
1423,71.15,47.46338505,0.498053509,51.04984437,3.500370458,50.7948746,3.499269264,48.19592609,2.804073913,51.91558804,3.499297936,51.09891677,3.503423649,49.19592609,0.496934838,52.27877062,3.501362246,49.12497771,3.500401168
1424,71.2,47.3840727,0.498053509,51.16889528,3.499999069,50.9133011,3.499269264,48.10629278,2.893707215,52.01432756,3.499297936,51.13215854,3.503423649,49.10629278,0.496934838,52.32757324,3.501362246,49.04248812,3.500401168
1425,71.25,47.30258743,0.498053509,51.28631295,3.497994444,51.03828942,3.499269264,48.01448655,2.985513445,52.11742785,3.499297936,51.16744702,3.503423649,49.01448655,0.496934838,52.37635949,3.501362246,48.9578256,3.500401168
1426,71.3,47.21892923,0.498053509,51.40165691,3.49391611,51.16985643,3.499269264,47.9205074,3.079492604,52.22429391,3.499791527,51.20469148,3.503423649,48.9205074,0.496934838,52.42452832,3.501362246,48.87099015,3.500401168
1427,71.35,47.13309811,0.498053509,51.5149507,3.487787605,51.30697627,3.499860659,47.82435531,3.175644692,52.33373119,3.500285118,51.24480946,3.503423649,48.82435531,0.496934838,52.47088262,3.501362246,48.78198177,3.500401168
1428,71.4,47.04509405,0.498053509,51.62626617,3.479680778,51.44637905,3.500452055,47.72603029,3.273969708,52.4475335,3.500285118,51.29123893,3.503423649,48.72603029,0.496934838,52.51720916,3.501362246,48.69080046,3.500401168
1429,71.45,46.95491706,0.498053509,51.73571253,3.469704841,51.58777769,3.500452055,47.62553235,3.374467653,52.56575303,3.500285118,51.34399752,3.503423649,48.62553235,0.496934838,52.56456137,3.501362246,48.59744623,3.500401168
1430,71.5,46.86256715,0.498053509,51.84344971,3.458019726,51.73099768,3.500452055,47.52286147,3.477138526,52.68792945,3.500285118,51.40306171,3.503423649,48.52286147,0.496934838,52.61564422,3.501362246,48.50191906,3.500401168
1431,71.55,46.76804431,0.498053509,51.94971392,3.444861632,51.87577473,3.500452055,47.41801767,3.503213668,52.81175468,3.500285118,51.46839856,3.503423649,48.41801767,0.496934838,52.66884975,3.501362246,48.40421897,3.500401168
1432,71.6,46.67134854,0.498053509,52.05547139,3.43119681,52.02167309,3.500452055,47.31100094,3.503213668,52.9355959,3.500285118,51.53997032,3.503423649,48.31100094,0.496934838,52.72348834,3.501362246,48.30434595,3.500401168
1433,71.65,46.57259796,0.498053509,52.16293184,3.419234956,52.16854203,3.500452055,47.20181128,3.503213668,53.05944785,3.500285118,51.61774199,3.503423649,48.20181128,0.496934838,52.77787739,3.501362246,48.2023,3.499891424
1434,71.7,46.47202882,0.498053509,52.27175089,3.408631711,52.31642909,3.499677904,47.0904487,3.503213668,53.18392104,3.500285118,51.70168895,3.503423649,48.0904487,0.496934838,52.83134927,3.501362246,48.09808112,3.498395683
1435,71.75,46.36928675,0.498053509,52.38125894,3.398717465,52.46248571,3.496012083,46.97691318,3.503213668,53.31077328,3.500285118,51.79124435,3.503423649,47.97691318,0.496934838,52.88207595,3.501362246,47.99168931,3.498885173
1436,71.8,46.26458264,0.498053509,52.49398225,3.39201848,52.6069467,3.490750641,46.86120474,3.503213668,53.43951084,3.500285118,51.88476033,3.503423649,47.86120474,0.496934838,52.93044882,3.501362246,47.88312458,3.500052244
1437,71.85,46.15833823,0.498053509,52.61163232,3.390246257,52.75210205,3.486183555,46.74332336,3.503213668,53.56909419,3.500285118,51.98222978,3.503423649,47.74332336,0.496934838,52.97737603,3.501362246,47.77238691,3.500052244
1438,71.9,46.04993944,0.498053509,52.73536613,3.394557768,52.89870717,3.483066237,46.62326906,3.503213668,53.69868149,3.500285118,52.08321156,3.503423649,47.62326906,0.496934838,53.02350737,3.501362246,47.65947632,3.500052244
1439,71.95,45.93942333,0.498053509,52.86556449,3.405333834,53.04692275,3.481208031,46.50104183,3.503213668,53.8288147,3.500285118,52.18636627,3.503423649,47.50104183,0.496934838,53.06851934,3.501362246,47.5443928,3.499986959
1440,72,45.82673429,0.498053509,53.00320728,3.423554324,53.19610624,3.479263699,46.37664167,3.503213668,53.96056151,3.500285118,52.29169391,3.503423649,47.37664167,0.496934838,53.11263726,3.501362246,47.42713635,3.499965861
1441,72.05,45.71187232,0.498053509,53.14894877,3.449873517,53.34382029,3.475849916,46.25006859,3.503213668,54.09224096,3.500285118,52.39919448,3.503423649,47.25006859,0.496934838,53.15797974,3.501362246,47.30770697,3.500140618
1442,72.1,45.59483742,0.498053509,53.30153234,3.483034791,53.49165011,3.472551905,46.12132257,3.503213668,54.22384103,3.500285118,52.50886797,3.503423649,47.12132257,0.496934838,53.20617266,3.501362246,47.18610467,3.500140618
1443,72.15,45.4756296,0.498053509,53.45729893,3.492475504,53.64003623,3.4698102,45.99040363,3.503213668,54.35534988,3.500285118,52.62125588,3.503423649,46.99040363,0.496934838,53.25823034,3.501362246,47.06232943,3.499853102
1444,72.2,45.35424884,0.498053509,53.6149199,3.494802735,53.78920315,3.467802299,45.85731176,3.503213668,54.48675939,3.500285118,52.73798247,3.503423649,46.85731176,0.496934838,53.3144005,3.501362246,46.93638127,3.49849781
1445,72.25,45.23069516,0.498053509,53.77492031,3.499509405,53.94001838,3.467301711,45.72204695,3.503213668,54.61806619,3.500285118,52.85834351,3.503423649,46.72204695,0.496934838,53.37405189,3.501362246,46.80826018,3.497070064
1446,72.3,45.10496855,0.498053509,53.93874336,3.501490054,54.09440399,3.470371505,45.58460922,3.503213668,54.74926086,3.500285118,52.98062119,3.503423649,46.58460922,0.496934838,53.43551101,3.501362246,46.67796616,3.497777533
1447,72.35,44.97706901,0.498053509,54.10482105,3.501490054,54.25147186,3.476123557,45.44499857,3.503213668,54.88035223,3.500285118,53.106156,3.503423649,46.44499857,0.496934838,53.49963107,3.501362246,46.54549921,3.49944555
1448,72.4,44.84708542,0.498053509,54.27304531,3.501490054,54.41179114,3.485127026,45.30321498,3.503213668,55.01081781,3.499727667,53.2355792,3.503423649,46.30321498,0.496934838,53.56494877,3.501362246,46.41085933,3.499988782
1449,72.45,44.71519553,0.498053509,54.44524384,3.501490054,54.57514046,3.497160524,45.15925846,3.503213668,55.13906871,3.49695554,53.36933374,3.503423649,46.15925846,0.496934838,53.63028276,3.501362246,46.27404652,3.500532014
1450,72.5,44.58116439,0.498053509,54.62334425,3.501490054,54.74109341,3.500681837,45.01312902,3.503213668,55.26516279,3.492026595,53.5067911,3.503423649,46.01312902,0.496934838,53.69501434,3.501362246,46.13506079,3.500532014
1451,72.55,44.44505536,0.498053509,54.80774755,3.501490054,54.90926063,3.500681837,44.86482665,3.503213668,55.38915323,3.484994003,53.64669411,3.503423649,45.86482665,0.496934838,53.75790854,3.501362246,45.99390213,3.500532014
1452,72.6,44.3067734,0.498053509,54.99850511,3.501490054,55.08080201,3.500681837,44.71435135,3.503213668,55.51111384,3.475931579,53.78980053,3.503423649,45.71435135,0.496934838,53.82094361,3.501362246,45.85057053,3.500532014
1453,72.65,44.16631851,0.498053509,55.19438254,3.501490054,55.25904442,3.500681837,44.56170312,3.503213668,55.63115749,3.464952202,53.93279754,3.503423649,45.56170312,0.496934838,53.88537359,3.501362246,45.70506601,3.500532014
1454,72.7,44.02369069,0.498053509,55.39219652,3.501490054,55.44367248,3.500681837,44.40688196,3.503213668,55.74943775,3.452209435,54.07608029,3.503423649,45.40688196,0.496934838,53.95382172,3.501362246,45.55738857,3.500532014
1455,72.75,43.87888995,0.498053509,55.59185633,3.501490054,55.63450453,3.500681837,44.24988787,3.503213668,55.8663178,3.438066453,54.22045752,3.503423649,45.24988787,0.496934838,54.02551342,3.501362246,45.40753819,3.500532014
1456,72.8,43.73210537,0.498053509,55.79310029,3.501490054,55.83120014,3.500681837,44.09072086,3.503213668,55.98281901,3.423544637,54.36481339,3.503423649,45.09072086,0.496934838,54.10156913,3.501362246,45.25551488,3.500532014
1457,72.85,43.58432489,0.498053509,55.99533689,3.501490054,56.03290542,3.500681837,43.92938092,3.503213668,56.10121067,3.410913265,54.50915341,3.503423649,44.92938092,0.496934838,54.18198482,3.501362246,45.10131865,3.500532014
1458,72.9,43.43620073,0.498053509,56.19717887,3.501490054,56.23782799,3.500681837,43.76586804,3.503213668,56.2253492,3.40402877,54.65382629,3.503423649,44.76586804,0.496934838,54.26641243,3.501362246,44.94494948,3.500532014
1459,72.95,43.28657456,0.498053509,56.39669393,3.501490054,56.44425921,3.500681837,43.60018224,3.503213668,56.35740808,3.405064621,54.79952528,3.503423649,44.60018224,0.496934838,54.35415902,3.501362246,44.78640739,3.500532014
1460,73,43.1367882,0.498053509,56.5931545,3.501490054,56.6520445,3.500681837,43.43232351,3.503213668,56.49718174,3.413815253,54.94521484,3.503423649,44.43232351,0.496934838,54.44626036,3.501362246,44.62569237,3.500532014
1461,73.05,42.98591537,0.498053509,56.78659456,3.501490054,56.86134377,3.500681837,43.26229186,3.503213668,56.64477157,3.430382049,55.09089597,3.503423649,44.26229186,0.496934838,54.54271558,3.501362246,44.46280442,3.500532014
1462,73.1,42.83612902,0.498053509,56.97716141,3.501490054,57.07236235,3.500681837,43.09008727,3.503213668,56.7997168,3.454304252,55.23656943,3.503423649,44.09008727,0.496934838,54.64352401,3.501362246,44.29774355,3.500532014
1463,73.15,42.68416973,0.498053509,57.16576501,3.501490054,57.28425015,3.499885692,42.91570976,3.503213668,56.9618391,3.485403526,55.38223582,3.503423649,43.91570976,0.496934838,54.74868513,3.501362246,44.13050974,3.500532014
1464,73.2,42.53003751,0.498053509,57.35522772,3.501490054,57.49392174,3.49619481,42.73915931,3.503213668,57.13073582,3.49610493,55.5284404,3.503423649,43.73915931,0.496934838,54.85765377,3.501362246,43.96110301,3.500532014
1465,73.25,42.37373237,0.498053509,57.54658653,3.501490054,57.70162293,3.490533531,42.56043594,3.503213668,57.30618758,3.50103686,55.67681791,3.503423649,43.56043594,0.496934838,54.96879533,3.501362246,43.78952335,3.500532014
1466,73.3,42.2152543,0.498053509,57.73977121,3.501490054,57.9075728,3.483120936,42.37953964,3.503213668,57.48811974,3.50103686,55.82736834,3.503423649,43.37953964,0.496934838,55.08210982,3.501362246,43.61577075,3.500532014
1467,73.35,42.0546033,0.498053509,57.93464463,3.501490054,58.11199217,3.474177833,42.19647041,3.503213668,57.6764873,3.50103686,55.98009171,3.503423649,43.19647041,0.496934838,55.19759723,3.501362246,43.43984523,3.500532014
1468,73.4,41.89177937,0.498053509,58.1310837,3.501490054,58.31511653,3.463739662,42.01122825,3.503213668,57.87126708,3.50103686,56.134988,3.503423649,43.01122825,0.496934838,55.31525758,3.501362246,43.26174679,3.500532014
1469,73.45,41.7269715,0.498053509,58.32900244,3.501490054,58.51721774,3.451678163,41.82381317,3.503213668,58.07244278,3.50103686,56.29205723,3.503423649,42.82381317,0.496934838,55.43496991,3.501362246,43.08147541,3.500532014
1470,73.5,41.56055769,0.498053509,58.52801395,3.501490054,58.71860983,3.438790067,41.63422515,3.503213668,58.27993472,3.50103686,56.45129938,3.503423649,42.63422515,0.496934838,55.55649231,3.501362246,42.8990311,3.500532014
1471,73.55,41.39197095,0.498053509,58.72795745,3.501490054,58.91962673,3.425174377,41.44246421,3.503213668,58.49371038,3.50103686,56.61271446,3.503423649,42.44246421,0.496934838,55.68018765,3.501362246,42.71441387,3.500532014
1472,73.6,41.22121128,0.498053509,58.92838105,3.501490054,59.12060902,3.411524061,41.24853034,3.503213668,58.71366161,3.50103686,56.77630246,3.503423649,42.24853034,0.496934838,55.80538094,3.501362246,42.52762371,3.500532014
1473,73.65,41.04888329,0.498053509,59.12901747,3.501490054,59.32188082,3.398163269,41.05242354,3.503213668,58.93971156,3.50103686,56.9420634,3.503423649,42.05242354,0.496934838,55.93072224,3.501362246,42.33866062,3.500532014
1474,73.7,40.87619621,0.498053509,59.32963311,3.501490054,59.52373687,3.385386713,40.85414381,3.503213668,59.17177271,3.50103686,57.10999727,3.503423649,41.85414381,0.496934838,56.05823646,3.501362246,42.1475246,3.500532014
1475,73.75,40.70133621,0.498053509,59.5300375,3.501490054,59.72643779,3.373455035,40.65369115,3.503213668,59.40974428,3.50103686,57.28010406,3.503423649,41.65369115,0.496934838,56.18792361,3.501362246,41.95421565,3.500532014
1476,73.8,40.52430327,0.498053509,59.73063566,3.501490054,59.9302134,3.361912213,40.45106557,3.503213668,59.65373283,3.50103686,57.45238378,3.503423649,41.45106557,0.496934838,56.3197837,3.501362246,41.75873377,3.500532014
1477,73.85,40.3450974,0.498053509,59.9324205,3.501490054,60.13528676,3.349609649,40.24626706,3.503213668,59.90404029,3.50103686,57.62683643,3.503423649,41.24626706,0.496934838,56.45381671,3.501362246,41.56107897,3.500532014
1478,73.9,40.16371861,0.498053509,60.13366119,3.501490054,60.34190808,3.338855045,40.03929561,3.503213668,60.15979506,3.50103686,57.80346201,3.503423649,41.03929561,0.496934838,56.59002265,3.501362246,41.36125124,3.500532014
1479,73.95,39.98064611,0.498053509,60.33429779,3.501490054,60.55032984,3.329900876,39.83015124,3.503213668,60.42075479,3.50103686,57.98226052,3.503423649,40.83015124,0.496934838,56.72840151,3.501362246,41.15925057,3.500532014
1480,74,39.79683833,0.498053509,60.53430325,3.501490054,60.76081795,3.32301306,39.61883394,3.503213668,60.68553055,3.50103686,58.16323196,3.503423649,40.61883394,0.496934838,56.86895331,3.501362246,40.95507698,3.500532014
1481,74.05,39.61085764,0.498053509,60.73477089,3.501490054,60.97367919,3.318498366,39.40534371,3.503213668,60.95046498,3.50103686,58.34637632,3.503423649,40.40534371,0.496934838,57.01167803,3.501362246,40.74873046,3.500532014
1482,74.1,39.42270401,0.498053509,60.93907414,3.501490054,61.18929075,3.316733999,39.18968056,3.503213668,61.21502865,3.50103686,58.53169362,3.503423649,40.18968056,0.496934838,57.15656908,3.501362246,40.54021102,3.500532014
1483,74.15,39.23237852,0.498053509,61.14756649,3.501490054,61.40810356,3.317832636,38.97184447,3.503213668,61.47897992,3.50103686,58.71918384,3.503423649,39.97184447,0.496934838,57.30328433,3.501362246,40.32951864,3.500532014
1484,74.2,39.03988331,0.498053509,61.36086433,3.501490054,61.63060294,3.321603079,38.75183546,3.503213668,61.74238726,3.50103686,58.90884699,3.503423649,39.75183546,0.496934838,57.45118584,3.501362246,40.11665333,3.500532014
1485,74.25,38.84521517,0.498053509,61.57826393,3.501490054,61.857248,3.329519199,38.52965352,3.503213668,62.00376439,3.50103686,59.10068307,3.503423649,39.52965352,0.496934838,57.60126027,3.501362246,39.9016151,3.500532014
1486,74.3,38.6483741,0.498053509,61.79996616,3.501490054,62.08838495,3.341799565,38.30529864,3.503213668,62.26282162,3.50103686,59.29469208,3.503423649,39.30529864,0.496934838,57.75350763,3.501362246,39.68440394,3.500532014
1487,74.35,38.44936011,0.498053509,62.02629942,3.501490054,62.32419648,3.35837158,38.07877085,3.503213668,62.51951434,3.50103686,59.49087401,3.503423649,39.07877085,0.496934838,57.90792792,3.501362246,39.46501985,3.500532014
1488,74.4,38.24854446,0.498053509,62.25717976,3.501490054,62.5647047,3.379640279,37.85007012,3.503213668,62.77328606,3.50103686,59.68922888,3.503423649,38.85007012,0.496934838,58.06452114,3.501362246,39.24346283,3.500532014
1489,74.45,38.04666972,0.498053509,62.49284802,3.501490054,62.80978507,3.405481123,37.61919646,3.503213668,63.02402961,3.50103686,59.88975667,3.503423649,38.61973881,0.496934838,58.22328728,3.501362246,39.01973288,3.500532014
1490,74.5,37.84207973,0.498053509,62.7336041,3.501490054,63.05917895,3.435635482,37.38614988,3.503213668,63.2717128,3.50103686,60.09245739,3.503423649,38.38940393,0.496934838,58.38408016,3.501362246,38.79383001,3.500532014
1491,74.55,37.63314751,0.498053509,62.97980494,3.501490054,63.31248966,3.469706677,37.15093036,3.503213668,63.51641878,3.50103686,60.29733104,3.503423649,38.15906535,0.496934838,58.54660739,3.501362246,38.5657542,3.500532014
1492,74.6,37.4198732,0.498053509,63.23186942,3.501490054,63.56910867,3.497244081,36.91353792,3.503213668,63.75845688,3.50103686,60.50437762,3.503423649,37.92872295,0.496934838,58.71130754,3.501362246,38.33550547,3.500532014
1493,74.65,37.2022569,0.498053509,63.49022973,3.501490054,63.82830409,3.497664754,36.67397255,3.503213668,63.99823236,3.50103686,60.71359713,3.503423649,37.69837663,0.496934838,58.87818062,3.501362246,38.10308381,3.500532014
1494,74.7,36.98063704,0.498053509,63.75507288,3.501490054,64.08984719,3.499932356,36.43223425,3.503213668,64.23574424,3.50103686,60.92498956,3.503423649,37.46768799,0.496934838,59.04722662,3.501362246,37.86848922,3.500532014
1495,74.75,36.75569032,0.498053509,64.02640045,3.501490054,64.35369355,3.500937939,36.18832302,3.503213668,64.47162229,3.50103686,61.13855493,3.503423649,37.23598032,0.496934838,59.21844556,3.501362246,37.6317217,3.500532014
1496,74.8,36.52640181,0.498053509,64.30423898,3.501490054,64.61864756,3.500937939,35.94223887,3.503213668,64.70821731,3.50103686,61.35429322,3.503423649,37.00426857,0.496934838,59.39183743,3.501362246,37.39278125,3.500532014
1497,74.85,36.29277154,0.498053509,64.58858751,3.501490054,64.88144764,3.500937939,35.69398178,3.503213668,64.94698355,3.50103686,61.57220444,3.503423649,36.77255273,0.496934838,59.56740222,3.501362246,37.15166788,3.500532014
1498,74.9,36.0547995,0.498053509,64.87944362,3.501490054,65.14208728,3.500937939,35.44355177,3.503213668,65.18792342,3.50103686,61.79228859,3.503423649,36.54083281,0.496934838,59.74513994,3.501362246,36.90838157,3.500532014
1499,74.95,35.81248566,0.498053509,65.17680668,3.501490054,65.4005671,3.500937939,35.19094883,3.503213668,65.43103971,3.50103686,62.01454567,3.503423649,36.30910886,0.496934838,59.92505059,3.501362246,36.66292234,3.500532014
1500,75,35.56582995,0.498053509,65.4806751,3.501490054,65.65689222,3.500937939,34.93617296,3.503213668,65.67633687,3.50103686,62.23897568,3.503423649,36.07738097,0.496934838,60.10713417,3.501362246,36.41529018,3.500532014
1501,75.05,35.31584164,0.498053509,65.7910228,3.501490054,65.91219409,3.500937939,34.67922416,3.503213668,65.92384383,3.50103686,62.46557861,3.503423649,35.84463987,0.496934838,60.29139068,3.501362246,36.16548509,3.500532014
1502,75.1,35.06453935,0.498053509,66.10563866,3.501490054,66.16980248,3.500937939,34.42010243,3.503213668,66.17469875,3.50103686,62.69435448,3.503423649,35.60886695,0.496934838,60.47782011,3.501362246,35.91350707,3.500532014
1503,75.15,34.8088949,0.498053509,66.41802149,3.501490054,66.42960192,3.500937939,34.15880777,3.503213668,66.43208569,3.50103686,62.92530327,3.503423649,35.37309038,0.496934838,60.66642248,3.501362246,35.65935612,3.500532014
1504,75.2,34.54890819,0.498053509,66.72820942,3.501490054,66.69158536,3.500937939,33.89534019,3.503213668,66.6959976,3.50103686,63.15842499,3.503423649,35.1367679,0.496934838,60.85673742,3.501362246,35.40303225,3.500532014
1505,75.25,34.28560546,0.498053509,67.03621006,3.501490054,66.95575017,3.500937939,33.62969968,3.503213668,66.96643229,3.50103686,63.39371964,3.503423649,34.8982725,0.496934838,61.04784423,3.501362246,35.14453544,3.500532014
1506,75.3,34.02158173,0.498053509,67.34202674,3.501490054,67.22209502,3.500937939,33.36188624,3.503213668,67.24338863,3.50103686,63.63118722,3.503423649,34.65760417,0.496934838,61.24112397,3.501362246,34.88386571,3.500532014
1507,75.35,33.75538507,0.498053509,67.64566238,3.501490054,67.49061917,3.500937939,33.09189987,3.503213668,67.52686645,3.50103686,63.87082773,3.503423649,34.41476291,0.496934838,61.43657664,3.501362246,34.62102305,3.500532014
1508,75.4,33.48701548,0.498053509,67.94712038,3.501490054,67.76132226,3.500937939,32.81974057,3.503213668,67.81686622,3.50103686,64.11264116,3.503423649,34.16974872,0.496934838,61.63370483,3.501362246,34.35600746,3.500532014
1509,75.45,33.21647297,0.498053509,68.246398,3.501490054,68.03420424,3.500937939,32.54540834,3.503213668,68.11338577,3.50103686,64.35662753,3.503423649,33.9225616,0.496934838,61.83151371,3.501362246,34.08881894,3.500532014
1510,75.5,32.94398038,0.498053509,68.54349568,3.501490054,68.30926545,3.500937939,32.26890318,3.503213668,68.4164241,3.50103686,64.60278682,3.503423649,33.67320155,0.496934838,62.03149553,3.501362246,33.8194575,3.500532014
1511,75.55,32.66998341,0.498053509,68.83841364,3.501490054,68.58650728,3.500937939,31.9902251,3.503213668,68.72597786,3.50103686,64.85111904,3.503423649,33.42166858,0.496934838,62.23365027,3.501362246,33.54792312,3.500532014
1512,75.6,32.39445991,0.498053509,69.13115193,3.501490054,68.86715457,3.500937939,31.70937409,3.503213668,69.04095432,3.50103686,65.10162419,3.503423649,33.16796267,0.496934838,62.43726809,3.501362246,33.27421582,3.500532014
1513,75.65,32.11870265,0.498053509,69.42171041,3.501490054,69.15473886,3.500937939,31.42635015,3.503213668,69.35809656,3.50103686,65.35430227,3.503423649,32.91208384,0.496934838,62.64011089,3.501362246,32.99833559,3.500532014
1514,75.7,31.84077247,0.498053509,69.70959797,3.501490054,69.44836026,3.500937939,31.14115328,3.503213668,69.67692118,3.50103686,65.60915327,3.503423649,32.65403208,0.496934838,62.84267136,3.501362246,32.72028243,3.500532014
1515,75.75,31.56066935,0.498053509,69.99383265,3.501490054,69.74703462,3.500937939,30.85378348,3.503213668,69.99644908,3.50103686,65.86617721,3.503423649,32.39380739,0.496934838,63.04740476,3.501362246,32.44005634,3.500532014
1516,75.8,31.2783933,0.498053509,70.27588596,3.501490054,70.0522334,3.500937939,30.56424075,3.503213668,70.31815479,3.50103686,66.12537407,3.503423649,32.13140977,0.496934838,63.25370554,3.501362246,32.15765732,3.500532014
1517,75.85,49.00053013,0.999456768,49.00054323,2.000543232,49.00054323,3.000543232,49.99945677,1.000543232,50.00054323,2.000543232,50.00054323,3.000543232,50.99945677,0.999456768,50.99989751,2.000543232,50.99945677,3.000543232
1518,75.9,49.00210743,0.996740607,49.00325939,2.003259393,49.00325939,3.003259393,49.99674061,1.003259393,50.00325939,2.003259393,50.00325939,3.003259393,50.99674061,0.996740607,51.00003079,2.003259393,50.99674061,3.003017257
1519,75.95,49.00183778,0.991851518,49.00814848,2.008148482,49.00814848,3.008148482,49.99185152,1.008148482,50.00814848,2.008148482,50.00814848,3.008148482,50.99185152,0.992937982,51.002337,2.008148482,50.99185152,3.00621796
1520,76,49.00049334,0.9847895,49.0152105,2.0152105,49.0152105,3.0152105,49.9847895,1.0152105,50.0152105,2.0152105,50.0152105,3.0152105,50.9847895,0.990593009,51.00681614,2.0152105,50.9847895,3.009432071
1521,76.05,48.99754964,0.975554554,49.0244359,2.024445446,49.02444545,3.024445446,49.97555455,1.024445446,50.02444545,2.024445446,50.02444545,3.024445446,50.97555455,0.987188671,51.01329818,2.024445446,50.97555455,3.014578364
1522,76.1,48.99307214,0.964146679,49.03580561,2.035853321,49.03585332,3.035853321,49.96414668,1.035853321,50.03585332,2.035853321,50.03585332,3.035853321,50.96414668,0.981611405,51.02144312,2.035853321,50.96414668,3.021175348
1523,76.15,48.98693673,0.950565876,49.04934825,2.049434124,49.04943412,3.049434124,49.95056588,1.049434124,50.04943412,2.049434124,50.04943412,3.049434124,50.95056588,0.97386121,51.03176097,2.04919615,50.95056588,3.029501742
1524,76.2,48.98017339,0.934812144,49.06506382,2.065187856,49.06518786,3.065187856,49.93481214,1.065187856,50.06518786,2.065187856,50.06518786,3.065187856,50.93481214,0.963938086,51.04425176,2.063997988,50.93481214,3.038522104
1525,76.25,48.97123712,0.916885484,49.08295231,2.083114516,49.08311452,3.083114516,49.91688548,1.083114516,50.08311452,2.083114516,50.08311452,3.083114516,50.91688548,0.951842034,51.05891548,2.080972754,50.91688548,3.049149226
1526,76.3,48.96014837,0.896785895,49.10301373,2.103214105,49.10321411,3.103214105,49.89678589,1.103214105,50.10321411,2.103214105,50.10321411,3.103214105,50.89678589,0.937573054,51.07575212,2.100120448,50.89678589,3.061155989
1527,76.35,48.94694805,0.874513377,49.12524808,2.125486623,49.12548662,3.125486623,49.87451338,1.125486623,50.12548662,2.125486623,50.12548662,3.125486623,50.87451338,0.921727239,51.09459255,2.121441071,50.87451338,3.074044424
1528,76.4,48.93157481,0.850067931,49.14965536,2.149932069,49.14993207,3.149932069,49.85006793,1.149932069,50.14993207,2.149932069,50.14993207,3.149932069,50.85006793,0.905496777,51.11482857,2.144934623,50.85006793,3.08887265
1529,76.45,48.91402863,0.823449557,49.17623557,2.176550443,49.17655044,3.176550443,49.82344956,1.176550443,50.17655044,2.176550443,50.17600041,3.176000412,50.82344956,0.887093387,51.13642779,2.170601103,50.82297485,3.104249076
1530,76.5,48.89430953,0.794658254,49.20498871,2.205341746,49.20534175,3.205341746,49.79465825,1.205341746,50.20534175,2.205341746,50.20201373,3.202013728,50.79465825,0.866517069,51.16015264,2.198440512,50.79182785,3.118319797
1531,76.55,48.87241749,0.763694022,49.23591477,2.236305978,49.23630598,3.236305978,49.76369402,1.236305978,50.23630598,2.236305978,50.22786957,3.227869572,50.76369402,0.843767822,51.18590858,2.228452849,50.75670373,3.131848068
1532,76.6,48.84842385,0.730556862,49.26901377,2.269443138,49.26944314,3.269443138,49.73055686,1.269443138,50.26944314,2.269443138,50.25346888,3.25346888,50.73055686,0.818845646,51.21383744,2.260638115,50.71770288,3.145301622
1533,76.65,48.82247121,0.695246773,49.30428569,2.304753227,49.30475323,3.304753227,49.69524677,1.304753227,50.30475323,2.304753227,50.27873666,3.27873666,50.69524677,0.791750542,51.24393923,2.294996309,50.67495734,3.158987672
1534,76.7,48.79434565,0.657763756,49.34173054,2.342236244,49.34223624,3.342236244,49.65776376,1.342236244,50.34223624,2.342236244,50.30379721,3.303797207,50.65776376,0.76248251,51.27621395,2.331527432,50.62864641,3.172328488
1535,76.75,48.7642556,0.618107811,49.38134832,2.381892189,49.38189219,3.381892189,49.61810781,1.381892189,50.38189219,2.381892189,50.32845641,3.328456411,50.61810781,0.731041549,51.3106616,2.370231483,50.57902945,3.186039342
1536,76.8,48.73261796,0.576278936,49.42313903,2.423721064,49.42372106,3.423533864,49.57627894,1.423721064,50.42372106,2.423721064,50.35242447,3.352424468,50.57627894,0.697427659,51.34728217,2.411108463,50.52649489,3.201088005
1537,76.85,48.69899596,0.532277134,49.46710266,2.467722866,49.46772287,3.466786871,49.53227713,1.467722866,50.46772287,2.467722866,50.37569092,3.375690922,50.53227713,0.661640841,51.38607568,2.454158371,50.47163504,3.217885895
1538,76.9,48.66376675,0.498053509,49.51323923,2.513897598,49.5138976,3.500448898,49.4861024,1.513897598,50.5138976,2.513897598,50.39819831,3.398198312,50.4861024,0.623681094,51.42704211,2.499381208,50.41532544,3.237466191
1539,76.95,48.62636461,0.498053509,49.56154872,2.562245257,49.56224526,3.500448898,49.43775474,1.562245257,50.56224526,2.562245257,50.420435,3.420434999,50.43775474,0.583548419,51.47018147,2.546776974,50.35863716,3.260672555
1540,77,48.58678954,0.498053509,49.61203114,2.612765846,49.61276585,3.500448898,49.38723415,1.612765846,50.61276585,2.612765846,50.44326539,3.443265389,50.38723415,0.541242816,51.51549377,2.596276896,50.30244055,3.28828936
1541,77.05,48.54504154,0.498053509,49.66468649,2.665459363,49.6647765,3.500448898,49.33454064,1.665459363,50.66545936,2.665459363,50.46855383,3.468553833,50.33454064,0.50829134,51.56239439,2.647743431,50.24668548,3.319412293
1542,77.1,48.50165613,0.498053509,49.71951477,2.720325808,49.71622681,3.500448898,49.27967419,1.720325808,50.72032581,2.720325808,50.49605172,3.496051722,50.27967419,0.507748108,51.60971418,2.701382895,50.19021499,3.354165662
1543,77.15,48.45770438,0.498053509,49.77651598,2.777365182,49.76728861,3.500448898,49.22263482,1.777365182,50.77736518,2.777365182,50.52664192,3.503437234,50.22263482,0.505031948,51.65896302,2.757195287,50.13309865,3.392046307
1544,77.2,48.41157969,0.498053509,49.83641143,2.837298801,49.81781244,3.499803143,49.16342252,1.836577485,50.83657748,2.836577485,50.5613018,3.503437234,50.16342252,0.500142859,51.70965314,2.815180608,50.07440197,3.430974266
1545,77.25,48.36346247,0.498053509,49.90093305,2.901858582,49.86593978,3.49676089,49.10203728,1.897962716,50.89796272,2.897962716,50.59959315,3.503437234,50.10203728,0.498513162,51.76251619,2.875338857,50.01174936,3.469725716
1546,77.3,48.31371346,0.498053509,49.96864425,2.969607948,49.91229384,3.49194537,49.03847912,1.961520875,50.96172117,2.961721171,50.64138187,3.503437234,50.03847912,0.498513162,51.81679284,2.937670035,49.94503392,3.497703577
1547,77.35,48.26179152,0.498053509,50.04001224,3.041014109,49.95754313,3.486025071,48.97274804,2.027251963,51.02838972,3.028389722,50.68640311,3.503437234,49.97274804,0.498513162,51.87045677,3.002174141,49.8746338,3.49827061
1548,77.4,48.20769666,0.498053509,50.11761483,3.118654861,50.0038566,3.481168956,48.90484402,2.09515598,51.09770037,3.097700373,50.73328002,3.503437234,49.90484402,0.498513162,51.92477079,3.068851176,49.80249535,3.499971711
1549,77.45,48.15144819,0.498053509,50.20180566,3.20288386,50.0535602,3.479702962,48.83476708,2.165232925,51.16933522,3.169335217,50.7816221,3.503437234,49.83476708,0.498513162,51.98125773,3.137701139,49.72992,3.499971711
1550,77.5,48.09309657,0.498053509,50.29419139,3.295307753,50.10721499,3.48218817,48.7625172,2.237482799,51.24292096,3.242920955,50.82908844,3.503437234,49.7625172,0.498513162,52.0399176,3.208724031,49.65796926,3.499971711
1551,77.55,48.0326949,0.498053509,50.3932003,3.394354837,50.16629964,3.490103234,48.6880944,2.311905601,51.31803471,3.318034708,50.87458751,3.503437234,49.6880944,0.498513162,52.1007504,3.281919852,49.58695375,3.499971711
1552,77.6,47.97038293,0.498053509,50.49599588,3.497188578,50.23353359,3.500515829,48.61149867,2.388501331,51.39422241,3.39422241,50.91886515,3.503437234,49.61149867,0.498513162,52.16375613,3.357288601,49.51590875,3.499971711
1553,77.65,47.90613756,0.498053509,50.60132453,3.523411474,50.30897856,3.500515829,48.53273001,2.467269991,51.4710379,3.471037901,50.96272072,3.503437234,49.53273001,0.498513162,52.22893478,3.434830278,49.44432155,3.499971711
1554,77.7,47.8404379,0.498053509,50.7085511,3.523411474,50.39109428,3.500515829,48.45178842,2.548211579,51.54810452,3.490314457,51.00659003,3.503437234,49.45178842,0.498513162,52.29628637,3.494208809,49.37056142,3.499618564
1555,77.75,47.77256531,0.498053509,50.81752114,3.523411474,50.47973342,3.500515829,48.36867391,2.631326095,51.62522314,3.490379665,51.05071079,3.503437234,49.36867391,0.498513162,52.36581088,3.494752041,49.29462836,3.498749206
1556,77.8,47.70251979,0.498053509,50.92792016,3.523411474,50.5746141,3.500515829,48.28338646,2.71661354,51.7023906,3.490493717,51.09542423,3.503437234,49.28338646,0.498513162,52.43696095,3.496920832,49.21652237,3.49931946
1557,77.85,47.63091518,0.498053509,51.04007469,3.523411474,50.67614517,3.500515829,48.19592609,2.804073913,51.7801521,3.491201804,51.14047017,3.503437234,49.19592609,0.498513162,52.50809331,3.499071903,49.13624345,3.499670998
1558,77.9,47.55897915,0.498053509,51.1542145,3.523411474,50.78432459,3.500515829,48.10629278,2.893707215,51.85963093,3.493627218,51.1867353,3.503437234,49.10629278,0.498513162,52.57920501,3.499600964,49.0537916,3.500022536
1559,77.95,47.48487018,0.498053509,51.27035123,3.523411474,50.89915241,3.500515829,48.01448655,2.985513445,51.93980194,3.496744815,51.23609526,3.503437234,49.01448655,0.498513162,52.65030025,3.499579769,48.96916683,3.4996712
1560,78,47.40858829,0.498053509,51.38551406,3.523411474,51.02063121,3.500515829,47.9205074,3.079492604,52.02225546,3.500370302,51.28812114,3.503437234,48.9205074,0.498513162,52.72138929,3.499552375,48.88236913,3.498651543
1561,78.05,47.33013347,0.498053509,51.50009519,3.523411474,51.14876765,3.500515829,47.82435531,3.175644692,52.10697257,3.500370302,51.34258495,3.503437234,48.82435531,0.498513162,52.792481,3.499527652,48.79339849,3.498987235
1562,78.1,47.24950573,0.498053509,51.61423507,3.523411474,51.28357562,3.500515829,47.72603029,3.273969708,52.19395155,3.500370302,51.39938748,3.503437234,48.72603029,0.498513162,52.86357552,3.499505746,48.70225493,3.499685136
1563,78.15,47.16679772,0.498053509,51.72799866,3.523411474,51.42509561,3.500515829,47.62553235,3.374467653,52.28319712,3.500370302,51.45826248,3.503437234,48.62553235,0.498513162,52.93467302,3.499486808,48.60893845,3.499685136
1564,78.2,47.08219481,0.498053509,51.84138933,3.523411474,51.5723204,3.500515829,47.52286147,3.477138526,52.37456012,3.500370302,51.51984817,3.503437234,48.52286147,0.498513162,53.00561975,3.499470999,48.51344903,3.499685136
1565,78.25,46.99541897,0.498053509,51.95441476,3.523411474,51.72199712,3.500515829,47.41801767,3.503213668,52.46719432,3.500370302,51.58800136,3.503437234,48.41801767,0.498513162,53.07610813,3.49945849,48.41578668,3.499381141
1566,78.3,46.9064702,0.498053509,52.06708251,3.523411474,51.87459595,3.500515829,47.31100094,3.503213668,52.55993666,3.500370302,51.66274312,3.503437234,48.31100094,0.498513162,53.14659999,3.499449461,48.31595141,3.498488145
1567,78.35,46.8153485,0.498053509,52.17940109,3.523411474,52.03175251,3.500515829,47.20181128,3.503213668,52.65279207,3.500370302,51.74407876,3.503437234,48.20181128,0.498513162,53.21709551,3.499444093,48.2139432,3.49834838
1568,78.4,46.72205387,0.498053509,52.29131023,3.523411474,52.19349511,3.500515829,47.0904487,3.503213668,52.74574405,3.500370302,51.8320026,3.503437234,48.0904487,0.498513162,53.28757294,3.49944257,48.10976207,3.497930598
1569,78.45,46.62658631,0.498053509,52.40276331,3.523411474,52.35988084,3.500515829,46.97691318,3.503213668,52.83875449,3.500370302,51.92651369,3.503437234,47.97691318,0.498513162,53.35798862,3.499445074,48.00340801,3.499163413
1570,78.5,46.52894763,0.498053509,52.51367245,3.523411474,52.53103314,3.500515829,46.86120474,3.503213668,52.93189532,3.500370302,52.02761144,3.503437234,47.86120474,0.498513162,53.42840851,3.49945179,47.89488102,3.499879041
1571,78.55,46.42953859,0.498053509,52.62383529,3.523411474,52.70708321,3.500515829,46.74332336,3.503213668,53.02517314,3.500370302,52.13529582,3.503437234,47.74332336,0.498513162,53.49883279,3.499462901,47.78418111,3.499879041
1572,78.6,46.32914809,0.498053509,52.73379479,3.523411474,52.88694928,3.500515829,46.62326906,3.503213668,53.11859505,3.500370302,52.24956751,3.503437234,47.62326906,0.498513162,53.5687193,3.498936235,47.67130826,3.499879041
1573,78.65,46.22658467,0.498053509,52.8463541,3.523411474,53.06843282,3.500515829,46.50104183,3.503213668,53.21194039,3.500370302,52.36988659,3.503437234,47.50104183,0.498513162,53.63621686,3.496249015,47.55626249,3.499879041
1574,78.7,46.12184831,0.498053509,52.9625237,3.523411474,53.25393579,3.500515829,46.37664167,3.503213668,53.304775,3.500370302,52.494631,3.503437234,47.37664167,0.498513162,53.70089282,3.491425376,47.43904378,3.499879041
1575,78.75,46.01507176,0.498053509,53.08300797,3.523411474,53.44290945,3.500515829,46.25006859,3.503213668,53.39889978,3.500370302,52.62380168,3.503437234,47.25006859,0.498513162,53.76298017,3.484013118,47.31965215,3.499335809
1576,78.8,45.90652045,0.498053509,53.20941547,3.523411474,53.63197871,3.500515829,46.12132257,3.503213668,53.49750261,3.500370302,52.75739955,3.503437234,47.12132257,0.498513162,53.82110506,3.47263841,47.19808759,3.497706113
1577,78.85,45.79579621,0.498053509,53.34172156,3.523411474,53.82089757,3.500515829,45.99040363,3.503213668,53.60053647,3.500370302,52.89542531,3.503437234,46.99040363,0.498513162,53.87614466,3.458178405,47.0743501,3.498249345
1578,78.9,45.68289904,0.498053509,53.4798493,3.523411474,54.00814742,3.49927533,45.85731176,3.503213668,53.70790843,3.500370302,53.03787946,3.503437234,46.85731176,0.498513162,53.93067936,3.443157351,46.94843969,3.499879041
1579,78.95,45.56782894,0.498053509,53.6236559,3.523411474,54.1904867,3.493124267,45.72204695,3.503213668,53.81943033,3.500370302,53.18476227,3.503437234,46.72204695,0.498513162,53.98704923,3.429803007,46.82035634,3.499879041
1580,79,45.45167238,0.498053509,53.77228231,3.523411474,54.36871013,3.482857346,45.58460922,3.503213668,53.93363592,3.500370302,53.33661463,3.503437234,46.58460922,0.498513162,54.04482949,3.41845088,46.69010007,3.499879041
1581,79.05,45.33660229,0.498053509,53.92411843,3.523411474,54.5442044,3.469861271,45.44499857,3.503213668,54.04720737,3.500370302,53.49552453,3.503437234,46.44499857,0.498513162,54.10287397,3.409138427,46.55767087,3.499879041
1582,79.1,45.21954753,0.498053509,54.07987477,3.523411474,54.7154124,3.452578921,45.30321498,3.503213668,54.16079778,3.500370302,53.66286194,3.503437234,46.30321498,0.498513162,54.16539814,3.404305658,46.42306874,3.499888704
1583,79.15,45.10088467,0.498053509,54.23705281,3.523411474,54.88252653,3.431202702,45.15925846,3.503213668,54.27470551,3.500370302,53.83850985,3.503437234,46.15925846,0.498513162,54.23504365,3.406594231,46.28629368,3.49983251
1584,79.2,44.98004887,0.498053509,54.39149313,3.523411474,55.04631983,3.406505647,45.01312902,3.503213668,54.39010103,3.500370302,54.02231271,3.503437234,46.01312902,0.498513162,54.31295833,3.417151975,46.14734569,3.499952184
1585,79.25,44.85715439,0.498053509,54.5416936,3.523411474,55.20913414,3.380829614,44.86482665,3.503213668,54.50522618,3.500370302,54.21405222,3.503437234,45.86482665,0.498513162,54.39792139,3.43475809,46.00622477,3.500327401
1586,79.3,44.73246821,0.498053509,54.68782631,3.523411474,55.37249211,3.355697234,44.71435135,3.503213668,54.6200228,3.500370302,54.41331053,3.503437234,45.71435135,0.498513162,54.49040592,3.459885684,45.86293093,3.500327401
1587,79.35,44.60572458,0.498053509,54.8302516,3.523411474,55.53647973,3.331194503,44.56170312,3.503213668,54.73474264,3.500370302,54.61876056,3.503437234,45.56170312,0.498513162,54.59160654,3.493882359,45.71746415,3.500327401
1588,79.4,44.47680802,0.498053509,54.96947515,3.523411474,55.70117092,3.307344508,44.40688196,3.503213668,54.84990457,3.500370302,54.8282573,3.503437234,45.40688196,0.498513162,54.70194209,3.504232163,45.56982445,3.500327401
1589,79.45,44.34592548,0.498053509,55.10534388,3.523411474,55.86696941,3.284063938,44.24988787,3.503213668,54.9653312,3.500370302,55.04207705,3.503437234,45.24988787,0.498513162,54.8210421,3.504232163,45.42001182,3.500327401
1590,79.5,44.21396259,0.498053509,55.23768402,3.523411474,56.03494082,3.261800283,44.09072086,3.503213668,55.08226242,3.500370302,55.25925532,3.503437234,45.09072086,0.498513162,54.94890297,3.504232163,45.26802626,3.500327401
1591,79.55,44.08124202,0.498053509,55.36493161,3.523411474,56.20508516,3.241709556,43.92938092,3.503213668,55.20405382,3.500370302,55.47659232,3.503437234,44.92938092,0.498513162,55.08552269,3.504232163,45.11386777,3.500327401
1592,79.6,43.94634853,0.498053509,55.48781319,3.523411474,56.37740243,3.223791758,43.76586804,3.503213668,55.3304984,3.500370302,55.69266661,3.503437234,44.76586804,0.498513162,55.230902,3.504232163,44.95753636,3.500327401
1593,79.65,43.80928211,0.498053509,55.60956098,3.523411474,56.55189263,3.207874757,43.60018224,3.503213668,55.46158117,3.500370302,55.90479485,3.503437234,44.60018224,0.498513162,55.38504435,3.504232163,44.79903201,3.500327401
1594,79.7,43.67004275,0.498053509,55.73067233,3.523411474,56.72855576,3.193414535,43.43232351,3.503213668,55.59730755,3.500370302,56.11278131,3.503437234,44.43232351,0.498513162,55.54795582,3.504232163,44.63835474,3.500327401
1595,79.75,43.52863047,0.498053509,55.85122869,3.523411474,56.90739181,3.180527971,43.26229186,3.503213668,55.73769653,3.500370302,56.31656035,3.503437234,44.26229186,0.498513162,55.71964634,3.504232163,44.47550454,3.500327401
1596,79.8,43.38568567,0.498053509,55.97123116,3.523411474,57.0884008,3.169814335,43.09008727,3.503213668,55.88278416,3.500370302,56.51609917,3.503437234,44.09008727,0.498513162,55.89958959,3.504232163,44.31048141,3.500327401
1597,79.85,43.24248914,0.498053509,56.09062446,3.523411474,57.27158271,3.161273628,42.91570976,3.503213668,56.03263763,3.500370302,56.71192074,3.503437234,43.91570976,0.498513162,56.08618417,3.504232163,44.14328535,3.500327401
1598,79.9,43.09711969,0.498053509,56.20925275,3.523411474,57.45693755,3.15490585,42.73915931,3.503213668,56.18741967,3.500370302,56.90563983,3.503437234,43.73915931,0.498513162,56.27921558,3.504232163,43.97391636,3.500327401
1599,79.95,42.94957731,0.498053509,56.32733639,3.523411474,57.64446532,3.150711,42.56043594,3.503213668,56.34855337,3.500370302,57.09724689,3.503437234,43.56043594,0.498513162,56.47615014,3.504232163,43.80237444,3.500327401
1600,80,42.7993184,0.498053509,56.44622683,3.523411474,57.83416602,3.148689079,42.37953964,3.503213668,56.51951684,3.500370302,57.28726311,3.503437234,43.38008324,0.498513162,56.67144679,3.504232163,43.6286596,3.500327401
1601,80.05,42.64471216,0.498053509,56.56658792,3.523411474,58.02603965,3.148840086,42.19647041,3.503213668,56.69919244,3.500370302,57.47726948,3.503437234,43.19973205,0.498513162,56.86474373,3.504232163,43.45277183,3.500327401
1602,80.1,42.48575853,0.498053509,56.69081965,3.523411474,58.2200862,3.151164021,42.01122825,3.503213668,56.88446743,3.500370302,57.66726614,3.503437234,43.01938242,0.498513162,57.05595402,3.504232163,43.27471112,3.500327401
1603,80.15,42.32245746,0.498053509,56.82071292,3.523411474,58.41630569,3.155660886,41.82381317,3.503213668,57.07469753,3.500370302,57.85725313,3.503437234,42.8390344,0.498513162,57.24503618,3.504232163,43.09447749,3.500327401
1604,80.2,42.1548089,0.498053509,56.9566067,3.523411474,58.6146981,3.161954122,41.63422515,3.503213668,57.26970332,3.500370302,58.04723043,3.503437234,42.65868803,0.498513162,57.43196059,3.504232163,42.91207094,3.500327401
1605,80.25,41.98281281,0.498053509,57.09863774,3.523411474,58.81526344,3.169290618,41.44246421,3.503213668,57.46941128,3.500370302,58.23719795,3.503437234,42.47834335,0.498513162,57.61669575,3.504232163,42.72749145,3.500327401
1606,80.3,41.80646916,0.498053509,57.24687997,3.523411474,59.01800171,3.178800042,41.24853034,3.503213668,57.67379964,3.500370302,58.42715554,3.503437234,42.29800038,0.498513162,57.79918904,3.504232163,42.54073903,3.500327401
1607,80.35,41.62577794,0.498053509,57.40137938,3.523411474,59.22291291,3.190482394,41.05242354,3.503213668,57.88291698,3.500370302,58.61710295,3.503437234,42.11765913,0.498513162,57.97922944,3.504232163,42.35181369,3.500327401
1608,80.4,41.44073915,0.498053509,57.56216692,3.523411474,59.42999703,3.204332621,40.85414381,3.503213668,58.09593055,3.500370302,58.80703987,3.503437234,41.93731958,0.498513162,58.15759164,3.504232163,42.16071542,3.500327401
1609,80.45,41.25203365,0.498053509,57.7292643,3.523411474,59.63925409,3.220249336,40.65369115,3.503213668,58.3098123,3.500370302,58.99696588,3.503437234,41.75630088,0.498513162,58.3379354,3.504232163,41.96744421,3.500327401
1610,80.5,41.06102317,0.498053509,57.90268698,3.523411474,59.85068407,3.237233176,40.45106557,3.503213668,58.52398287,3.500370302,59.18688056,3.503437234,41.5732413,0.498513162,58.5204072,3.504232163,41.77200008,3.500327401
1611,80.55,40.86566516,0.498053509,58.08244594,3.523411474,60.06428699,3.253894028,40.24626706,3.503213668,58.73836372,3.500370302,59.3767834,3.503437234,41.39018336,0.498513162,58.70504798,3.504232163,41.57438303,3.500327401
1612,80.6,40.66595967,0.498053509,58.26854888,3.523411474,60.28006283,3.272154807,40.03929561,3.503213668,58.95292149,3.500370302,59.56667387,3.503437234,41.20712704,0.498513162,58.89187726,3.504232163,41.37459304,3.500327401
1613,80.65,40.46202329,0.498053509,58.46100099,3.523411474,60.4980116,3.290663584,39.83015124,3.503213668,59.16763748,3.500370302,59.75655137,3.503437234,41.02395595,0.498513162,59.08090685,3.504232163,41.17263012,3.500327401
1614,80.7,40.2549188,0.498053509,58.65980539,3.523411474,60.71813329,3.310727506,39.61883394,3.503213668,59.3825,3.500370302,59.94641524,3.503437234,40.83960775,0.498513162,59.27214518,3.504232163,40.96849428,3.500327401
1615,80.75,40.04595587,0.498053509,58.86496337,3.523411474,60.94042792,3.332964356,39.40534371,3.503213668,59.59750146,3.500370302,60.13626475,3.503437234,40.65222853,0.498513162,59.46559906,3.504232163,40.76218551,3.500327401
1616,80.8,39.8332272,0.498053509,59.07647455,3.523411474,61.16489548,3.356823702,39.18968056,3.503213668,59.81263706,3.500370302,60.32609907,3.503437234,40.46267637,0.498513162,59.6612747,3.504232163,40.55370381,3.500327401
1617,80.85,39.61843952,0.498053509,59.29433684,3.523411474,61.39153596,3.381204676,38.97184447,3.503213668,60.0279041,3.500370302,60.51591727,3.503437234,40.27095129,0.498513162,59.85917821,3.504232163,40.34304918,3.500327401
1618,80.9,39.40147892,0.498053509,59.51854631,3.523411474,61.62034937,3.407758579,38.75183546,3.503213668,60.2433016,3.500370302,60.7057183,3.503437234,40.07705329,0.498513162,60.05931617,3.504232163,40.13022162,3.500327401
1619,80.95,39.18234539,0.498053509,59.74864342,3.523411474,61.85133571,3.43648541,38.52965352,3.503213668,60.45928412,3.500370302,60.89550092,3.503437234,39.88098235,0.498513162,60.261242,3.504232163,39.91522113,3.500327401
1620,81,38.96116747,0.498053509,59.9837136,3.523411474,62.08449498,3.46738517,38.30529864,3.503213668,60.67676137,3.500370302,61.08526368,3.503437234,39.68273848,0.498513162,60.46405659,3.504232163,39.69804772,3.500327401
1621,81.05,38.73820223,0.498053509,60.22510827,3.523411474,62.31982718,3.491782262,38.07877085,3.503213668,60.89437408,3.500370302,61.27500478,3.503437234,39.48232169,0.498513162,60.66913341,3.504232163,39.47870137,3.500327401
1622,81.1,38.51306407,0.498053509,60.4728093,3.523411474,62.5573323,3.492325494,37.85007012,3.503213668,61.11212788,3.500370302,61.46472206,3.503437234,39.27973197,0.498513162,60.87703009,3.504232163,39.2571821,3.500327401
1623,81.15,38.28575297,0.498053509,60.72679527,3.523411474,62.79701036,3.495041655,37.61919646,3.503213668,61.33002999,3.500370302,61.65387026,3.503437234,39.07496932,0.498513162,61.08939492,3.504232163,39.0334899,3.500327401
1624,81.2,38.05637503,0.498053509,60.98706246,3.523411474,63.03886134,3.499930744,37.38614988,3.503213668,61.54808705,3.500370302,61.84081778,3.503437234,38.86803374,0.498513162,61.30625677,3.504232163,38.80762477,3.500327401
1625,81.25,37.82540493,0.498053509,61.25361974,3.523411474,63.28288525,3.50156044,37.15093036,3.503213668,61.7663065,3.500370302,62.02503209,3.503437234,38.65892523,0.498513162,61.52765983,3.504232163,38.57958671,3.500327401
1626,81.3,37.59304938,0.498053509,61.52610775,3.523411474,63.52908209,3.50156044,36.91353792,3.503213668,61.98545413,3.500370302,62.20566311,3.503437234,38.4476438,0.498513162,61.75440624,3.504232163,38.34937573,3.500327401
1627,81.35,37.3585209,0.498053509,61.80452825,3.523411474,63.77745186,3.50156044,36.67397255,3.503213668,62.20702887,3.500370302,62.38417761,3.503437234,38.23418943,0.498513162,61.9881117,3.504232163,38.11699181,3.500327401
1628,81.4,37.12211171,0.498053509,62.09080553,3.523411474,64.02799456,3.50156044,36.43223425,3.503213668,62.42888491,3.500370302,62.55835295,3.503437234,38.01856214,0.498513162,62.22726433,3.504232163,37.88243497,3.500327401
1629,81.45,36.88472315,0.498053509,62.38333807,3.523411474,64.28071019,3.50156044,36.18832302,3.503213668,62.65118008,3.500370302,62.72904124,3.503437234,37.80076191,0.498513162,62.47385003,3.504232163,37.6457052,3.500327401
1630,81.5,36.64651148,0.498053509,62.67917023,3.523411474,64.53559874,3.50156044,35.94223887,3.503213668,62.87326821,3.499642764,62.89929835,3.503437234,37.58078876,0.498513162,62.72966088,3.504232163,37.4068025,3.500327401
1631,81.55,36.40789234,0.498053509,62.97821298,3.523411474,64.79266022,3.50156044,35.69398178,3.503213668,63.09310561,3.496664494,63.07097361,3.503437234,37.35864269,0.498513162,62.99412512,3.504232163,37.16572687,3.500327401
1632,81.6,36.16943494,0.498053509,63.27725424,3.523411474,65.05189463,3.50156044,35.44355177,3.503213668,63.31295632,3.493699537,63.24636112,3.503437234,37.13432368,0.498513162,63.26749206,3.504232163,36.92247831,3.500327401
1633,81.65,35.9312173,0.498053509,63.57039768,3.523411474,65.31330197,3.50156044,35.19094883,3.503213668,63.53363657,3.491564108,63.4262609,3.503437234,36.90783174,0.498513162,63.54961918,3.504232163,36.67705682,3.499784168
1634,81.7,35.69297165,0.498053509,63.85829268,3.523411474,65.57688224,3.50156044,34.93617296,3.503213668,63.75503659,3.490148464,63.61165697,3.503437234,36.67916688,0.498513162,63.83920778,3.504232163,36.42946241,3.497806609
1635,81.75,35.45475388,0.498053509,64.14114337,3.523411474,65.84263544,3.50156044,34.67922416,3.503213668,63.977423,3.489719196,63.80578339,3.503437234,36.44832908,0.498513162,64.13167473,3.504232163,36.17969506,3.496958388
1636,81.8,35.2162306,0.498053509,64.41943598,3.523411474,66.11056157,3.50156044,34.42010243,3.503213668,64.20198376,3.49146429,64.0081981,3.503437234,36.21531836,0.498513162,64.42331615,3.504232163,35.92775479,3.497566266
1637,81.85,34.97721308,0.498053509,64.69400947,3.523411474,66.38066062,3.50156044,34.15880777,3.503213668,64.43051901,3.497183873,64.2181085,3.503437234,35.98013471,0.498513162,64.71375028,3.504232163,35.67364159,3.497544266
1638,81.9,34.73647535,0.498053509,64.96369168,3.523411474,66.6529326,3.50156044,33.89534019,3.503213668,64.66377727,3.499509943,64.4367489,3.503437234,35.74277813,0.498513162,65.00440223,3.504232163,35.41735546,3.497632115
1639,81.95,34.49468057,0.498053509,65.22848327,3.523411474,66.92737751,3.50156044,33.62969968,3.503213668,64.90158282,3.499509943,64.66412612,3.503437234,35.50324863,0.498513162,65.29538139,3.504232163,35.15889641,3.499574519
1640,82,34.25327272,0.498053509,65.488319,3.523411474,67.20399535,3.50156044,33.36188624,3.503213668,65.14391431,3.499509943,64.89967853,3.503437234,35.26154619,0.498513162,65.58682188,3.504232163,34.89826442,3.500467544
1641,82.05,34.01041909,0.498053509,65.74358724,3.523411474,67.48278612,3.50156044,33.09189987,3.503213668,65.39075918,3.499509943,65.14172949,3.503437234,35.01767083,0.498513162,65.87891586,3.504232163,34.63545951,3.500467544
1642,82.1,33.76592392,0.498053509,65.99622909,3.523411474,67.76374982,3.50156044,32.81974057,3.503213668,65.64210993,3.499509943,65.39027919,3.503437234,34.77162253,0.498513162,66.17087138,3.504232163,34.37048166,3.500467544
1643,82.15,33.52085,0.498053509,66.24827628,3.523411474,68.04688644,3.50156044,32.54540834,3.503213668,65.89796218,3.499509943,65.64532774,3.503437234,34.52340131,0.498513162,66.45979018,3.504232163,34.10333089,3.500467544
1644,82.2,33.27399281,0.498053509,66.50154841,3.523411474,68.332196,3.50156044,32.26890318,3.503213668,66.15831372,3.499509943,65.9068752,3.503437234,34.27300716,0.498513162,66.7449544,3.504232163,33.83400719,3.500467544
1645,82.25,33.02630439,0.498053509,66.756393,3.523411474,68.61967848,3.50156044,31.9902251,3.503213668,66.42316397,3.499509943,66.17437772,3.503437234,34.02044008,0.498513162,67.02670829,3.504232163,33.56251056,3.500467544
1646,82.3,32.77696132,0.498053509,67.01293793,3.523411474,68.90933389,3.50156044,31.70937409,3.503213668,66.69251374,3.499509943,66.4462037,3.503437234,33.76570008,0.498513162,67.30659465,3.504232163,33.28884101,3.500467544
1647,82.35,32.52606761,0.498053509,67.27068813,3.523411474,69.20116223,3.50156044,31.42635015,3.503213668,66.9663651,3.499509943,66.72291192,3.503437234,33.50878714,0.498513162,67.58456295,3.504232163,33.01299852,3.500467544
1648,82.4,32.27543514,0.498053509,67.52800478,3.523411474,69.4951635,3.50156044,31.14115328,3.503213668,67.24472154,3.499509943,67.00617924,3.503437234,33.24970128,0.498513162,67.86057994,3.504232163,32.73498311,3.500467544
1649,82.45,32.02433168,0.498053509,67.78490994,3.523411474,69.79133769,3.50156044,30.85378348,3.503213668,67.52758848,3.499509943,67.29600785,3.503437234,32.98844249,0.498513162,68.134621,3.504232163,32.45479476,3.500467544
1650,82.5,31.7710553,0.498053509,68.04141573,3.523411474,70.08968482,3.50156044,30.56424075,3.503213668,67.81497387,3.499509943,67.59294457,3.503437234,32.72501076,0.498513162,68.40612328,3.504232163,32.17243349,3.500467544
1651,82.55,48.99945677,0.999456768,49.00054323,2.000543232,49.00054323,3.000543232,49.99945677,1.000543232,50.00054323,2.000543232,50.00054323,3.000543232,50.99945677,0.999456768,51.00054323,2.000543232,50.99945677,3.000543232
1652,82.6,48.99746374,0.996740607,49.00325939,2.003259393,49.00325939,3.003259393,49.99674061,1.003259393,50.00325939,2.003259393,50.00325939,3.003259393,50.99674061,0.996740607,51.00325939,2.003259393,50.99674061,3.003259393
1653,82.65,48.99546717,0.991851518,49.00814848,2.008148482,49.00814848,3.008148482,49.99185152,1.008148482,50.00814848,2.008148482,50.00814848,3.008148482,50.99185152,0.991851518,51.00814848,2.008148482,50.99185152,3.008148482
1654,82.7,48.99232003,0.9847895,49.0152105,2.0152105,49.0152105,3.0152105,49.9847895,1.0152105,50.0152105,2.0152105,50.0152105,3.0152105,50.9847895,0.9847895,51.0152105,2.0152105,50.9847895,3.014133725
1655,82.75,48.99006704,0.975554554,49.02444545,2.024445446,49.02444545,3.024354005,49.97555455,1.024445446,50.02444545,2.024445446,50.02444545,3.024445446,50.97555455,0.975554554,51.02444545,2.024445446,50.97555455,3.019061572
1656,82.8,48.98586692,0.964146679,49.03585332,2.035853321,49.03585332,3.035396117,49.96414668,1.035853321,50.03585332,2.035853321,50.03585332,3.035853321,50.96414668,0.964146679,51.03585332,2.035853321,50.96414668,3.026162348
1657,82.85,48.98021802,0.950565876,49.04943412,2.049434124,49.04943412,3.048294179,49.95056588,1.049434124,50.04943412,2.049434124,50.04943412,3.049434124,50.95056588,0.950565876,51.04943412,2.049434124,50.95056588,3.035296096
1658,82.9,48.97253646,0.934812144,49.06518786,2.065187856,49.06518786,3.062414233,49.93481214,1.065187856,50.06518786,2.065187856,50.06518786,3.065187856,50.93481214,0.934812144,51.06518786,2.065187856,50.93481214,3.045903742
1659,82.95,48.96350875,0.916885484,49.08311452,2.083114516,49.08311452,3.078707215,49.91688548,1.083114516,50.08311452,2.083114516,50.08311452,3.083114516,50.91688548,0.916885484,51.08311452,2.083114516,50.91688548,3.057846829
1660,83,48.95508843,0.896785895,49.10321411,2.103214105,49.10321411,3.097173126,49.89678589,1.103214105,50.10321411,2.103214105,50.10321411,3.103214105,50.89678589,0.896785895,51.10321411,2.103057439,50.89678589,3.071962843
1661,83.05,48.94539514,0.874513377,49.12548662,2.125486623,49.12548662,3.117811965,49.87451338,1.125486623,50.12548662,2.125486623,50.12548662,3.125486623,50.87451338,0.874513377,51.12548662,2.12470329,50.87451338,3.088251787
1662,83.1,48.93352892,0.850067931,49.14993207,2.149932069,49.14993207,3.140491421,49.85006793,1.149932069,50.14993207,2.149932069,50.14993207,3.149932069,50.85006793,0.850067931,51.14993207,2.148522069,50.85006793,3.106671594
1663,83.15,48.92057624,0.823449557,49.17655044,2.176550443,49.17655044,3.164484749,49.82344956,1.176550443,50.17655044,2.176550443,50.17603317,3.176033167,50.82344956,0.823449557,51.17655044,2.174513777,50.82295713,3.125806845
1664,83.2,48.90871002,0.794658254,49.20534175,2.205341746,49.20534175,3.189264638,49.79465825,1.205341746,50.20534175,2.205341746,50.2021748,3.202174799,50.79465825,0.794658254,51.20534175,2.202678413,50.79171685,3.142501345
1665,83.25,48.89467088,0.763694022,49.23630598,2.236305978,49.23630598,3.216066238,49.76369402,1.236305978,50.23630598,2.236305978,50.22814074,3.228140737,50.76369402,0.763694022,51.23630598,2.233015978,50.75640423,3.159047711
1666,83.3,48.87907788,0.730556862,49.26944314,2.269443138,49.26944314,3.244108602,49.73055686,1.269443138,50.26944314,2.269443138,50.25390931,3.253909309,50.73055686,0.730556862,51.26944314,2.265526472,50.71709461,3.175482793
1667,83.35,48.86316918,0.695246773,49.30475323,2.304753227,49.30475323,3.272572386,49.69524677,1.304753227,50.30475323,2.304753227,50.27958815,3.279588151,50.69524677,0.695246773,51.30475323,2.300209894,50.67388814,3.190854085
1668,83.4,48.84551551,0.657763756,49.34223624,2.342236244,49.34223624,3.302261168,49.65776376,1.342236244,50.34223624,2.342236244,50.30507255,3.305072547,50.65776376,0.657763756,51.34223624,2.337066245,50.6269295,3.205879723
1669,83.45,48.82697281,0.618107811,49.38189219,2.381892189,49.38189219,3.333833754,49.61810781,1.381892189,50.38189219,2.381892189,50.3305666,3.330566601,50.61810781,0.618107811,51.38172384,2.376095524,50.57643794,3.219773905
1670,83.5,48.80625717,0.576278936,49.42372106,2.423721064,49.42372106,3.366711898,49.57627894,1.423721064,50.42372106,2.423721064,50.35573699,3.355736989,50.57627894,0.576278936,51.4228793,2.417297732,50.52277473,3.233888044
1671,83.55,48.7836696,0.532277134,49.46772287,2.467722866,49.46772287,3.40176297,49.53227713,1.467722866,50.46772287,2.467722866,50.38047462,3.380474622,50.53227713,0.532277134,51.46620768,2.460672868,50.46655756,3.249239171
1672,83.6,48.75993191,0.498053509,49.5138976,2.513897598,49.5138976,3.43898697,49.4861024,1.513897598,50.5138976,2.513897598,50.40544579,3.405445793,50.4861024,0.498053509,51.511709,2.506220933,50.40880474,3.265735799
1673,83.65,48.7343808,0.498053509,49.56224526,2.562245257,49.56224526,3.477917646,49.43775474,1.562245257,50.56224526,2.562245257,50.42988633,3.42988633,50.43775474,0.498053509,51.55938325,2.553941926,50.35080935,3.286335716
1674,83.7,48.70665675,0.498053509,49.61276585,2.612765846,49.61276585,3.507288857,49.38723415,1.612765846,50.61276585,2.612765846,50.45477367,3.454773672,50.38723415,0.498053509,51.60923042,2.603835848,50.29346004,3.311927572
1675,83.75,48.67675978,0.498053509,49.66545936,2.665459363,49.66485382,3.507288857,49.33454064,1.665459363,50.66545936,2.665459363,50.48145908,3.481459083,50.33454064,0.498053509,51.66125053,2.655902698,50.23662914,3.342137693
1676,83.8,48.64475608,0.498053509,49.72032581,2.720325808,49.7166208,3.507288857,49.27967419,1.720325808,50.72032581,2.720325808,50.51112815,3.503160871,50.27967419,0.498053509,51.71544356,2.710142477,50.17917008,3.375327539
1677,83.85,48.61077807,0.498053509,49.77736518,2.777365182,49.76790174,3.507288857,49.22263482,1.777365182,50.77736518,2.777365182,50.54392263,3.503160871,50.22263482,0.498053509,51.77180952,2.766555184,50.12092856,3.411907986
1678,83.9,48.57462714,0.498053509,49.83680928,2.836809285,49.8182937,3.507288857,49.16342252,1.836577485,50.83657748,2.836577485,50.58045826,3.503160871,50.16342252,0.498053509,51.83034841,2.82514082,50.06095164,3.45058052
1679,83.95,48.53630327,0.498053509,49.89994226,2.899942259,49.8661715,3.507288857,49.10203728,1.897962716,50.89823493,2.898234927,50.62067549,3.503160871,50.10203728,0.498053509,51.89106022,2.885899385,49.9968929,3.489491906
1680,84,48.49647819,0.498053509,49.96839474,2.96839474,49.91174637,3.507288857,49.03847912,1.961520875,50.96310155,2.963101549,50.66414332,3.503160871,50.03847912,0.498053509,51.95394497,2.948830878,49.92821221,3.498524784
1681,84.05,48.45652982,0.498053509,50.04171017,3.041710166,49.95581202,3.507288857,48.97274804,2.027251963,51.03095591,3.030955913,50.71070882,3.503160871,49.97274804,0.498053509,52.01900264,3.013935299,49.85459575,3.496393525
1682,84.1,48.41483534,0.498053509,50.11979073,3.119790725,50.0005655,3.507288857,48.90484402,2.09515598,51.10153016,3.101530156,50.75905412,3.503160871,49.90484402,0.498053509,52.08623324,3.081212649,49.77992809,3.497053533
1683,84.15,48.37193792,0.498053509,50.20387772,3.203877716,50.04845787,3.507288857,48.83476708,2.165232925,51.17450085,3.174500848,50.80880231,3.503160871,49.83476708,0.498053509,52.15563678,3.150169677,49.70528534,3.498801968
1684,84.2,48.32686756,0.498053509,50.29669935,3.29669935,50.10006918,3.507288857,48.7625172,2.237482799,51.24948141,3.249481414,50.85820434,3.503160871,49.7625172,0.498053509,52.22721324,3.21981988,49.63154376,3.498801968
1685,84.25,48.27962427,0.498053509,50.39594118,3.395941179,50.15635242,3.507288857,48.6880944,2.311905601,51.32602741,3.326027406,50.90787152,3.503160871,49.6880944,0.498053509,52.30096262,3.291643011,49.55887898,3.499896585
1686,84.3,48.23050189,0.498053509,50.49910834,3.499108335,50.21835666,3.507288857,48.61149867,2.388501331,51.40365859,3.403658595,50.95854878,3.503160871,49.61149867,0.498053509,52.37688494,3.365639072,49.48624355,3.500991202
1687,84.35,48.18008805,0.498053509,50.60493762,3.525444664,50.28630113,3.507288857,48.53273001,2.467269991,51.48190372,3.48190372,51.01048056,3.503160871,49.53273001,0.498053509,52.45498019,3.44180806,49.41307957,3.500991202
1688,84.4,48.12751791,0.498053509,50.71270082,3.525444664,50.35923756,3.507288857,48.45178842,2.548211579,51.56036492,3.501518582,51.06248945,3.503160871,49.45178842,0.498053509,52.53524836,3.500157074,49.33774267,3.500991202
1689,84.45,48.07364006,0.498053509,50.82239473,3.525444664,50.43877621,3.507288857,48.36867391,2.631326095,51.63883302,3.501518582,51.11466691,3.503160871,49.36867391,0.498053509,52.61768946,3.500157074,49.26023284,3.500991202
1690,84.5,48.02003526,0.498053509,50.93402326,3.525444664,50.52490945,3.507288857,48.28338646,2.71661354,51.71730771,3.501518582,51.1670497,3.503160871,49.28338646,0.498053509,52.70230349,3.500157074,49.18055008,3.500991202
1691,84.55,47.96425754,0.498053509,51.04755501,3.525444664,50.61763128,3.507288857,48.19592609,2.804073913,51.79578867,3.501518582,51.21970528,3.503160871,49.19592609,0.498053509,52.78909045,3.500157074,49.09869439,3.500991202
1692,84.6,47.90630688,0.498053509,51.16342243,3.525444664,50.71693677,3.507288857,48.10629278,2.893707215,51.87375207,3.501518582,51.27278605,3.503160871,49.10629278,0.498053509,52.87805034,3.500157074,49.01466577,3.500991202
1693,84.65,47.84636423,0.498053509,51.28291895,3.525444664,50.82282163,3.507288857,48.01448655,2.985513445,51.9496284,3.501518582,51.32700168,3.503160871,49.01448655,0.498053509,52.96918316,3.500157074,48.92846422,3.500991202
1694,84.7,47.78507809,0.498053509,51.40450322,3.525444664,50.93528177,3.507288857,47.9205074,3.079492604,52.02342323,3.501518582,51.38445051,3.503160871,48.9205074,0.498053509,53.0624889,3.500157074,48.84008974,3.500991202
1695,84.75,47.72247907,0.498053509,51.52518724,3.525444664,51.05431333,3.507288857,47.82435531,3.175644692,52.09514364,3.501518582,51.44687271,3.503160871,48.82435531,0.498053509,53.15796757,3.500157074,48.74954234,3.500991202
1696,84.8,47.65773751,0.498053509,51.64528605,3.525444664,51.17991257,3.507288857,47.72603029,3.273969708,52.16479835,3.501518582,51.51400681,3.503160871,48.72603029,0.498053509,53.25561918,3.500157074,48.65682201,3.500991202
1697,84.85,47.59115064,0.498053509,51.76490697,3.525444664,51.31207528,3.507288857,47.62553235,3.374467653,52.23239838,3.501518582,51.5857696,3.503160871,48.62553235,0.498053509,53.35544371,3.500157074,48.56192875,3.500991202
1698,84.9,47.52310008,0.498053509,51.88410813,3.525444664,51.45079565,3.507288857,47.52286147,3.477138526,52.29795798,3.501518582,51.66211796,3.503160871,48.52286147,0.498053509,53.45744117,3.500157074,48.46486256,3.500991202
1699,84.95,47.45373484,0.498053509,52.00291135,3.525444664,51.5960632,3.507288857,47.41801767,3.503213668,52.36149627,3.501518582,51.74303934,3.503160871,48.41801767,0.498053509,53.56161155,3.500157074,48.36562344,3.500991202
1700,85,47.38477138,0.498053509,52.12131639,3.525444664,51.74838909,3.507288857,47.31100094,3.503213668,52.42250176,3.501518582,51.82858034,3.503160871,48.31100094,0.498053509,53.66795487,3.500157074,48.26421139,3.500991202
1701,85.05,47.313635,0.498053509,52.239303,3.525444664,51.90840496,3.507288857,47.20181128,3.503213668,52.47940125,3.501518582,51.91993535,3.503160871,48.20181128,0.498053509,53.77647111,3.500157074,48.16062642,3.500991202
1702,85.1,47.24034216,0.498053509,52.35682323,3.525444664,52.073146,3.507288857,47.0904487,3.503213668,52.53227096,3.501518582,52.02030176,3.503160871,48.0904487,0.498053509,53.88716029,3.500157074,48.05486851,3.500991202
1703,85.15,47.16492581,0.498053509,52.47382054,3.525444664,52.2422051,3.507288857,46.97691318,3.503213668,52.5812648,3.501518582,52.12952722,3.503160871,47.97691318,0.498053509,54.00002239,3.500157074,47.94693768,3.500991202
1704,85.2,47.08791657,0.498053509,52.59007752,3.525444664,52.41563961,3.507288857,46.86120474,3.503213668,52.62715893,3.501518582,52.24753532,3.503160871,47.86120474,0.498053509,54.11505742,3.500157074,47.83683392,3.500991202
1705,85.25,47.01133855,0.498053509,52.70389104,3.525444664,52.59347,3.507288857,46.74332336,3.503213668,52.67227576,3.501518582,52.374381,3.503160871,47.74332336,0.498053509,54.23226538,3.500157074,47.72455723,3.500991202
1706,85.3,46.9356319,0.498053509,52.81237316,3.525444664,52.77447622,3.507288857,46.62326906,3.503213668,52.71924855,3.501518582,52.5100471,3.503160871,47.62326906,0.498053509,54.35164627,3.500157074,47.61010761,3.500991202
1707,85.35,46.85910891,0.498053509,52.91597818,3.525444664,52.95524474,3.507288857,46.50104183,3.503213668,52.77086192,3.501518582,52.65451049,3.503160871,47.50104183,0.498053509,54.47320008,3.500157074,47.49348507,3.500991202
1708,85.4,46.77986976,0.498053509,53.01430728,3.525444664,53.13562255,3.507288857,46.37664167,3.503213668,52.82715811,3.501518582,52.80781097,3.503160871,47.37718491,0.498053509,54.59692683,3.500157074,47.37468959,3.500991202
1709,85.45,46.69628476,0.498053509,53.10826334,3.525444664,53.31271197,3.507288857,46.25006859,3.503213668,52.888089,3.501518582,52.96899509,3.503160871,47.25332798,0.498053509,54.7228265,3.500157074,47.25372119,3.500991202
1710,85.5,46.60835389,0.498053509,53.2013988,3.525444664,53.4857271,3.507288857,46.12132257,3.503213668,52.95473852,3.501518582,53.13509688,3.503160871,47.12947105,0.498053509,54.8508991,3.500157074,47.13057986,3.500991202
1711,85.55,46.51607717,0.498053509,53.29386898,3.525444664,53.65454444,3.507288857,45.99040363,3.503213668,53.03033082,3.501518582,53.30588424,3.503160871,47.00561413,0.498053509,54.98114463,3.500157074,47.00526559,3.500991202
1712,85.6,46.4194546,0.498053509,53.38561978,3.525444664,53.81966229,3.507288857,45.85731176,3.503213668,53.11425968,3.501518582,53.4812074,3.503160871,46.8817572,0.498053509,55.11356309,3.500157074,46.87777841,3.500991202
1713,85.65,46.31861439,0.498053509,53.47728843,3.525444664,53.9826963,3.507288857,45.72204695,3.503213668,53.20487966,3.501518582,53.65933582,3.503160871,46.75777204,0.498053509,55.24815448,3.500157074,46.74811829,3.500991202
1714,85.7,46.21381303,0.498053509,53.57215085,3.525444664,54.14362755,3.507288857,45.58460922,3.503213668,53.30218544,3.501518582,53.83797339,3.503160871,46.63340219,0.498053509,55.38491879,3.500157074,46.61628524,3.500991202
1715,85.75,46.10480632,0.498053509,53.67078146,3.525444664,54.30244295,3.507288857,45.44499857,3.503213668,53.40617487,3.501518582,54.01688983,3.503160871,46.50889183,0.498053509,55.52385604,3.500157074,46.48227927,3.500991202
1716,85.8,45.99187527,0.498053509,53.77332537,3.525444664,54.4591328,3.507288857,45.30321498,3.503213668,53.51684795,3.501518582,54.19600215,3.503160871,46.38395994,0.498053509,55.66496621,3.500157074,46.34610036,3.500991202
1717,85.85,45.87459838,0.498053509,53.8798776,3.525444664,54.61368942,3.507288857,45.15925846,3.503213668,53.63420644,3.501518582,54.3752587,3.503160871,46.25902805,0.498053509,55.80824931,3.500157074,46.20774853,3.500991202
1718,85.9,45.75297562,0.498053509,53.99042814,3.525444664,54.76610634,3.507288857,45.01312902,3.503213668,53.75825386,3.501518582,54.55519703,3.503160871,46.13409615,0.498053509,55.95370534,3.500157074,46.06722377,3.500991202
1719,85.95,45.62706772,0.498053509,54.10447894,3.525444664,54.91690739,3.507288857,44.86482665,3.503213668,53.88845118,3.501518582,54.73742789,3.503160871,46.00910355,0.498053509,56.1013343,3.500157074,45.92452608,3.500991202
1720,86,45.49743066,0.498053509,54.22043409,3.525444664,55.06767638,3.507288857,44.71435135,3.503213668,54.02317306,3.501518582,54.92194118,3.503160871,45.88349426,0.498053509,56.25113619,3.500157074,45.77965547,3.500991202
1721,86.05,45.36482802,0.498053509,54.33829482,3.525444664,55.21840916,3.507288857,44.56170312,3.503213668,54.16243066,3.501518582,55.10873041,3.503160871,45.75650467,0.498053509,56.403111,3.500157074,45.63261192,3.500991202
1722,86.1,45.22810927,0.498053509,54.45753107,3.525444664,55.36909981,3.507288857,44.40688196,3.503213668,54.30623887,3.501518582,55.29833559,3.503160871,45.62928535,0.498053509,56.55725874,3.500157074,45.48339545,3.500991202
1723,86.15,45.08704466,0.498053509,54.57655316,3.525444664,55.5197394,3.507288857,44.24988787,3.503213668,54.45461859,3.501518582,55.49230839,3.503160871,45.50206603,0.498053509,56.71357942,3.500157074,45.33200604,3.500991202
1724,86.2,44.9416342,0.498053509,54.69533549,3.525444664,55.67031223,3.507288857,44.09072086,3.503213668,54.60760143,3.501518582,55.6905998,3.503160871,45.3748467,0.498053509,56.87207302,3.500157074,45.17844371,3.500991202
1725,86.25,44.79187787,0.498053509,54.81383847,3.525444664,55.82078179,3.507288857,43.92938092,3.503213668,54.76523793,3.501518582,55.89338981,3.503160871,45.24762738,0.498053509,57.03273955,3.500157074,45.02270845,3.500991202
1726,86.3,44.63795964,0.498053509,54.93199598,3.525444664,55.97092889,3.507288857,43.76586804,3.503213668,54.92761749,3.501518582,56.09974364,3.503160871,45.12022411,0.498053509,57.19557901,3.500157074,44.86480026,3.500991202
1727,86.35,44.48024742,0.498053509,55.04968196,3.525444664,56.12150458,3.507288857,43.60018224,3.503213668,55.09492326,3.501518582,56.30640447,3.503160871,44.99226897,0.498053509,57.36057185,3.500157074,44.70471915,3.500991202
1728,86.4,44.31818934,0.498053509,55.16670103,3.525444664,56.27627616,3.507288857,43.43232351,3.503213668,55.26684185,3.501518582,56.51316236,3.503160871,44.86431384,0.498053509,57.52767902,3.500157074,44.5424651,3.500991202
1729,86.45,44.15283523,0.498053509,55.28387805,3.525444664,56.4353158,3.507288857,43.26229186,3.503213668,55.44119166,3.501518582,56.71998391,3.503160871,44.73530886,0.498053509,57.69695911,3.500157074,44.37803813,3.500991202
1730,86.5,43.98628479,0.498053509,55.40423393,3.525444664,56.59864703,3.507288857,43.09008727,3.503213668,55.61626816,3.501518582,56.92685305,3.503160871,44.60315438,0.498053509,57.86841213,3.500157074,44.21143822,3.500991202
1731,86.55,43.81593172,0.498053509,55.52840875,3.525444664,56.7662815,3.507288857,42.91570976,3.503213668,55.79176002,3.501518582,57.13376096,3.503160871,44.47045666,0.498053509,58.04203808,3.500157074,44.04266539,3.500991202
1732,86.6,43.64376407,0.498053509,55.65658478,3.525444664,56.93822612,3.507288857,42.73915931,3.503213668,55.9675479,3.501518582,57.34069746,3.503160871,44.33558602,0.498053509,58.21737145,3.500157074,43.87171963,3.500991202
1733,86.65,43.47049853,0.498053509,55.78884601,3.525444664,57.11448541,3.507288857,42.56043594,3.503213668,56.14356962,3.501518582,57.54764958,3.503160871,44.19854244,0.498053509,58.3934812,3.500157074,43.69860094,3.500991202
1734,86.7,43.29607652,0.498053509,55.92524024,3.525444664,57.29506249,3.507288857,42.37953964,3.503213668,56.31978742,3.501518582,57.75462857,3.503160871,44.05932594,0.498053509,58.57176389,3.500157074,43.52330933,3.500991202
1735,86.75,43.12272506,0.498053509,56.06579793,3.525444664,57.47995959,3.507288857,42.19647041,3.503213668,56.49617625,3.501518582,57.96163252,3.503160871,43.91793651,0.498053509,58.7522195,3.500157074,43.34584478,3.500991202
1736,86.8,42.94830958,0.498053509,56.21053998,3.525444664,57.66917832,3.507288857,42.01122825,3.503213668,56.67271853,3.501518582,58.16919904,3.503160871,43.77437415,0.498053509,58.93430723,3.500157074,43.16620731,3.500991202
1737,86.85,42.77330081,0.498053509,56.35948131,3.525444664,57.86271989,3.507288857,41.82381317,3.503213668,56.84940148,3.501518582,58.37893635,3.503160871,43.62863886,0.498053509,59.11640478,3.500157074,42.98439691,3.500991202
1738,86.9,42.5961191,0.498053509,56.5126329,3.525444664,58.06058517,3.507288857,41.63422515,3.503213668,57.02621563,3.501518582,58.59082985,3.503160871,43.48073065,0.498053509,59.29851256,3.500157074,42.80041357,3.500991202
1739,86.95,42.41710599,0.498053509,56.67000296,3.525444664,58.26277489,3.507288857,41.44246421,3.503213668,57.20315389,3.501518582,58.80490691,3.503160871,43.3306495,0.498053509,59.48063111,3.500157074,42.61425732,3.500991202
1740,87,42.23694454,0.498053509,56.83159759,3.525444664,58.46928961,3.507288857,41.24853034,3.503213668,57.38021101,3.501518582,59.02116648,3.503160871,43.17839543,0.498053509,59.66276101,3.500157074,42.42592813,3.500991202
1741,87.05,42.05461015,0.498053509,56.99742128,3.525444664,58.68012976,3.507288857,41.05242354,3.503213668,57.55738321,3.501518582,59.23960751,3.503160871,43.02396843,0.498053509,59.84490302,3.500157074,42.23542601,3.500991202
1742,87.1,41.87010284,0.498053509,57.16747717,3.525444664,58.89529567,3.507288857,40.85414381,3.503213668,57.73466792,3.501518582,59.46022617,3.503160871,42.86736849,0.498053509,60.02705802,3.500157074,42.04275097,3.500991202
1743,87.15,41.68369313,0.498053509,57.34176726,3.525444664,59.11478756,3.507288857,40.65369115,3.503213668,57.91206368,3.501518582,59.68300961,3.503160871,42.70859564,0.498053509,60.2092271,3.500157074,41.84790299,3.500991202
1744,87.2,41.49592208,0.498053509,57.52029254,3.525444664,59.33860555,3.507288857,40.45106557,3.503213668,58.08956999,3.501518582,59.90795229,3.503160871,42.54764985,0.498053509,60.39141164,3.500157074,41.65088209,3.500991202
1745,87.25,41.30612753,0.498053509,57.70305298,3.525444664,59.56674966,3.507288857,40.24626706,3.503213668,58.26718737,3.501518582,60.13507137,3.503160871,42.38453113,0.498053509,60.57361342,3.500157074,41.45168826,3.500991202
1746,87.3,41.11543095,0.498053509,57.8900476,3.525444664,59.79921983,3.507288857,40.03929561,3.503213668,58.44491731,3.501518582,60.36436491,3.503160871,42.21923949,0.498053509,60.75583482,3.500157074,41.2503215,3.500991202
1747,87.35,40.92502932,0.498053509,58.08127436,3.525444664,60.03601589,3.507288857,39.83015124,3.503213668,58.6227624,3.501518582,60.59582937,3.503160871,42.05177491,0.498053509,60.93807815,3.500157074,41.04678181,3.500991202
1748,87.4,40.73245475,0.498053509,58.27673009,3.525444664,60.27713758,3.507288857,39.61883394,3.503213668,58.80072645,3.501518582,60.82945912,3.503160871,41.88213741,0.498053509,61.12034637,3.500157074,40.8410692,3.500991202
1749,87.45,40.53770725,0.498053509,58.47641026,3.525444664,60.52258451,3.507288857,39.40534371,3.503213668,58.97881477,3.501518582,61.06525131,3.503160871,41.71032698,0.498053509,61.30211298,3.499630765,40.63318365,3.500991202
1750,87.5,40.34177129,0.498053509,58.68030872,3.525444664,60.77289305,3.507288857,39.18968056,3.503213668,59.15703448,3.501518582,61.30319287,3.503160871,41.53634362,0.498053509,61.48179377,3.497018637,40.42312518,3.500991202
1751,87.55,40.14661581,0.498053509,58.88841721,3.525444664,61.02966977,3.507288857,38.97184447,3.503213668,59.33539516,3.501518582,61.54321827,3.503160871,41.36018734,0.498053509,61.65959473,3.492526676,40.21089378,3.500991202
1752,87.6,39.95000692,0.498053509,59.10072463,3.525444664,61.29289727,3.507288857,38.75183546,3.503213668,59.51390971,3.501518582,61.78400216,3.503160871,41.18185812,0.498053509,61.83703815,3.487677178,39.99648945,3.500991202
1753,87.65,39.75382908,0.498053509,59.3172159,3.525444664,61.5625441,3.507288857,38.52965352,3.503213668,59.69259591,3.501518582,62.02203176,3.503160871,41.00135597,0.498053509,62.01730304,3.485649155,39.77991219,3.500991202
1754,87.7,39.55720314,0.498053509,59.53786984,3.525444664,61.83809089,3.507288857,38.30529864,3.503213668,59.87147922,3.501518582,62.25798477,3.503160871,40.8186809,0.498053509,62.19970624,3.486235524,39.561162,3.500991202
1755,87.75,39.35957007,0.498053509,59.76265543,3.525444664,62.11853419,3.507288857,38.07877085,3.503213668,60.05059821,3.501518582,62.49293733,3.503160871,40.6338329,0.498053509,62.38321914,3.489359862,39.34023888,3.500991202
1756,87.8,39.15976407,0.498053509,59.99152356,3.525444664,62.40521668,3.507288857,37.85007012,3.503213668,60.23001728,3.501518582,62.72557386,3.503160871,40.44681197,0.498053509,62.56937477,3.495126925,39.11714284,3.500991202
1757,87.85,38.95786547,0.498053509,60.22438621,3.525444664,62.69773422,3.507288857,37.61919646,3.503213668,60.40986419,3.501518582,62.95597459,3.503160871,40.25761811,0.498053509,62.75936498,3.501016219,38.89187387,3.500991202
1758,87.9,38.7540349,0.498053509,60.46103982,3.525444664,62.99442414,3.507288857,37.38614988,3.503213668,60.59052062,3.501518582,63.18422908,3.503160871,40.06625132,0.498053509,62.95626038,3.501016219,38.66443196,3.500991202
1759,87.95,38.5480314,0.498053509,60.70056309,3.525444664,63.29303576,3.507288857,37.15093036,3.503213668,60.77357744,3.501518582,63.41089319,3.503160871,39.87271161,0.498053509,63.15977536,3.501016219,38.43481713,3.500991202
1760,88,38.33985498,0.498053509,60.94064185,3.525444664,63.59243091,3.507288857,36.91353792,3.503213668,60.9617826,3.501518582,63.63800812,3.503160871,39.67699896,0.498053509,63.3698751,3.501016219,38.20302938,3.500991202
1761,88.05,38.13016702,0.498053509,61.18004659,3.525444664,63.88939281,3.507288857,36.67397255,3.503213668,61.1548519,3.501518582,63.86739378,3.503160871,39.47911339,0.498053509,63.58654441,3.501016219,37.96906869,3.500991202
1762,88.1,37.92056161,0.498053509,61.4190317,3.525444664,64.18407007,3.507288857,36.43223425,3.503213668,61.35262157,3.501518582,64.0989964,3.503160871,39.27905489,0.498053509,63.80977422,3.501016219,37.73293507,3.500991202
1763,88.15,37.70959709,0.498053509,61.65770789,3.525444664,64.47649661,3.507288857,36.18832302,3.503213668,61.55501253,3.501518582,64.33280192,3.503160871,39.07682346,0.498053509,64.03956134,3.501016219,37.49462853,3.500991202
1764,88.2,37.49645966,0.498053509,61.89613417,3.525444664,64.7666884,3.507288857,35.94223887,3.503213668,61.76197928,3.501518582,64.56880157,3.503160871,38.8724191,0.498053509,64.27590255,3.501016219,37.25414906,3.500991202
1765,88.25,37.28114929,0.498053509,62.13434648,3.525444664,65.05465484,3.507288857,35.69398178,3.503213668,61.97349289,3.501518582,64.8069899,3.503160871,38.66584182,0.498053509,64.51879552,3.501016219,37.01149665,3.500991202
1766,88.3,37.06366599,0.498053509,62.37236846,3.525444664,65.3404021,3.507288857,35.44355177,3.503213668,62.18953385,3.501518582,65.04736301,3.503160871,38.4570916,0.498053509,64.76823858,3.501016219,36.76667133,3.500991202
1767,88.35,36.84400977,0.498053509,62.61021631,3.525444664,65.62448242,3.507288857,35.19094883,3.503213668,62.41008863,3.501518582,65.28991867,3.503160871,38.24616846,0.498053509,65.02368333,3.501016219,36.51967307,3.500991202
1768,88.4,36.62218061,0.498053509,62.84790134,3.525444664,65.90854267,3.507288857,34.93617296,3.503213668,62.63514781,3.501518582,65.53465474,3.503160871,38.03307238,0.498053509,65.28348581,3.501016219,36.27050188,3.500991202
1769,88.45,36.39830433,0.498053509,63.08543136,3.525444664,66.19258454,3.507288857,34.67922416,3.503213668,62.86470501,3.501518582,65.78156933,3.503160871,37.81780338,0.498053509,65.54764646,3.501016219,36.01915776,3.500991202
1770,88.5,36.17263249,0.498053509,63.32281144,3.525444664,66.47660938,3.507288857,34.42010243,3.503213668,63.09875632,3.501518582,66.03066075,3.503160871,37.60036145,0.498053509,65.81616579,3.501016219,35.76564072,3.500991202
1771,88.55,35.94539012,0.498053509,63.56004445,3.525444664,66.7606183,3.507288857,34.15880777,3.503213668,63.33729988,3.501518582,66.28192738,3.503160871,37.3807466,0.498053509,66.08904448,3.501016219,35.50995075,3.500991202
1772,88.6,35.71778197,0.498053509,63.79713126,3.525444664,67.04461222,3.507288857,33.89534019,3.503213668,63.58033579,3.501518582,66.53536589,3.503160871,37.15895881,0.498053509,66.36628335,3.501016219,35.25208785,3.500991202
1773,88.65,35.48800088,0.498053509,64.0340708,3.525444664,67.32859191,3.507288857,33.62969968,3.503213668,63.82786609,3.501518582,66.79097108,3.503160871,36.93499809,0.498053509,66.64788346,3.501016219,34.99205202,3.500991202
1774,88.7,35.25630267,0.498053509,64.27086001,3.525444664,67.612558,3.507288857,33.36188624,3.503213668,64.07989494,3.501518582,67.04874629,3.503160871,36.70886445,0.498053509,66.93384616,3.501016219,34.72984326,3.500991202
1775,88.75,35.02338878,0.498053509,64.50749356,3.525444664,67.89705746,3.507288857,33.09189987,3.503213668,64.33642897,3.501518582,67.30814273,3.503160871,36.48055788,0.498053509,67.22417323,3.501016219,34.46546157,3.500991202
1776,88.8,34.78933869,0.498053509,64.74350756,3.525444664,68.18372985,3.507288857,32.81974057,3.503213668,64.59702391,3.501518582,67.56751952,3.503160871,36.25007838,0.498053509,67.51886719,3.501016219,34.19890696,3.500991202
1777,88.85,34.55451689,0.498053509,64.97797858,3.525444664,68.47257517,3.507288857,32.54540834,3.503213668,64.86078591,3.501518582,67.82687355,3.503160871,36.01742595,0.498053509,67.81793198,3.501016219,33.93017941,3.500991202
1778,88.9,34.31752217,0.498053509,65.21225665,3.525444664,68.76359342,3.507288857,32.26890318,3.503213668,65.12909786,3.501518582,68.08619975,3.503160871,35.78260059,0.498053509,68.12137431,3.501016219,33.65927894,3.500991202
1779,88.95,34.07835453,0.498053509,65.44631702,3.525444664,69.05678459,3.507288857,31.9902251,3.503213668,65.40199021,3.501518582,68.34548875,3.503160871,35.5456023,0.498053509,68.42920827,3.501016219,33.38620554,3.500991202
1780,89,33.83701395,0.498053509,65.68012168,3.525444664,69.3521487,3.507288857,31.70937409,3.503213668,65.67951135,3.501518582,68.60471642,3.503160871,35.30643109,0.498053509,68.74149171,3.501016219,33.11095921,3.500991202
1781,89.05,33.59350117,0.498053509,65.91360729,3.525444664,69.64968573,3.507288857,31.42635015,3.503213668,65.9617473,3.501518582,68.86477856,3.503160871,35.06508695,0.498053509,69.05723418,3.501016219,32.83353995,3.500991202
1782,89.1,33.34781763,0.498053509,66.14665146,3.525444664,69.94939569,3.507288857,31.14115328,3.503213668,66.24887971,3.501518582,69.128634,3.503160871,34.82156987,0.498053509,69.37309432,3.501016219,32.55394777,3.500991202
1783,89.15,33.09996117,0.498053509,66.3790488,3.525444664,70.25127858,3.507288857,30.85378348,3.503213668,66.54057239,3.501518582,69.39676648,3.503160871,34.57587987,0.498053509,69.68900409,3.501016219,32.27218265,3.500991202
1784,89.2,49.00054323,0.999456768,49.00054323,2.000543232,49.00054323,3.000543232,49.99945677,1.000543232,50.00054323,2.000543232,50.00054323,3.000543232,50.99945677,0.999456768,51.00054323,2.000543232,50.99945677,2.999939921
1785,89.25,49.00217293,0.996740607,49.00325939,2.003259393,49.00325939,3.002539903,49.99674061,1.003259393,50.00325939,2.003259393,50.00325939,3.003259393,50.99674061,0.996740607,51.00325939,2.003259393,50.99674061,2.999583483
1786,89.3,49.00165132,0.991851518,49.00814848,2.008148482,49.00814848,3.004551032,49.99185152,1.008148482,50.00814848,2.008148482,50.00814848,3.008148482,50.99185152,0.991914636,51.00814848,2.008148482,50.99185152,2.998891635
1787,89.35,48.99902164,0.9847895,49.0152105,2.0152105,49.0152105,3.00853418,49.9847895,1.0152105,50.0152105,2.0152105,50.0152105,3.0152105,50.9847895,0.985549321,51.0152105,2.014687038,50.9847895,2.998677097
1788,89.4,48.99421904,0.975554554,49.02444545,2.024445446,49.02444545,3.014087529,49.97555455,1.024445446,50.02444545,2.024445446,50.02444545,3.024445446,50.97555455,0.978539564,51.02444545,2.021828136,50.97555455,2.999234594
1789,89.45,48.9872435,0.964146679,49.03585332,2.035853321,49.03585332,3.021504073,49.96414668,1.035853321,50.03585332,2.035853321,50.03585332,3.035853321,50.96414668,0.969944248,51.03585332,2.031142163,50.96414668,2.998265653
1790,89.5,48.97809504,0.950565876,49.04943412,2.049434124,49.04943412,3.030164341,49.95056588,1.049434124,50.04943412,2.049434124,50.04943412,3.049434124,50.95056588,0.959176005,51.04943412,2.042629119,50.95056588,2.997316947
1791,89.55,48.96719928,0.934812144,49.06518786,2.065187856,49.06518786,3.040997538,49.93481214,1.065187856,50.06518786,2.065187856,50.06518786,3.065187856,50.93481214,0.946267084,51.06518786,2.056289003,50.93481214,2.996034457
1792,89.6,48.95563459,0.916885484,49.08311452,2.083114516,49.08311452,3.054003664,49.91688548,1.083114516,50.08311452,2.083114516,50.08311452,3.083114516,50.91688548,0.93128199,51.08311452,2.072121816,50.91688548,2.996899749
1793,89.65,48.94257824,0.896785895,49.10321411,2.103214105,49.10321411,3.069182718,49.89678589,1.103214105,50.10321411,2.103214105,50.10321411,3.103214105,50.89678589,0.914123967,51.10321411,2.090127557,50.89678589,2.99993797
1794,89.7,48.92734896,0.874513377,49.12548662,2.125486623,49.12548662,3.086477063,49.87451338,1.125486623,50.12548662,2.125486623,50.12548662,3.125486623,50.87451338,0.894793015,51.12548662,2.110306227,50.87451338,3.004660228
1795,89.75,48.91059909,0.850067931,49.14993207,2.149932069,49.14993207,3.105771423,49.85006793,1.149932069,50.14993207,2.149932069,50.14993207,3.149932069,50.85006793,0.873289135,51.14993207,2.132657825,50.85006793,3.010088742
1796,89.8,48.89408505,0.823449557,49.17655044,2.176550443,49.17655044,3.127238712,49.82344956,1.176550443,50.17655044,2.176550443,50.17655044,3.176550443,50.82344956,0.849612327,51.17655044,2.157182352,50.82305224,3.017052585
1797,89.85,48.87675342,0.794658254,49.20534175,2.205341746,49.20534175,3.149944145,49.79465825,1.205341746,50.20534175,2.205341746,50.2048832,3.2048832,50.79465825,0.82376259,51.20534175,2.183879807,50.79231108,3.02312607
1798,89.9,48.85724886,0.763694022,49.23630598,2.236305978,49.23630598,3.172018156,49.76369402,1.236305978,50.23630598,2.236305978,50.23348037,3.233480374,50.76369402,0.795739924,51.23630598,2.212750191,50.75800284,3.027123804
1799,89.95,48.83626285,0.730556862,49.26944314,2.269443138,49.26944314,3.196265095,49.73055686,1.269443138,50.26944314,2.269443138,50.26227597,3.262275966,50.73055686,0.76554433,51.26944314,2.243793503,50.7203355,3.029801276
1800,90,48.81527191,0.695246773,49.30475323,2.304753227,49.30475323,3.222573565,49.69524677,1.304753227,50.30475323,2.304753227,50.29144595,3.29144595,50.69524677,0.733175807,51.30475323,2.277009744,50.67958221,3.031041754
1801,90.05,48.79238881,0.657763756,49.34223624,2.342236244,49.34223624,3.250720771,49.65776376,1.342236244,50.34223624,2.342236244,50.32037302,3.320373016,50.65776376,0.698634356,51.34223624,2.312398913,50.63609932,3.032877478
1802,90.1,48.76743337,0.618107811,49.38189219,2.381892189,49.38189219,3.280637245,49.61810781,1.381892189,50.38189219,2.381892189,50.34983918,3.349839179,50.61810781,0.661919976,51.38189219,2.349961011,50.58963784,3.033790633
1803,90.15,48.7410165,0.576278936,49.42372106,2.423721064,49.42372106,3.310698048,49.57627894,1.423721064,50.42324931,2.423249313,50.3801742,3.3801742,50.57627894,0.623032668,51.42372106,2.389696038,50.53870301,3.03224502
1804,90.2,48.71410802,0.532277134,49.46772287,2.467722866,49.46772287,3.340415305,49.53227713,1.467722866,50.46581412,2.465814124,50.41188362,3.411883617,50.53227713,0.581972431,51.46772287,2.431603993,50.48411546,3.028769771
1805,90.25,48.68638329,0.498053509,49.5138976,2.513897598,49.5138976,3.371149343,49.4861024,1.513897598,50.51244961,2.512449609,50.44303978,3.443039784,50.4861024,0.538739266,51.5138976,2.475684876,50.42680812,3.026920592
1806,90.3,48.65716135,0.498053509,49.56224526,2.562245257,49.56224526,3.401160453,49.43775474,1.562245257,50.56249099,2.562490989,50.47510782,3.475107824,50.43775474,0.50509212,51.56224526,2.521938688,50.36776379,3.026593812
1807,90.35,48.62795572,0.498053509,49.61276585,2.612765846,49.61276585,3.433344492,49.38723415,1.612765846,50.61420385,2.614203855,50.51070956,3.501689656,50.38723415,0.504548887,51.61276585,2.570365429,50.30798859,3.026622632
1808,90.4,48.59706335,0.498053509,49.66545936,2.665459363,49.66545936,3.467330777,49.33454064,1.665459363,50.67104313,2.671043131,50.54706869,3.501689656,50.33454064,0.501832727,51.66545936,2.620965098,50.24846062,3.031244542
1809,90.45,48.56403801,0.498053509,49.71957926,2.71957926,49.72032581,3.493208727,49.27967419,1.720325808,50.73247376,2.73247376,50.58556372,3.501689656,50.27967419,0.50020303,51.72032581,2.673737696,50.18926335,3.039456536
1810,90.5,48.52895959,0.498053509,49.77347922,2.773479223,49.77659702,3.492983795,49.22263482,1.777365182,50.79716006,2.797160059,50.62845499,3.501689656,50.22263482,0.499659798,51.77736518,2.728638618,50.12879464,3.047483557
1811,90.55,48.49238793,0.498053509,49.82950849,2.829508492,49.83145541,3.491346044,49.16342252,1.836577485,50.86619297,2.866192971,50.67311527,3.501689656,50.16342252,0.499659798,51.83657748,2.785578656,50.06672576,3.058256265
1812,90.6,48.45631091,0.498053509,49.88939783,2.889397829,49.88348663,3.48688112,49.10203728,1.897962716,50.9377133,2.937713298,50.71880283,3.501689656,50.10203728,0.499659798,51.89796272,2.844691623,50.00029865,3.068924019
1813,90.65,48.41994644,0.498053509,49.95310084,2.953100843,49.93352636,3.480424711,49.03847912,1.961520875,51.01260129,3.012601289,50.76559555,3.501689656,50.03847912,0.499659798,51.96152088,2.905977518,49.93029583,3.079625149
1814,90.7,48.38187054,0.498053509,50.02081602,3.02081602,49.9831026,3.473504813,48.97274804,2.027251963,51.0905839,3.090583901,50.81380679,3.501689656,49.97274804,0.499659798,52.02725196,2.969436342,49.85871722,3.091300268
1815,90.75,48.34300623,0.498053509,50.09419156,3.094191563,50.03349773,3.467403801,48.90484402,2.09515598,51.17130336,3.171303362,50.86384186,3.501689656,49.90484402,0.499659798,52.09515598,3.035068094,49.78890894,3.106748276
1816,90.8,48.30246336,0.498053509,50.17328065,3.173280647,50.08683085,3.464240776,48.83476708,2.165232925,51.25430535,3.25430535,50.91620263,3.501689656,49.83476708,0.499659798,52.16523292,3.102872775,49.72213343,3.125950412
1817,90.85,48.26123064,0.498053509,50.257869,3.257869002,50.14259471,3.463260057,48.7625172,2.237482799,51.33904566,3.339045663,50.97146585,3.501689656,49.7625172,0.499659798,52.2374828,3.172850385,49.65858316,3.150541846
1818,90.9,48.21819942,0.498053509,50.34752995,3.34752995,50.20279601,3.465780944,48.6880944,2.311905601,51.42492913,3.42492913,51.02957402,3.501689656,49.6880944,0.499659798,52.3119056,3.245000923,49.59727574,3.178395052
1819,90.95,48.17505061,0.498053509,50.44243839,3.442438394,50.26701378,3.471385656,48.61149867,2.388501331,51.51137749,3.489733128,51.08914425,3.501689656,49.61149867,0.499659798,52.38850133,3.319324389,49.53573019,3.210153328
1820,91,48.13279625,0.498053509,50.54002424,3.515247078,50.33625595,3.48093159,48.53273001,2.467269991,51.59796906,3.489747255,51.1506945,3.501689656,49.53273001,0.499659798,52.46726999,3.395820784,49.47201171,3.243782666
1821,91.05,48.08928057,0.498053509,50.63959482,3.515247078,50.4101422,3.495121599,48.45178842,2.548211579,51.68461637,3.489817111,51.2144158,3.501689656,49.45178842,0.499659798,52.54821158,3.474490108,49.4061203,3.278514827
1822,91.1,48.04388488,0.498053509,50.74108697,3.515247078,50.48856268,3.499523943,48.36867391,2.631326095,51.77131636,3.489939655,51.28031471,3.501689656,49.36867391,0.499659798,52.63132609,3.495108095,49.33805596,3.314637788
1823,91.15,47.99740272,0.498053509,50.84472811,3.515247078,50.57144058,3.499837629,48.28338646,2.71661354,51.85806627,3.490112113,51.34839808,3.501689656,49.28338646,0.499659798,52.71661354,3.497824256,49.26781869,3.352067853
1824,91.2,47.95281198,0.498053509,50.95049648,3.515247078,50.65876733,3.500151315,48.19592609,2.804073913,51.94486353,3.490331924,51.41867325,3.501689656,49.19592609,0.499659798,52.80407391,3.501083648,49.1954085,3.39078294
1825,91.25,47.90846315,0.498053509,51.05827745,3.515247078,50.75053409,3.500151315,48.10629278,2.893707215,52.03170575,3.490596702,51.49114824,3.501689656,49.10629278,0.499659798,52.89370722,3.501083648,49.12082537,3.429007236
1826,91.3,47.8624801,0.498053509,51.16809862,3.515247078,50.84728075,3.500151315,48.01448655,2.985513445,52.1185907,3.490904195,51.56528839,3.501689656,49.01448655,0.499659798,52.98551345,3.501083648,49.04406932,3.468922066
1827,91.35,47.81675783,0.498053509,51.27997051,3.515247078,50.95063718,3.500151315,47.9205074,3.079492604,52.20551621,3.49125226,51.63947239,3.501689656,48.9205074,0.499659798,53.0794926,3.501083648,48.96514034,3.498995075
1828,91.4,47.77185197,0.498053509,51.39383977,3.515247078,51.06060122,3.500151315,47.82435531,3.175644692,52.29248018,3.491638779,51.71371036,3.501689656,48.82435531,0.499659798,53.17564469,3.501083648,48.88403843,3.499458838
1829,91.45,47.72638332,0.498053509,51.50969566,3.515247078,51.17717187,3.500151315,47.72603029,3.273969708,52.37948043,3.492061588,51.78801888,3.501689656,48.72603029,0.499659798,53.27396971,3.501083648,48.80076359,3.499922602
1830,91.5,47.67874173,0.498053509,51.62752143,3.515247078,51.30034922,3.500151315,47.62553235,3.374467653,52.46651477,3.492518482,51.86242097,3.501689656,48.62553235,0.499659798,53.37446765,3.501083648,48.71531582,3.499922602
1831,91.55,47.63001369,0.498053509,51.74731583,3.515247078,51.43013444,3.500151315,47.52286147,3.477138526,52.55358097,3.493007228,51.93695351,3.501689656,48.52286147,0.499659798,53.47713853,3.501083648,48.62769513,3.499922602
1832,91.6,47.5823721,0.498053509,51.86910553,3.515247078,51.56652991,3.500151315,47.41801767,3.503213668,52.64067677,3.493525579,52.01168327,3.501689656,48.41801767,0.499659798,53.58198233,3.501083648,48.5379015,3.499922602
1833,91.65,47.53287536,0.498053509,51.99277095,3.515247078,51.70953944,3.500151315,47.31100094,3.503213668,52.72727379,3.49354515,52.08674775,3.501689656,48.31100094,0.499659798,53.68899906,3.501083648,48.44593495,3.499922602
1834,91.7,47.48215902,0.498053509,52.11850146,3.515247078,51.85916876,3.500151315,47.20181128,3.503213668,52.81179463,3.491488542,52.16302193,3.501689656,48.20181128,0.499659798,53.79818872,3.501083648,48.35179547,3.499922602
1835,91.75,47.42926974,0.498053509,52.24633302,3.515247078,52.01542629,3.500151315,47.0904487,3.503213668,52.89425398,3.487370446,52.24293225,3.501689656,48.0904487,0.499659798,53.9095513,3.501083648,48.25548306,3.499922602
1836,91.8,47.37386903,0.498053509,52.37323863,3.515247078,52.1783254,3.500151315,46.97691318,3.503213668,52.9746831,3.481222121,52.32760072,3.501689656,47.97725174,0.499659798,54.02308682,3.501083648,48.15699772,3.499922602
1837,91.85,47.31548205,0.498053509,52.49957581,3.515247078,52.34789251,3.500151315,46.86120474,3.503213668,53.0526007,3.472562266,52.41678099,3.501689656,47.86269543,0.499659798,54.13879526,3.501083648,48.05633946,3.499922602
1838,91.9,47.25526438,0.498053509,52.62542955,3.515247078,52.52363687,3.500151315,46.74332336,3.503213668,53.12651074,3.459894857,52.51141917,3.501689656,47.74562424,0.499659798,54.25667664,3.501083648,47.95350826,3.499922602
1839,91.95,47.19153591,0.498053509,52.75072188,3.515247078,52.70393806,3.500151315,46.62326906,3.503213668,53.19662985,3.443436526,52.61471113,3.501689656,47.62771829,0.499659798,54.37673094,3.501083648,47.84850414,3.49952506
1840,92,47.12363945,0.498053509,52.87532098,3.515247078,52.88866054,3.500151315,46.50104183,3.503213668,53.26328785,3.423517071,52.72658899,3.501689656,47.50963486,0.499659798,54.49895817,3.501083648,47.74132709,3.498271099
1841,92.05,47.05197665,0.498053509,52.99893933,3.515247078,53.07783908,3.500151315,46.37664167,3.503213668,53.32707521,3.400726988,52.84694573,3.501689656,47.39097234,0.499659798,54.62335833,3.501083648,47.6319771,3.49856899
1842,92.1,46.97647754,0.498053509,53.12220437,3.515247078,53.27026516,3.499405642,46.25006859,3.503213668,53.38880332,3.375877643,52.97563684,3.501689656,47.27180405,0.500015228,54.74993141,3.501083648,47.5204542,3.500014681
1843,92.15,46.89787994,0.498053509,53.24799301,3.515247078,53.46117825,3.495534538,46.12132257,3.503213668,53.4500842,3.350581076,53.11245589,3.501689656,47.1514001,0.501441555,54.87867743,3.501083648,47.40675836,3.500014681
1844,92.2,46.81522794,0.498053509,53.37581937,3.515247078,53.64820792,3.487453584,45.99040363,3.503213668,53.51483999,3.32875942,53.25709414,3.501689656,47.03071081,0.502582547,55.00928626,3.501083648,47.29088959,3.499885039
1845,92.25,46.72928467,0.498053509,53.50499527,3.515247078,53.83039296,3.473548655,45.85731176,3.503213668,53.58411312,3.311455101,53.40914646,3.501689656,46.90897344,0.502675452,55.14113769,3.501083648,47.1728479,3.499652573
1846,92.3,46.63943922,0.498053509,53.63444892,3.515247078,54.00788787,3.454953598,45.72204695,3.503213668,53.65973985,3.300504383,53.56800068,3.501689656,46.7867957,0.502327982,55.27516204,3.501083648,47.05263327,3.500121947
1847,92.35,46.5452028,0.498053509,53.7633557,3.515247078,54.18098317,3.431958932,45.58460922,3.503213668,53.74279466,3.296981747,53.73289974,3.501689656,46.66466455,0.502027116,55.41135932,3.501083648,46.93024572,3.500121947
1848,92.4,46.44657234,0.498053509,53.89112397,3.515247078,54.35000328,3.404889079,45.44499857,3.503213668,53.83427391,3.301883543,53.90295163,3.501689656,46.54258327,0.501776113,55.54972953,3.501083648,46.80568524,3.500121947
1849,92.45,46.34370902,0.498053509,54.01736825,3.515247078,54.51530702,3.373842518,45.30321498,3.503213668,53.93507199,3.31610418,54.07741269,3.501689656,46.42039086,0.501413974,55.69027267,3.501083648,46.67895183,3.500121947
1850,92.5,46.23693906,0.498053509,54.14194243,3.515247078,54.67729934,3.33848568,45.15925846,3.503213668,54.04583231,3.340287051,54.25503512,3.501689656,46.29775992,0.500613309,55.83298874,3.501083648,46.55004549,3.500121947
1851,92.55,46.12578885,0.498053509,54.2657705,3.515247078,54.83697632,3.299975388,45.01312902,3.503213668,54.16642947,3.374306766,54.43234332,3.501689656,46.17516217,0.500042005,55.97787774,3.501083648,46.41896623,3.500121947
1852,92.6,46.01030475,0.498053509,54.39177161,3.515247078,54.996398,3.260656056,44.86482665,3.503213668,54.29530331,3.416603155,54.60837997,3.501689656,46.05255755,0.500052334,56.12493966,3.501083648,46.28571403,3.500121947
1853,92.65,45.89095994,0.498053509,54.51983452,3.515247078,55.15598814,3.221505196,44.71435135,3.503213668,54.43213562,3.466858015,54.78291623,3.501689656,45.92946901,0.500083324,56.27417452,3.501083648,46.15028891,3.500121947
1854,92.7,45.76880409,0.498053509,54.64988088,3.515247078,55.31624051,3.183016556,44.56170312,3.503213668,54.57621614,3.508700574,54.95619267,3.501689656,45.8048468,0.500094417,56.4255823,3.501083648,46.01269086,3.500121947
1855,92.75,45.64319719,0.498053509,54.78242887,3.515247078,55.47743463,3.145469674,44.40688196,3.503213668,54.72707906,3.508700574,55.12793622,3.501689656,45.67933025,0.500127699,56.57916301,3.501083648,45.87291988,3.500121947
1856,92.8,45.51710329,0.498053509,54.91756258,3.515247078,55.64044622,3.10944851,44.24988787,3.503213668,54.88452059,3.508700574,55.29812665,3.501689656,45.549956,0.500127699,56.73491665,3.501083648,45.73097597,3.500121947
1857,92.85,45.38987863,0.498053509,55.05464546,3.515247078,55.80545615,3.074550438,44.09072086,3.503213668,55.04856384,3.508700574,55.46697633,3.501689656,45.41736906,0.500188427,56.89284322,3.501083648,45.58685913,3.500121947
1858,92.9,45.25830711,0.498053509,55.19366053,3.515247078,55.97261821,3.0411408,43.92938092,3.503213668,55.21925008,3.508700574,55.63423252,3.501689656,45.28478778,0.500401368,57.05294271,3.501083648,45.44056937,3.500121947
1859,92.95,45.1226578,0.498053509,55.33455463,3.515247078,56.1420583,3.008018097,43.76586804,3.503213668,55.3966856,3.508700574,55.80075469,3.501689656,45.15194068,0.500348485,57.21521514,3.501083648,45.29210667,3.500121947
1860,93,44.98346629,0.498053509,55.47710708,3.515247078,56.31387823,2.977030419,43.60018224,3.503213668,55.58019696,3.508700574,55.96516998,3.501689656,45.01828843,0.499913045,57.37966049,3.501083648,45.14147105,3.500121947
1861,93.05,44.84090588,0.498053509,55.62207455,3.515247078,56.48815476,2.947764938,43.43232351,3.503213668,55.76697699,3.508700574,56.12787926,3.501689656,44.88365683,0.499913045,57.54627877,3.501083648,44.9886625,3.500121947
1862,93.1,44.69528444,0.498053509,55.77306922,3.515247078,56.66484881,2.920916966,43.26229186,3.503213668,55.95613738,3.508700574,56.28854223,3.501689656,44.74774961,0.499913045,57.71506998,3.501083648,44.83368102,3.500121947
1863,93.15,44.54781171,0.498053509,55.9303204,3.515247078,56.84371578,2.895705379,43.09008727,3.503213668,56.14756617,3.508700574,56.44716429,3.501689656,44.60934665,0.499913045,57.88603412,3.501083648,44.67652661,3.499785839
1864,93.2,44.39617909,0.498053509,56.09389093,3.515247078,57.02475568,2.870915485,42.91570976,3.503213668,56.3412143,3.508700574,56.60375558,3.501689656,44.47076372,0.50024393,58.05917119,3.501083648,44.51719928,3.498881816
1865,93.25,44.24084101,0.498053509,56.26380892,3.515247078,57.20796851,2.8478737,42.73915931,3.503213668,56.53704777,3.508700574,56.75833388,3.501689656,44.33156293,0.501558562,58.23448119,3.501083648,44.35569901,3.499737353
1866,93.3,44.08117809,0.498053509,56.44008852,3.515247078,57.39335427,2.827004844,42.56043594,3.503213668,56.73503206,3.508700574,56.91093239,3.501689656,44.19234773,0.502858797,58.41196411,3.501083648,44.19202582,3.50027998
1867,93.35,43.91779523,0.498053509,56.62273604,3.515247078,57.58091295,2.807708053,42.37953964,3.503213668,56.93511385,3.508700574,57.06163205,3.501689656,44.05251399,0.503640244,58.59161996,3.501083648,44.02617969,3.50027998
1868,93.4,43.75203022,0.498053509,56.81175202,3.515247078,57.77064457,2.788688698,42.19647041,3.503213668,57.13711735,3.508700574,57.21162367,3.501689656,43.91072576,0.502766457,58.77344875,3.501083648,43.85816064,3.50027998
1869,93.45,43.58187431,0.498053509,57.00713145,3.515247078,57.96254911,2.77156356,42.01122825,3.503213668,57.33966631,3.508700574,57.36412671,3.501689656,43.76898258,0.502287228,58.95745046,3.501083648,43.68796866,3.50027998
1870,93.5,43.40843973,0.498053509,57.20886296,3.515247078,58.15662659,2.756293401,41.82381317,3.503213668,57.53970063,3.508700574,57.51915582,3.501689656,43.6261884,0.501805485,59.14362509,3.501083648,43.51560375,3.50027998
1871,93.55,43.23388702,0.498053509,57.41692609,3.515247078,58.35287699,2.741684989,41.63422515,3.503213668,57.73745114,3.508700574,57.67663594,3.501689656,43.4801653,0.500881405,59.33197266,3.501083648,43.34106592,3.50027998
1872,93.6,43.05504425,0.498053509,57.6312837,3.515247078,58.55130032,2.727577515,41.44246421,3.503213668,57.93297925,3.508700574,57.8365779,3.501689656,43.33408154,0.500937709,59.52249316,3.501083648,43.16435515,3.50027998
1873,93.65,42.87207865,0.498053509,57.85185932,3.515247078,58.75189657,2.715405228,41.24853034,3.503213668,58.12631822,3.508700574,57.99908039,3.501689656,43.18777691,0.501109675,59.71473832,3.501083648,42.98547146,3.499786547
1874,93.7,42.68555685,0.498053509,58.07839504,3.515247078,58.95466576,2.704692647,41.05242354,3.503213668,58.31749572,3.508700574,58.16514694,3.501689656,43.0406823,0.500491661,59.90781163,3.501083648,42.80441484,3.498356048
1875,93.75,42.4971768,0.498053509,58.30937995,3.515247078,59.15960788,2.695885329,40.85414381,3.503213668,58.50654612,3.508700574,58.33751742,3.501689656,42.89109893,0.499735379,60.10305786,3.501083648,42.62118529,3.498494605
1876,93.8,42.30494786,0.498053509,58.54178626,3.515247078,59.36672292,2.688425572,40.65369115,3.503213668,58.69353427,3.508700574,58.51684831,3.501689656,42.74101643,0.499735379,60.30047703,3.501083648,42.43578281,3.498994476
1877,93.85,42.10913651,0.498053509,58.77584106,3.515247078,59.57601089,2.682756129,40.45106557,3.503213668,58.87885539,3.508700574,58.70297526,3.501689656,42.59017293,0.499735379,60.50006912,3.501083648,42.2482074,3.499526868
1878,93.9,41.90937275,0.498053509,59.01029434,3.515247078,59.78747179,2.678313059,40.24626706,3.503213668,59.06423066,3.508700574,58.89583723,3.501689656,42.4389361,0.499735379,60.70140044,3.501083648,42.05845906,3.499845436
1879,93.95,41.7068171,0.498053509,59.2418539,3.515247078,60.00110562,2.675686015,40.03929561,3.503213668,59.25201004,3.508700574,59.09540476,3.501689656,42.28614623,0.499735379,60.90360358,3.501083648,41.8665378,3.500164005
1880,94,41.50098897,0.498053509,59.47092567,3.515247078,60.21691238,2.673778163,39.83015124,3.503213668,59.44205392,3.508700574,59.30166333,3.501689656,42.13173826,0.499735379,61.10797964,3.501083648,41.6724436,3.500164005
1881,94.05,41.29160113,0.498053509,59.69730055,3.515247078,60.43489206,2.672894149,39.61883394,3.503213668,59.63402225,3.508700574,59.51431373,3.501689656,41.97515737,0.499735379,61.31452864,3.501083648,41.47617648,3.500164005
1882,94.1,41.08078121,0.498053509,59.92042876,3.515247078,60.65504468,2.674183064,39.40534371,3.503213668,59.82730294,3.508700574,59.73276997,3.501689656,41.81640354,0.499735379,61.52325056,3.501083648,41.27773643,3.500164005
1883,94.15,40.86778836,0.498053509,60.1412099,3.515247078,60.87737022,2.677613441,39.18968056,3.503213668,60.02275642,3.508700574,59.95791747,3.501689656,41.65547679,0.499735379,61.73372955,3.501083648,41.07712345,3.500164005
1884,94.2,40.6528109,0.498053509,60.35965442,3.515247078,61.10186869,2.683122344,38.97184447,3.503213668,60.22036487,3.508700574,60.1897695,3.501689656,41.49237711,0.499735379,61.94513386,3.501083648,40.87433755,3.500164005
1885,94.25,40.43622546,0.498053509,60.57576631,3.515247078,61.3285401,2.690043695,38.75183546,3.503213668,60.42010731,3.508700574,60.42835079,3.501689656,41.3271045,0.499735379,62.1587111,3.501083648,40.66937871,3.500164005
1886,94.3,40.21746708,0.498053509,60.78954391,3.515247078,61.55738442,2.696403592,38.52965352,3.503213668,60.62195211,3.508700574,60.67371006,3.501689656,41.15965896,0.499735379,62.37446128,3.501083648,40.46224695,3.499784522
1887,94.35,39.9970585,0.498053509,61.00097919,3.515247078,61.78840168,2.7035776,38.30529864,3.503213668,60.82583285,3.508700574,60.92598306,3.501689656,40.99004049,0.499735379,62.59238438,3.501083648,40.25294225,3.498212611
1888,94.4,39.77632856,0.498053509,61.2100548,3.515247078,62.02159187,2.712924537,38.07877085,3.503213668,61.03157459,3.508700574,61.18437779,3.501689656,40.8182491,0.499735379,62.81248041,3.501083648,40.04146463,3.497021986
1889,94.45,39.55427591,0.498053509,61.4167358,3.515247078,62.25695498,2.724444403,37.85007012,3.503213668,61.24008877,3.508700574,61.44574164,3.501689656,40.64428477,0.499735379,63.03474936,3.501083648,39.82781408,3.496917824
1890,94.5,39.33011573,0.498053509,61.62094326,3.515247078,62.49449102,2.73761827,37.61919646,3.503213668,61.45488672,3.508700574,61.70980736,3.501689656,40.46814752,0.499735379,63.25919125,3.501083648,39.6119906,3.495727198
1891,94.55,39.10400448,0.498053509,61.82243399,3.515247078,62.7342,2.751353762,37.38614988,3.503213668,61.67610952,3.508700574,61.97587974,3.501689656,40.28983734,0.499735379,63.48580607,3.501083648,39.39399419,3.495883121
1892,94.6,38.87604779,0.498053509,62.02196336,3.515247078,62.9760819,2.767098614,37.15093036,3.503213668,61.90380571,3.508700574,62.24112899,3.501689656,40.10935423,0.499735379,63.71459381,3.501083648,39.17382486,3.49464637
1893,94.65,38.64679944,0.498053509,62.22309475,3.515247078,63.22013672,2.784919508,36.91353792,3.503213668,62.1380033,3.508700574,62.50460067,3.501689656,39.92669819,0.499735379,63.94555448,3.501083648,38.95148259,3.491908294
1894,94.7,38.41635317,0.498053509,62.42609474,3.515247078,63.46636448,2.804075324,36.67397255,3.503213668,62.37872391,3.508700574,62.76615327,3.501689656,39.74186922,0.499735379,64.17865535,3.501083648,38.7269674,3.489453905
1895,94.75,38.18578777,0.498053509,62.63102959,3.515247078,63.71476517,2.823762027,36.43223425,3.503213668,62.6259906,3.508700574,63.02572936,3.501689656,39.55486733,0.499735379,64.41383093,3.501083648,38.50027928,3.486848713
1896,94.8,37.95486501,0.498053509,62.83791467,3.515247078,63.96533878,2.845621659,36.18832302,3.503213668,62.87983819,3.508700574,63.28329842,3.501689656,39.3656925,0.499735379,64.65117944,3.501083648,38.27141823,3.485247229
1897,94.85,37.72454802,0.498053509,63.04672395,3.515247078,64.21808532,2.869654219,35.94223887,3.503213668,63.14035283,3.508700574,63.53884258,3.501689656,39.17434475,0.499735379,64.89070088,3.501083648,38.04038425,3.485818674
1898,94.9,37.4920581,0.498053509,63.25726151,3.515247078,64.4730048,2.895859708,35.69398178,3.503213668,63.40674689,3.508700574,63.79235139,3.501689656,38.98082407,0.499735379,65.13239525,3.501083648,37.80717735,3.487909162
1899,94.95,37.25739525,0.498053509,63.47030322,3.515247078,64.7300972,2.924238125,35.44355177,3.503213668,63.67605047,3.508700574,64.04381952,3.501689656,38.78513046,0.499735379,65.37626255,3.501083648,37.57179751,3.489536864
1900,95,37.02125986,0.498053509,63.6894983,3.515247078,64.98936252,2.954274725,35.19094883,3.503213668,63.94765107,3.508700574,64.29324563,3.501689656,38.58726392,0.499735379,65.62230277,3.501083648,37.33424475,3.491190155
1901,95.05,36.78553206,0.498053509,63.9150104,3.515247078,65.25080078,2.984940014,34.93617296,3.503213668,64.22146718,3.508700574,64.54063267,3.501689656,38.38722445,0.499735379,65.87051593,3.501083648,37.09451905,3.494640877
1902,95.1,36.54930703,0.498053509,64.14688772,3.515247078,65.51508123,3.018034776,34.67922416,3.503213668,64.49746046,3.508700574,64.78598855,3.501689656,38.18501206,0.499735379,66.12028481,3.501083648,36.85262043,3.498451191
1903,95.15,36.31162201,0.498053509,64.38515346,3.515247078,65.78431063,3.054840327,34.42010243,3.503213668,64.77560187,3.508700574,65.02932877,3.501689656,37.98062673,0.499735379,66.36960687,3.501083648,36.60854888,3.498371013
1904,95.2,36.07235623,0.498053509,64.6298208,3.515247078,66.05878563,3.096655225,34.15880777,3.503213668,65.0558594,3.508700574,65.27068344,3.501689656,37.77406848,0.499735379,66.61819053,3.501083648,36.3623044,3.498234515
1905,95.25,35.83272869,0.498053509,64.88089759,3.515247078,66.33850489,3.143005601,33.89534019,3.503213668,65.33818204,3.508700574,65.51012476,3.501689656,37.5653373,0.499735379,66.86635958,3.501083648,36.113887,3.498826475
1906,95.3,35.59103218,0.498053509,65.13823426,3.515247078,66.62346536,3.194597182,33.62969968,3.503213668,65.62257726,3.508700574,65.74840345,3.501689656,37.35443319,0.499735379,67.11363577,3.501083648,35.86329666,3.499755225
1907,95.35,35.34739896,0.498053509,65.40152471,3.515247078,66.91366109,3.25114866,33.36188624,3.503213668,65.90798424,3.508700574,65.98790529,3.501689656,37.14135615,0.499735379,67.3601957,3.501083648,35.6105334,3.500022808
1908,95.4,35.1023224,0.498053509,65.67123062,3.515247078,67.20908078,3.311537318,33.09189987,3.503213668,66.19070539,3.508700574,66.22994549,3.501689656,36.92610619,0.499735379,67.60671073,3.501083648,35.35559721,3.499800599
1909,95.45,34.85579459,0.498053509,65.94734973,3.515247078,67.50970187,3.37503064,32.81974057,3.503213668,66.47108167,3.508700574,66.47439213,3.501689656,36.70868329,0.499735379,67.8535523,3.501083648,35.09848809,3.499454994
1910,95.5,34.60913664,0.498053509,66.22987751,3.515247078,67.81547229,3.441970937,32.54540834,3.503213668,66.74918653,3.508700574,66.72120496,3.501689656,36.48908747,0.499735379,68.10042137,3.501083648,34.83920604,3.499776017
1911,95.55,34.36145562,0.498053509,66.51880675,3.515247078,68.12622744,3.494001293,32.26890318,3.503213668,67.02505232,3.508700574,66.97036917,3.501689656,36.26731872,0.499735379,68.34726392,3.501083648,34.57775106,3.499776017
1912,95.6,34.11518457,0.498053509,66.81412673,3.515247078,68.44165762,3.4951443,31.9902251,3.503213668,67.29869798,3.508700574,67.22188281,3.501689656,36.04337703,0.499735379,68.5938948,3.501083648,34.31412315,3.499426306
1913,95.65,33.86892049,0.498053509,67.11582147,3.515247078,68.76082173,3.498573319,31.70937409,3.503213668,67.57013687,3.508700574,67.47575433,3.501689656,35.81726243,0.499735379,68.84128605,3.501083648,34.04832232,3.498570695
1914,95.7,33.62085688,0.498053509,67.42386627,3.515247078,69.08091798,3.498495621,31.42635015,3.503213668,67.83938029,3.508700574,67.73200535,3.501689656,35.58897489,0.499735379,69.09291686,3.501083648,33.78034855,3.499888013
1915,95.75,33.37174054,0.498053509,67.73821949,3.515247078,69.40107658,3.498194984,31.14115328,3.503213668,68.10643989,3.508700574,67.9906824,3.501689656,35.35851442,0.499735379,69.34885394,3.501083648,33.51020186,3.500624767
1916,95.8,33.12075007,0.498053509,68.05879693,3.515247078,69.72127344,3.497932606,30.85378348,3.503213668,68.37133088,3.508700574,68.25191015,3.501689656,35.12588103,0.499735379,69.60910353,3.501083648,33.23788224,3.500624767
1917,95.85,32.86848305,0.498053509,68.38529754,3.515247078,70.04150023,3.497700164,30.56424075,3.503213668,68.63407987,3.508700574,68.51690686,3.501689656,34.8910747,0.499735379,69.87367155,3.501083648,32.96338969,3.500624767
1918,95.9,48.99945922,0.999456768,49.00054323,2.000543232,49.00054323,3.000491781,49.99945677,1.000543232,50.00054323,2.000543232,50.00054323,3.000543232,50.99945677,0.999456768,51.00054323,2.000543232,50.99945677,3.000303782
1919,95.95,48.99675285,0.996740607,49.00325939,2.003259393,49.00325939,3.002549456,49.99674061,1.003259393,50.00325939,2.003259393,50.00325939,3.003259393,50.99674061,0.996740607,51.00325939,2.003259393,50.99674061,3.001340931
1920,96,48.99203602,0.991851518,49.00814848,2.008148482,49.00814848,3.004736216,49.99185152,1.008148482,50.00814848,2.008148482,50.00814848,3.008148482,50.99185152,0.991851518,51.00814848,2.008148482,50.99185152,3.002016225
1921,96.05,48.98563366,0.9847895,49.0152105,2.0152105,49.0152105,3.007038514,49.9847895,1.0152105,50.0152105,2.0152105,50.0152105,3.0152105,50.9847895,0.9847895,51.0152105,2.0152105,50.9847895,3.003281792
1922,96.1,48.97713998,0.975554554,49.02444545,2.024445446,49.02444545,3.01151374,49.97555455,1.024445446,50.02444545,2.024445446,50.02444545,3.024445446,50.97555455,0.975554554,51.02388653,2.024445446,50.97555455,3.004461582
1923,96.15,48.96671822,0.964146679,49.03585332,2.035853321,49.03585332,3.017353633,49.96414668,1.035853321,50.03585332,2.035853321,50.03585332,3.035853321,50.96414668,0.964146679,51.03305872,2.035853321,50.96414668,3.005261029
1924,96.2,48.95489588,0.950565876,49.04943412,2.049434124,49.04943412,3.022671563,49.95056588,1.049434124,50.04943412,2.049434124,50.04943412,3.049434124,50.95056588,0.950565876,51.04440385,2.049434124,50.95056588,3.007627468
1925,96.25,48.94321764,0.934812144,49.06518786,2.065187856,49.06518786,3.029352101,49.93481214,1.065187856,50.06518786,2.065187856,50.06518786,3.065187856,50.93481214,0.934812144,51.0579219,2.065187856,50.93481214,3.009262562
1926,96.3,48.9296892,0.916885484,49.08311452,2.083114516,49.08311452,3.038205568,49.91688548,1.083114516,50.08311452,2.083114516,50.08311452,3.083114516,50.91688548,0.916885484,51.07361288,2.083114516,50.91688548,3.009333516
1927,96.35,48.91547485,0.896785895,49.10321411,2.103214105,49.10321411,3.049231963,49.89678589,1.103214105,50.10321411,2.103214105,50.10321411,3.103214105,50.89678589,0.896785895,51.09147679,2.103214105,50.89678589,3.009088544
1928,96.4,48.90116954,0.874513377,49.12548662,2.125486623,49.12548662,3.062431286,49.87451338,1.125486623,50.12548662,2.125486623,50.12548662,3.125486623,50.87451338,0.874513377,51.11151363,2.125486623,50.87451338,3.007210159
1929,96.45,48.88626765,0.850067931,49.14993207,2.149932069,49.14993207,3.077632688,49.85006793,1.149932069,50.14993207,2.149932069,50.14993207,3.149932069,50.85006793,0.850067931,51.1337234,2.149932069,50.85006793,3.005189843
1930,96.5,48.86990956,0.823449557,49.17655044,2.176550443,49.17655044,3.094494332,49.82344956,1.176550443,50.17655044,2.176550443,50.17655044,3.176550443,50.82344956,0.823449557,51.1581061,2.176550443,50.8230609,3.002730645
1931,96.55,48.85445376,0.794658254,49.20534175,2.205341746,49.20534175,3.113528503,49.79465825,1.205341746,50.20534175,2.205341746,50.20495868,3.204958681,50.79465825,0.794658254,51.18466172,2.205341746,50.79237521,2.996827026
1932,96.6,48.84040439,0.763694022,49.23630598,2.236305978,49.23630598,3.134735602,49.76369402,1.236305978,50.23630598,2.236305978,50.23401009,3.234010091,50.76369402,0.763694022,51.21339028,2.236305978,50.75822214,2.987831914
1933,96.65,48.82741634,0.730556862,49.26944314,2.269443138,49.26944314,3.15811563,49.73055686,1.269443138,50.26944314,2.269443138,50.26365916,3.263659162,50.73055686,0.730556862,51.24429176,2.269443138,50.72087932,2.976668167
1934,96.7,48.8147202,0.695246773,49.30475323,2.304753227,49.30475323,3.183668587,49.69524677,1.304753227,50.30475323,2.304753227,50.29369893,3.293698933,50.69524677,0.695246773,51.27736617,2.304753227,50.6807009,2.964571587
1935,96.75,48.79993158,0.657763756,49.34223624,2.342236244,49.34223624,3.211394472,49.65776376,1.342236244,50.34223624,2.342236244,50.32369957,3.323699567,50.65776376,0.65798363,51.31261351,2.342236244,50.63738552,2.952228966
1936,96.8,48.7832114,0.618107811,49.38189219,2.381892189,49.38189219,3.241293285,49.61810781,1.381892189,50.38123962,2.381239625,50.35360641,3.353606407,50.61810781,0.619207179,51.35003377,2.381892189,50.58925469,2.938406912
1937,96.85,48.76443058,0.576278936,49.42372106,2.423721064,49.42372106,3.273365027,49.57627894,1.423721064,50.42025516,2.420255156,50.38557022,3.385570222,50.57627894,0.578257799,51.38962697,2.423721064,50.53695859,2.92116811
1938,96.9,48.74387547,0.532277134,49.46772287,2.467722866,49.46772287,3.307043589,49.53227713,1.467722866,50.46019471,2.460194713,50.41940868,3.419408676,50.53227713,0.535135491,51.43139309,2.467722866,50.48124559,2.902068171
1939,96.95,48.72196703,0.498053509,49.5138976,2.513897598,49.5138976,3.341196755,49.4861024,1.513897598,50.50073436,2.500734355,50.45615831,3.456158314,50.4861024,0.501571488,51.47533215,2.513897598,50.42295739,2.881283938
1940,97,48.69978826,0.498053509,49.56224526,2.562245257,49.56224526,3.377522849,49.43775474,1.562245257,50.54445247,2.544452474,50.49414017,3.494140168,50.43775474,0.501028256,51.52144413,2.562245257,50.36307828,2.861940384
1941,97.05,48.67600938,0.498053509,49.61276585,2.612765846,49.61276585,3.415435325,49.38723415,1.612765846,50.59079893,2.590798929,50.53482271,3.504216272,50.38723415,0.500485023,51.56972904,2.612765846,50.30277536,2.844090212
1942,97.1,48.651776,0.498053509,49.66496236,2.664962357,49.66545936,3.453761089,49.33454064,1.665459363,50.64146214,2.641462137,50.57718288,3.504216272,50.33454064,0.500485023,51.62006504,2.665459363,50.24187728,2.828784804
1943,97.15,48.62575128,0.498053509,49.71718203,2.717182034,49.72032581,3.494259781,49.27967419,1.720325808,50.69606325,2.696063247,50.62171598,3.504216272,50.27967419,0.500485023,51.67220846,2.720325808,50.17722105,2.81157433
1944,97.2,48.59876604,0.498053509,49.76901109,2.769011093,49.77736518,3.504791878,49.22263482,1.777365182,50.75427416,2.75427416,50.668422,3.504216272,50.22263482,0.500485023,51.72652481,2.777365182,50.10954758,2.791564288
1945,97.25,48.57028984,0.498053509,49.82070622,2.820706221,49.83604549,3.504791878,49.16342252,1.836577485,50.81665919,2.81665919,50.71686282,3.504216272,50.16342252,0.500421757,51.78301408,2.836577485,50.03898142,2.770021353
1946,97.3,48.54107781,0.498053509,49.87309412,2.873094119,49.89476615,3.504791878,49.10203728,1.897962716,50.88327617,2.883276166,50.76575376,3.504216272,50.10203728,0.500231957,51.84167629,2.89778969,49.96483753,2.747021159
1947,97.35,48.50969285,0.498053509,49.92875782,2.928757815,49.95351115,3.504791878,49.03847912,1.961520875,50.95372898,2.953728981,50.81522608,3.504216272,50.03847912,0.500231957,51.90251142,2.960655749,49.88892899,2.722461513
1948,97.4,48.47679674,0.498053509,49.98899649,2.988996493,50.01227574,3.504791878,48.97274804,2.027251963,51.02786124,3.027861239,50.86546616,3.504216272,49.97274804,0.500231957,51.96551948,3.025694735,49.81322085,2.699476965
1949,97.45,48.44371303,0.498053509,50.05326041,3.053260409,50.07107386,3.504791878,48.90484402,2.09515598,51.1054507,3.105450704,50.91673906,3.504216272,49.90484402,0.500231957,52.03070047,3.092906651,49.73828504,2.680422458
1950,97.5,48.40845639,0.498053509,50.12135534,3.12135534,50.12994466,3.504791878,48.83476708,2.165232925,51.1861814,3.186181396,50.96942038,3.504216272,49.83476708,0.500231957,52.09805439,3.162291495,49.66422832,2.665975103
1951,97.55,48.37102683,0.498053509,50.1933056,3.193305603,50.18896833,3.504791878,48.7625172,2.237482799,51.26960953,3.269609533,51.02402876,3.504216272,49.7625172,0.500231957,52.16758124,3.233849267,49.59030216,2.655967086
1952,97.6,48.33251079,0.498053509,50.26875836,3.268758361,50.24830262,3.504791878,48.6880944,2.311905601,51.35513914,3.355139137,51.08123219,3.504216272,49.6880944,0.500231957,52.23928102,3.307579968,49.51420307,2.647429799
1953,97.65,48.29559524,0.498053509,50.34765782,3.347657823,50.30827765,3.504791878,48.61149867,2.388501331,51.44204571,3.442045711,51.14178473,3.504216272,49.61149867,0.500231957,52.31315372,3.383483598,49.43593105,2.638206131
1954,97.7,48.2584888,0.498053509,50.42859425,3.428594246,50.36965769,3.504791878,48.53273001,2.467269991,51.52958092,3.507674751,51.20635957,3.504216272,49.53273001,0.500231957,52.38919935,3.461560156,49.35548611,2.627409806
1955,97.75,48.22081761,0.498053509,50.51179959,3.490842882,50.43387146,3.504791878,48.45178842,2.548211579,51.61720048,3.507674751,51.27530097,3.504216272,49.45178842,0.500231957,52.46741792,3.482029952,49.27286823,2.61725456
1956,97.8,48.18183796,0.498053509,50.59561491,3.490831353,50.5021522,3.504791878,48.36867391,2.631326095,51.70479992,3.507674751,51.34860787,3.504216272,49.36867391,0.500231957,52.54780941,3.484746112,49.18807743,2.607965961
1957,97.85,48.14134412,0.498053509,50.67945435,3.490843941,50.57453681,3.504791878,48.28338646,2.71661354,51.79238013,3.507674751,51.4262795,3.504216272,49.28338646,0.500231957,52.63037383,3.489635202,49.1011137,2.597262619
1958,97.9,48.10074923,0.498053509,50.76347051,3.491033255,50.65104824,3.504791878,48.19592609,2.804073913,51.87994175,3.507674751,51.50831536,3.504216272,49.19592609,0.500231957,52.71511117,3.496697219,49.01197704,2.586660903
1959,97.95,48.05834285,0.498053509,50.84753043,3.49126633,50.73170239,3.504791878,48.10629278,2.893707215,51.96748517,3.507674751,51.59471516,3.504216272,49.10629278,0.500231957,52.80202145,3.49941338,48.92066746,2.57450359
1960,98,48.01398752,0.498053509,50.93176372,3.491672769,50.81650943,3.504791878,48.01448655,2.985513445,52.05501059,3.507674751,51.68547878,3.504216272,49.01448655,0.500231957,52.89110465,3.499956612,48.82718494,2.562584799
1961,98.05,47.96819328,0.498053509,51.016186,3.492268205,50.90547675,3.504791878,47.9205074,3.079492604,52.142518,3.507674751,51.78060634,3.504216272,48.9205074,0.500231957,52.98236079,3.499956612,48.7315295,2.551257903
1962,98.1,47.92351462,0.498053509,51.10079093,3.493046289,50.99860974,3.504791878,47.82435531,3.175644692,52.23000723,3.507674751,51.88009812,3.504216272,48.82435531,0.500231957,53.07578985,3.499956612,48.63370112,2.541917761
1963,98.15,47.88033641,0.498053509,51.18557402,3.494002535,51.095912,3.504791878,47.72603029,3.273969708,52.31747787,3.507674751,51.98395462,3.504216272,48.72603029,0.500231957,53.17139184,3.499956612,48.53369982,2.533578897
1964,98.2,47.83702308,0.498053509,51.27053258,3.495134246,51.19738528,3.504791878,47.62553235,3.374467653,52.4049293,3.507674751,52.0921766,3.504216272,48.62553235,0.500231957,53.26916676,3.499956612,48.43152559,2.525573581
1965,98.25,47.79392433,0.498053509,51.35566592,3.496440734,51.30302904,3.504791878,47.52286147,3.477138526,52.49236061,3.507674751,52.20476513,3.504216272,48.52286147,0.500231957,53.3691146,3.499956612,48.32717843,2.519414954
1966,98.3,47.74865265,0.498053509,51.44097607,3.497924038,51.41283927,3.504791878,47.41801767,3.503213668,52.57977055,3.507674751,52.3217217,3.504216272,48.41801767,0.500231957,53.47123538,3.499956612,48.22065835,2.513609435
1967,98.35,47.70146832,0.498053509,51.52646982,3.499590937,51.52680494,3.504791878,47.31100094,3.503213668,52.66715737,3.507674751,52.44304834,3.504216272,48.31074074,0.500231957,53.57552908,3.499956612,48.11196533,2.506836669
1968,98.4,47.65234684,0.498053509,51.61214918,3.500043852,51.64485904,3.504791878,47.20181128,3.503213668,52.75451865,3.507674751,52.56874796,3.504216272,48.20105544,0.500233914,53.68199571,3.499956612,48.00109939,2.499636302
1969,98.45,47.59943485,0.498053509,51.69791085,3.500043852,51.76565652,3.504791878,47.0904487,3.503213668,52.8418509,3.507674751,52.69882483,3.504216272,48.09081549,0.500239786,53.79063528,3.499956612,47.88806051,2.491958423
1970,98.5,47.54389766,0.498053509,51.78473017,3.500043852,51.88577465,3.504791878,46.97691318,3.503213668,52.92914881,3.507674751,52.8332857,3.504216272,47.97885629,0.500202108,53.90144777,3.499956612,47.77284871,2.485042885
1971,98.55,47.48412552,0.498053509,51.87621557,3.500043852,52.00568044,3.504791878,46.86120474,3.503213668,53.0164035,3.507674751,52.9721427,3.504216272,47.86678662,0.500053957,54.01443318,3.499956612,47.65546398,2.47960206
1972,98.6,47.42029515,0.498053509,51.97220946,3.500043852,52.12545209,3.504791878,46.74332336,3.503213668,53.10359736,3.507674751,53.11542429,3.504216272,47.7544296,0.50001884,54.12959153,3.499956612,47.53590632,2.475127672
1973,98.65,47.35393977,0.498053509,52.07266497,3.500043852,52.24512069,3.504791878,46.62326906,3.503213668,53.19067274,3.507674751,53.26333826,3.504216272,47.64025229,0.50001884,54.24692281,3.499956612,47.41417574,2.469842892
1974,98.7,47.28604133,0.498053509,52.17756021,3.500043852,52.36470223,3.504791878,46.50104183,3.503213668,53.2786,3.507674751,53.41513139,3.504216272,47.52327308,0.500022439,54.36642701,3.499956612,47.29027222,2.466731042
1975,98.75,47.21378314,0.498053509,52.28687577,3.500043852,52.48420578,3.504791878,46.37664167,3.503213668,53.37064918,3.507674751,53.56703581,3.504216272,47.40630893,0.500041091,54.48810414,3.499956612,47.16419578,2.465203316
1976,98.8,47.13763762,0.498053509,52.40058657,3.500043852,52.6036364,3.504791878,46.25006859,3.503213668,53.46696841,3.507674751,53.71899846,3.504216272,47.28888782,0.500064665,54.61182467,3.499956612,47.03594641,2.463685084
1977,98.85,47.0594775,0.498053509,52.518672,3.500043852,52.72299644,3.504791878,46.12132257,3.503213668,53.56758582,3.507674751,53.87100175,3.504216272,47.16913771,0.500064665,54.73725923,3.499956612,46.90552411,2.462736452
1978,98.9,46.97972584,0.498053509,52.64107554,3.500043852,52.84228599,3.504791878,45.99040363,3.503213668,53.67251346,3.507674751,54.0230369,3.504216272,47.04663668,0.500073122,54.86465577,3.499956612,46.77292888,2.462260992
1979,98.95,46.89559645,0.498053509,52.7678962,3.500043852,52.96150293,3.504791878,45.85731176,3.503213668,53.78175801,3.507674751,54.17509867,3.504216272,46.9241732,0.500119127,54.99422525,3.499956612,46.63816072,2.462448532
1980,99,46.80708035,0.498053509,52.89913733,3.500043852,53.08064247,3.504791878,45.72204695,3.503213668,53.8953237,3.507674751,54.3271836,3.504216272,46.80176634,0.500379702,55.12596765,3.499956612,46.50121963,2.463843089
1981,99.05,46.71433277,0.498053509,53.0347965,3.500043852,53.19969593,3.504791878,45.58460922,3.503213668,54.01321339,3.507674751,54.47928929,3.504216272,46.67929688,0.501051572,55.25988297,3.499956612,46.36210562,2.464877032
1982,99.1,46.61761728,0.498053509,53.17486725,3.500043852,53.31864802,3.504791878,45.44499857,3.503213668,54.13542913,3.507674751,54.63141398,3.504216272,46.55650189,0.501606318,55.39543133,3.499959946,46.22081867,2.465228948
1983,99.15,46.51726309,0.498053509,53.3193164,3.500043852,53.43754978,3.504791878,45.30321498,3.503213668,54.2619724,3.507674751,54.78409624,3.504216272,46.43286048,0.501939904,55.5309931,3.49997669,46.0773588,2.464873114
1984,99.2,46.41641746,0.498053509,53.46802673,3.500043852,53.55648713,3.504791878,45.15925846,3.503213668,54.39284435,3.507674751,54.9389546,3.504216272,46.30538921,0.499995762,55.66656859,3.499996921,45.931726,2.46399057
1985,99.25,46.31581352,0.498053509,53.6214052,3.500043852,53.67578708,3.504791878,45.01312902,3.503213668,54.52804585,3.507674751,55.09598792,3.504216272,46.17413333,0.499995762,55.80215815,3.499996921,45.78392027,2.464428528
1986,99.3,46.21514499,0.498053509,53.77863309,3.500043852,53.79792225,3.504791878,44.86482665,3.503213668,54.66757762,3.507674751,55.25519516,3.504216272,46.03858387,0.499995762,55.93776227,3.499996921,45.63394161,2.466181045
1987,99.35,46.11489119,0.498053509,53.93625056,3.500043852,53.92417621,3.504791878,44.71435135,3.503213668,54.81144025,3.507674751,55.4164187,3.504216272,45.89918346,0.499995762,56.07322497,3.499996921,45.48179003,2.469718542
1988,99.4,46.01676992,0.498053509,54.09403189,3.500043852,54.05464581,3.504791878,44.56170312,3.503213668,54.95963424,3.507674751,55.57934442,3.504216272,45.75762872,0.499995762,56.20823389,3.499996921,45.32746551,2.475428967
1989,99.45,45.92099358,0.498053509,54.25191028,3.500043852,54.18936596,3.504791878,44.40688196,3.503213668,55.11215998,3.507674751,55.74444081,3.504216272,45.61411851,0.499995762,56.34325943,3.499996921,45.17096807,2.483312321
1990,99.5,45.82573071,0.498053509,54.40983681,3.500043852,54.32835433,3.504791878,44.24988787,3.503213668,55.26901778,3.507674751,55.9117067,3.504216272,45.46681231,0.499995762,56.47830258,3.499996921,45.0122977,2.493368603
1991,99.55,45.73205165,0.498053509,54.56782826,3.500043852,54.47162118,3.504791878,44.09072086,3.503213668,55.43020789,3.507674751,56.08114079,3.504216272,45.31677231,0.499995762,56.61336452,3.499996921,44.8514544,2.505597814
1992,99.6,45.63836442,0.498053509,54.72586268,3.500043852,54.61917288,3.504791878,43.92938092,3.503213668,55.5957305,3.507674751,56.25274163,3.504216272,45.16239845,0.499995762,56.7484467,3.499996921,44.68843817,2.519999954
1993,99.65,45.5446661,0.498053509,54.88395589,3.500043852,54.77101334,3.504791878,43.76586804,3.503213668,55.76558574,3.507674751,56.42650748,3.504216272,45.00368899,0.499995762,56.88355094,3.499996921,44.52324901,2.536316212
1994,99.7,45.45095826,0.498053509,55.04210488,3.500043852,54.92714483,3.504791878,43.60018224,3.503213668,55.93977368,3.507674751,56.60243626,3.504216272,44.84064256,0.499995762,57.01867953,3.499996921,44.35588692,2.553434801
1995,99.75,45.35724212,0.498053509,55.20030811,3.500043852,55.08756823,3.504791878,43.43232351,3.503213668,56.11829435,3.507674751,56.78052533,3.504216272,44.67325804,0.499995762,57.15383552,3.499996921,44.18635191,2.570943811
1996,99.8,45.26351869,0.498053509,55.35855464,3.500043852,55.25228322,3.504791878,43.26229186,3.503213668,56.30114772,3.507674751,56.96077123,3.504216272,44.50153451,0.499995762,57.28902301,3.499996921,44.01464397,2.59059355
1997,99.85,45.16924706,0.498053509,55.51682412,3.500043852,55.42128819,3.504791878,43.09008727,3.503213668,56.48833374,3.507674751,57.14316916,3.504216272,44.32601304,0.499995762,57.42424794,3.499996921,43.8407631,2.612231615
1998,99.9,45.0728025,0.498053509,55.67514549,3.500043852,55.59458003,3.504791878,42.91570976,3.503213668,56.67985227,3.507674751,57.32771196,3.504216272,44.14831865,0.499995762,57.55951953,3.499996921,43.6647093,2.635778583
1999,99.95,44.97418501,0.498053509,55.8335121,3.500043852,55.77215359,3.504791878,42.73915931,3.503213668,56.87570312,3.507674751,57.5143878,3.504216272,43.96845133,0.499995762,57.69485422,3.499996921,43.48648257,2.661498479
2000,100,44.87395355,0.498053509,55.9919465,3.500043852,55.95400059,3.504791878,42.56043594,3.503213668,57.07588607,3.507674751,57.70317302,3.504216272,43.78641108,0.499995762,57.82975371,3.499499666,43.30608291,2.689391304
